agriculture,industry,services,gdp_log,year,country,unemployment_rate,target
68.8359331013047,5.75247299654093,25.4115939021543,22.004375253776626,2000,Zambia,12.93,12.93
3.08513112925641,26.0844929291001,70.8302268294574,23.884005547073393,2019,Trinidad and Tobago,3.523,3.523
3.90802989423864,30.5695053215273,65.522464784234,23.6767253363217,2009,Trinidad and Tobago,5.28,5.28
21.9539125538066,23.6530643033004,54.3930084437974,24.394734117056725,2001,Ukraine,11.061,11.061
22.3328453228818,31.9576238246758,45.7095308524424,23.472661051296527,1994,Tunisia,16.009,16.009
9.10265148114476,28.6749801793281,62.2223051156933,25.225288724265333,1998,Ireland,7.699,7.699
27.9124845388,23.2414785976438,48.8460368635562,20.39132627007676,1998,Guyana,11.731,11.731
3.5282567152952,21.1175865767586,75.3541345055039,27.31155636186548,2014,Switzerland,4.826,4.826
30.9424423390745,26.3836408162527,42.6739168446729,22.964627988260123,1991,Guatemala,2.684,2.684
29.3877912712962,22.7159369538231,47.8962717748808,22.642112388363813,2016,Kyrgyz Republic,3.474,3.474
1.1081716354687,17.4908581172588,81.4009702472725,26.29765756404753,2012,Israel,6.762,6.762
51.3367688271214,15.7039073877954,32.9593195617385,24.91372389992114,2017,Myanmar,1.356,1.356
18.756099512039,22.7361811055116,58.5077193824494,22.177181508157208,2015,Guyana,13.004,13.004
7.38517130074417,24.7585278259817,67.856317749114,25.835034835793277,1997,Saudi Arabia,5.327,5.327
4.88493780666655,22.3806195795839,72.7344426137495,23.935211907068123,2007,Lebanon,8.98,8.98
1.04432525172921,18.1237417210674,80.8319300304539,28.67883373043186,2019,United Kingdom,3.613,3.613
30.3601452498046,18.9906779331695,50.6490904616129,23.137513106889656,2016,Mongolia,7.235,7.235
11.9289342914264,15.3630306710936,72.70803503748,25.986459728023195,2016,Greece,23.514,23.514
34.2823897979263,21.3958873380743,44.3217228639994,27.51540233655541,2014,Indonesia,4.049,4.049
6.32111858245707,23.3565871478187,70.3222942697243,23.349766267426034,2004,Iceland,4.031,4.031
1.23235157412659,13.3601408889135,85.4075075369599,24.8454894958185,2011,Luxembourg,5.122,5.122
38.3274911650646,14.7733023662574,46.8992064686781,21.50839226299096,2002,Somalia,19.077,19.077
20.5962901586653,29.1478950160401,50.2558148252946,23.848814873882247,1995,Croatia,10.108,10.108
27.7079817918728,22.3225547165968,49.9694634915304,24.240443850889452,2009,Uzbekistan,5.04,5.04
9.22760370155628,26.7122432124567,64.0600909418013,24.655193438406926,2015,Croatia,16.175,16.175
15.7782497988684,16.6897651433734,67.5319850577583,23.558356428877687,2018,Botswana,19.681,19.681
26.5897773807523,17.6075285460319,55.8025171806869,23.017708581720054,2005,Botswana,19.847,19.847
50.3905480499384,14.7484829537497,34.8609689963119,23.621226966420874,2002,Sudan,15.514,15.514
5.43007533996284,12.9135339807335,81.6556131771072,21.904686237108677,1994,"Bahamas, The",13.83,13.83
15.5785577979529,20.525067946568,63.8952177181519,20.19434371246071,1999,Maldives,1.71,1.71
14.3746498551347,23.1770393713856,62.448312829678,27.914270596775456,2013,Mexico,4.921,4.921
11.6123885531817,19.5348657620055,68.8527456848128,25.572064114034237,2003,Argentina,15.36,15.36
45.5386550134367,14.5375367192127,39.9238082673506,24.244150722439606,2016,Cameroon,3.528,3.528
1.38289229174941,19.3375057902285,79.2795701689969,26.31460722563991,2011,Israel,7.139,7.139
66.9155360462951,10.4432673365942,22.6411869751839,22.388928105347293,1995,Myanmar,0.759,0.759
36.5295630622963,29.0768385068627,34.3936765139933,21.632422558459684,1995,Turkmenistan,8.3,8.3
92.2149381086657,2.19556032453876,5.58950156679557,20.610959858648574,1998,Burundi,3.159,3.159
18.7128478038512,27.2358024874368,54.051349708712,23.657611840889015,2003,Lithuania,12.874,12.874
48.8420503026264,15.9330580726716,35.2242046180587,20.635154701588707,2008,Comoros,4.398,4.398
14.7513386946901,33.104190100795,52.1444426045108,24.547102099485983,2015,Tunisia,15.159,15.159
54.9164361865589,14.2888211237974,30.7947426896438,23.30238334144298,2015,Equatorial Guinea,7.95,7.95
38.4559341630888,21.4755690124019,40.0685033657088,24.457500670734635,1992,"Egypt, Arab Rep.",8.92,8.92
6.80654374385099,9.43997899722349,83.7533446656395,23.49861407727268,1998,Oman,4.259,4.259
60.8585436593469,10.2497288019419,28.8917275387112,20.363883264147507,1997,Guinea-Bissau,2.986,2.986
33.7558002060594,25.008821438186,41.2353489018709,23.28692461672046,1994,Guatemala,2.581,2.581
16.9791348355792,32.2534354936169,50.7674335739645,26.532966110969596,2019,"Iran, Islamic Rep.",10.74,10.74
5.43949749649251,26.6125533504903,67.9479491530172,25.659037544716075,1991,Denmark,9.099,9.099
49.9728461539232,16.9849311184078,33.042222727669,22.857244251083763,2013,Tajikistan,11.417,11.417
25.1675396992165,24.4952420976796,50.3372557259929,22.947795756764766,2021,Kyrgyz Republic,4.096,4.096
31.7108852816805,12.6677806574819,55.6215045696358,23.15963087860888,2010,Namibia,22.12,22.12
37.7241175869052,26.7047184315417,35.5711639815531,26.460181554145976,2018,Viet Nam,1.161,1.161
5.9061462083282,27.6018951859549,66.4920076580503,26.0792717057481,2005,Ireland,4.237,4.237
1.59083479912208,22.7534517379325,75.6564917578569,22.77649614482915,1997,Brunei Darussalam,5.186,5.186
92.2410432226677,2.29396202668229,5.46495537067972,20.7236941400968,1995,Burundi,3.077,3.077
16.4359022430382,19.6319623564104,63.9321354005513,26.666697202412823,2014,Colombia,8.799,8.799
17.1838434366698,27.5060755599561,55.3100878233325,27.432405802692443,2021,Turkiye,11.969,11.969
57.6161434673014,18.5562506849675,23.8276058477312,21.143291889122455,1994,Tajikistan,3.15,3.15
24.1114419275204,19.0285259894596,56.8600320830199,24.154240428525604,2010,"Yemen, Rep.",12.779,12.779
3.31552132294919,35.8191237520156,60.8653549250352,25.31974111001292,2013,Slovak Republic,14.226,14.226
29.6689532800241,14.0380277524891,56.2930189674868,22.212221975100036,2020,Fiji,4.649,4.649
31.6601675931303,29.5085594181255,38.8312729887442,19.38318234096987,2005,Tonga,2.571,2.571
33.6469349824833,15.4435105840557,50.9095544334611,20.03406938366386,1996,Cabo Verde,12.934,12.934
21.6991812558452,22.7213808719051,55.5794378722497,19.31430354017948,1991,Maldives,0.799,0.799
6.713126401826,21.5460560777765,71.7408175203975,26.901955147892686,2014,"Venezuela, RB",6.821,6.821
3.20909653827182,26.7684589769693,70.0225944145168,23.894956361434527,2017,Trinidad and Tobago,3.394,3.394
20.9944751381215,21.2202507437314,57.7826179345516,19.57127621560361,1995,St. Vincent and the Grenadines,19.994,19.994
52.9737098312747,10.3036332811407,36.7226568875846,19.90636785121376,1999,Liberia,2.19,2.19
33.6546924275927,20.3825922147595,45.9627153576477,23.210671324444025,2004,Uzbekistan,8.162,8.162
6.86755095241103,23.3072301356916,69.8251100275913,24.103956375537134,2017,Latvia,8.715,8.715
13.3590751537205,25.9247134756106,60.7161449687247,24.223472840766465,2004,Libya,18.911,18.911
1.42817054419814,29.6575696792142,68.9142597765876,26.751975090321107,2021,United Arab Emirates,3.105,3.105
67.5010701380063,8.8868739692663,23.612138849162,20.999361919316616,2007,Eritrea,5.575,5.575
1.39399470572749,27.6900882247481,70.9159097313842,28.861704529745506,2015,Germany,4.612,4.612
55.4324881488702,20.6636777945494,23.9038340565803,21.36961202459082,1992,Tajikistan,1.85,1.85
29.500474193701,29.9004565977788,40.5990730691435,29.998881942776308,2014,China,4.63,4.63
11.7394628247528,36.5617489662396,51.6987882090075,22.26565666965019,2001,Mauritius,9.14,9.14
73.5005731955443,7.14011508323132,19.3593117212243,23.108623159343363,2014,Niger,0.524,0.524
9.16703230096301,28.9184311348535,61.9144460979659,24.716669212924558,1992,United Arab Emirates,1.713,1.713
6.50802185845983,24.8007738505148,68.6911960293937,27.765265465345845,2010,"Korea, Rep.",3.324,3.324
73.1974484051141,7.3927833630028,19.4097682318831,21.773198172389865,1992,Uganda,3.556,3.556
1.07644266456502,31.2034919951247,67.7200653403103,25.198470160980325,1995,Singapore,3.3,3.3
35.0832998935412,20.519356892669,44.397317896597,22.894996152271084,2004,Bolivia,2.622,2.622
14.6731676268786,18.7167810215317,66.6100513515897,24.74446258823808,2015,Panama,4.335,4.335
17.3544978616605,16.9946465629209,65.6507756972169,23.272777513551056,2002,Panama,6.362,6.362
43.5952138707079,20.8162166469728,35.5885694823193,24.853491500600466,1998,Pakistan,0.645,0.645
1.84873241809147,18.9674050366378,79.1838625452708,22.168772057933776,2008,Virgin Islands (U.S.),10.22,10.22
17.8539546509552,24.0648221684551,58.0813001372907,23.172423908014977,1995,Costa Rica,5.18,5.18
24.9846486434234,16.9817310618086,58.033620294768,22.807985636705975,1992,Panama,6.303,6.303
23.2390024103744,38.5383037019904,38.2226938876352,23.552931135001778,1992,Belarus,3.1,3.1
7.66925146245025,26.0849340196866,66.2462533626482,22.113562322892356,2019,Suriname,7.556,7.556
12.2999374494355,23.1153610684607,64.5847014821039,25.75920180699732,2006,Chile,9.024,9.024
55.3202787713785,7.23808080953498,37.4416404190865,25.023135045017057,2017,Angola,16.61,16.61
27.3663246616996,17.9134733360599,54.7202020022405,20.464883634834326,1994,Belize,11.1,11.1
45.4755748015914,19.5097446284564,35.0146805699522,24.955234668052213,2005,Morocco,11.01,11.01
81.1103113253326,6.23510868985403,12.6545670688399,22.400680415395044,2002,Madagascar,5.502,5.502
67.5472002137961,8.89307441992077,23.5598236181852,20.4387410280793,2001,Eritrea,5.678,5.678
3.37515374931101,20.1492375210769,76.4756539832724,24.451568770109393,2017,Jordan,18.12,18.12
11.5702343628125,42.3849386617122,46.0448269754752,23.520593943282115,1994,Slovenia,8.24,8.24
1.35841393683536,16.1272911879442,82.5142948752204,23.21879652193304,2017,Brunei Darussalam,9.316,9.316
73.4839903292266,6.02569614352548,20.490313527248,21.362386195910606,2014,Central African Republic,5.326,5.326
7.50175925563939,18.0294382110325,74.4692912154502,22.237441964699535,2008,Montenegro,17.15,17.15
71.4382770982006,8.31545268923535,20.246270212564,22.68782542982848,2010,Lao PDR,0.708,0.708
77.5581863447905,4.84787902585821,17.5939346293513,21.97794004088793,1996,Cambodia,0.963,0.963
47.807343468754,13.5124047355618,38.6802517956843,22.47277636411092,1993,Kenya,2.985,2.985
56.6797049532425,9.99819711067389,33.3220979360837,20.771496013984816,2012,Guinea-Bissau,3.143,3.143
25.1092303379632,23.681037429007,51.2096938324892,22.83595700885554,2020,Kyrgyz Republic,4.63,4.63
3.82953265400408,21.6688468879072,74.5016204580887,26.158669697604207,2003,Norway,4.221,4.221
2.55062392499542,24.2258591982676,73.2234383017108,25.465010659614396,2007,Kuwait,1.5,1.5
68.8986756325867,4.49716657984878,26.6041577875645,19.42414394359043,1997,Vanuatu,8.24,8.24
5.65867316471134,26.5716596248985,67.7696686152877,28.460276668930817,2022,Russian Federation,3.867,3.867
0.893745505177365,27.8892073502979,71.2170471445248,25.288411001650243,2000,Singapore,3.7,3.7
48.7451620079276,11.3197526217771,39.9350829504372,25.021337873357048,2001,Nigeria,3.91,3.91
37.9646159327065,18.2131890217409,43.8222276401723,23.50340820283187,2010,Senegal,2.803,2.803
58.6748421701981,9.88629254185826,31.4388652879437,20.674776549798104,2008,Guinea-Bissau,3.164,3.164
78.2340163009587,4.11709610965658,17.6488875893847,22.210051401754086,2004,Chad,0.685,0.685
17.2093819278716,25.5893731264321,57.2012449456963,27.42112211258483,2002,Mexico,3.003,3.003
7.97820924376768,22.7239638650548,69.2978268911775,22.03088300603938,2014,Maldives,7.477,7.477
23.3200434530584,22.9345082171391,53.7454483298025,24.068408261653722,1999,Cuba,6.26,6.26
35.2540336676465,16.9613310597196,47.784635272634,24.151873854386277,2003,Kazakhstan,8.78,8.78
2.11200086047843,22.1061931059389,75.7818119695542,27.908095734935312,2006,Canada,6.484,6.484
1.29348563083503,15.1932404944453,83.5132738747197,22.26485308268638,2022,Virgin Islands (U.S.),13.007,13.007
52.0792178240104,15.3968513883366,32.523930787653,23.079025396283583,2016,Armenia,17.617,17.617
16.5826153528332,20.9160175474839,62.5025822994009,20.107258197555463,1998,Maldives,1.47,1.47
59.8273530087206,11.1688898545932,29.0037571366861,23.898325624369313,2007,Cameroon,3.063,3.063
56.0221177193695,13.6692903313368,30.3085919492937,21.336006421231524,1999,Armenia,11.2,11.2
26.6635848970461,20.6112502527377,52.7250833219194,23.301821797263063,2018,Mongolia,5.377,5.377
11.8529887336672,15.4036253489554,72.7433859173774,26.085960181094222,2018,Greece,19.179,19.179
50.0149231457991,10.9741476963259,39.0109291578749,22.945577287211567,2007,Haiti,16.8,16.8
3.64324917672887,12.6706915477497,83.6860592755214,23.095414305419055,2012,"Bahamas, The",14.02,14.02
3.46928096595357,24.2500024637203,72.2807097266584,27.513239480272308,2019,Saudi Arabia,5.636,5.636
10.9127961431284,28.5496356343897,60.5374999060649,25.140377828164645,1997,Ireland,10.191,10.191
52.2796668182118,10.5681608326726,37.1521723491155,20.614566421137898,2004,Liberia,2.589,2.589
21.7796340911024,23.6102503285156,54.6101204519704,24.506458692724618,2002,Ukraine,10.136,10.136
3.64349357491456,17.050355954211,79.3061504708744,23.769998320318766,2016,Cyprus,13.006,13.006
63.4089826496746,14.5670397549366,22.0239775953888,26.32207787496602,1991,India,7.722,7.722
26.0738119645477,28.4045252287532,45.5216746975474,25.270482178210603,2017,Sri Lanka,4.046,4.046
33.0438540312869,22.038455951212,44.9176900175011,27.481191027026426,2015,Indonesia,4.514,4.514
2.19168544276048,18.9097635451721,78.8985864275226,26.596209693341322,2018,Denmark,5.131,5.131
5.34699826834016,24.6038828564019,70.049122477854,28.22899576599464,2021,"Korea, Rep.",3.639,3.639
4.29791774334708,19.7507540799384,75.9513339776641,27.94011255591211,2013,Spain,26.094,26.094
28.824982182145,26.6918285767407,44.4831892411143,23.609288855900893,1995,Serbia,13.4,13.4
6.65091510618228,37.2577207536511,56.0913641401666,24.09797296308993,2000,Slovak Republic,18.546,18.546
38.5491280111224,12.625504719436,48.8253931740768,24.221269836742596,2007,Azerbaijan,6.33,6.33
55.9482628834734,6.72562324237465,37.3261138741519,22.638474182934512,2015,Sierra Leone,4.606,4.606
53.7008593182656,11.1950302897624,35.1041496248746,21.537359839825637,1992,Haiti,7.428,7.428
21.6564793301764,20.2067836633096,58.136759195507,24.23750912587215,2002,Cuba,3.31,3.31
8.63017195368157,19.2339823173137,72.1358457290047,21.5373796387437,2005,Montenegro,30.31,30.31
48.9999556359089,13.0506349782044,37.949455122063,21.22159191637766,1998,Kyrgyz Republic,1.632,1.632
12.8538823242698,22.4731209744117,64.6729678943892,24.506670128689347,2007,Dominican Republic,5.158,5.158
38.6722454305054,22.8619028114398,38.4658517580549,23.631172524989186,1999,Guatemala,2.567,2.567
13.9713704639798,31.8898758799157,54.1387536561045,27.00667591255912,2008,Poland,7.069,7.069
3.85756769447488,32.0081389888872,64.1346063546721,22.927062149231165,1996,Qatar,0.87,0.87
14.6397876950795,20.7630316753098,64.5971806296107,20.125247340058063,2004,St. Vincent and the Grenadines,19.523,19.523
7.56235346656247,25.9805738528525,66.457072680585,22.108609463154693,2018,Suriname,7.693,7.693
15.5551658482814,20.5832247720212,63.8616093796974,20.00534193860565,2002,St. Vincent and the Grenadines,20.617,20.617
21.2768964278071,24.1501556550635,54.5729479171293,21.727923278942935,2007,Guyana,10.846,10.846
2.12846428894138,22.1870683757374,75.6843382514296,24.173011236312167,1996,Kuwait,0.7,0.7
56.8012259455151,8.93895698424733,34.2595880071743,20.87216417678232,2012,Timor-Leste,3.468,3.468
10.1401169625655,29.2612663897318,60.5986166477027,27.361854533593466,2005,Russian Federation,7.124,7.124
22.0269452504066,16.5059244971066,61.4671302524868,23.24116278822147,2021,Namibia,20.922,20.922
33.8437935843794,21.8597330145447,44.2960749153218,19.93383104272392,1993,Guyana,11.71,11.71
28.5346198214098,18.8133621513935,52.6520180271966,24.819192114280707,2009,Ecuador,4.608,4.608
37.0980386421407,25.4280538063611,37.4739075514981,26.576951834861614,2021,Pakistan,6.338,6.338
44.695249557484,20.1158213559597,35.1889219039479,26.032541682356257,2008,Pakistan,0.423,0.423
58.7132560493868,9.37891785867474,31.9078188397922,24.33782041420883,2016,"Congo, Dem. Rep.",4.521,4.521
15.7899044059111,29.9799194968617,54.2301694867973,26.56940870330601,2006,Poland,13.794,13.794
21.4174702282134,17.6303446583316,60.9521966463139,26.546236745621112,2020,South Africa,29.217,29.217
43.6868717298504,21.0381782907574,35.2749499793922,25.924325376772643,1996,Turkiye,6.629,6.629
51.6900020955216,16.7657138877447,31.5442922587065,24.811043725829222,2015,Myanmar,0.766,0.766
8.70535040950901,23.3259163014368,67.9687332890542,24.686424481531535,2000,New Zealand,6.13,6.13
48.3468339448455,10.8779737247011,40.7751923304533,21.85303312193071,1996,Georgia,11.5,11.5
10.743090600802,21.7387585471268,67.5181508520712,21.32296219610071,2020,Cabo Verde,14.69,14.69
89.1584195081733,2.76291531717949,8.07869388205047,21.200639650812754,2008,Burundi,1.634,1.634
79.0512850677304,8.4956505752465,12.4530898205484,21.384952368650705,1994,Niger,1.502,1.502
1.76833535602151,19.4270487784832,78.8046158654953,30.60716794060147,2017,United States,4.355,4.355
58.2450989054275,17.9975736389415,23.757327455631,25.582219445921403,1993,Thailand,1.49,1.49
40.0332751861737,21.5626663069176,38.4040585069086,23.63590017047793,2001,Guatemala,2.745,2.745
9.13272129180497,33.7759391926716,57.0913133397673,24.418530694941747,1993,Hungary,12.098,12.098
17.2194776767679,33.0499087743015,49.7306135489305,23.603892752472017,2003,Belarus,10.215,10.215
34.836615954686,15.4309149768851,49.7325260930334,21.711991458197566,2010,Somalia,19.031,19.031
37.6533344841175,14.2869777546146,48.0596877612679,24.967178373066652,2012,Azerbaijan,5.19,5.19
36.2592246128261,14.0023559574542,49.7401517513772,19.9826114366266,2005,Samoa,5.212,5.212
34.7226748940748,24.559967253377,40.7173578525482,23.408075007744998,1995,Guatemala,2.577,2.577
28.2455143549954,20.8526994594561,50.9014757065725,21.815324646980205,2005,Fiji,3.886,3.886
8.18410517728018,22.8726029424412,68.9432918802787,23.74444449330465,1996,Uruguay,11.93,11.93
1.23335915273746,33.3783363134234,65.3881235567074,23.801959631260768,2007,Bahrain,1.006,1.006
3.54449838954833,40.5001490281018,55.9553525823499,25.774635175375987,2006,Czechia,7.141,7.141
51.668774790173,20.1802542701357,28.1509641650318,24.918536067683632,2006,Viet Nam,2.046,2.046
31.392216254595,14.4432165637919,54.1645671816131,23.2117749299805,2013,Namibia,19.028,19.028
3.34911838598909,28.7280811465104,67.9228004675006,25.231265255435552,1994,Israel,9.934,9.934
3.75416457546633,40.4806647878036,55.7651706367301,25.645173267893924,2005,Czechia,7.927,7.927
22.8596428916756,34.9837299448474,42.156627163477,22.023977710830213,1997,Bosnia and Herzegovina,22.378,22.378
46.6413801336465,18.5563197157415,34.802300150612,25.58003082988286,2011,Bangladesh,3.736,3.736
18.6871998440518,19.6104839710078,61.7023161849404,19.590070942691153,2017,Sao Tome and Principe,8.808,8.808
7.51499309240674,25.5437278625715,66.9412604587356,25.62983533145215,1994,Saudi Arabia,6.889,6.889
38.9913960467312,10.4503286080667,50.5582753452021,21.10838477172355,2017,Solomon Islands,0.725,0.725
35.3411321747915,22.4552106532117,42.2036571719969,25.43794444716624,2016,Morocco,9.3,9.3
1.36862956960202,19.1579094125233,79.4734610178747,23.320907952719722,2007,Brunei Darussalam,6.091,6.091
2.39725736785384,4.50599526488633,93.0967473672598,20.12766426821615,2000,Djibouti,26.664,26.664
8.53379294560655,28.0339376090374,63.4322694453561,25.37089545081499,2000,United Arab Emirates,2.25,2.25
4.77732151336537,29.8951081731805,65.3275449748159,25.63331478443455,2013,Hungary,10.177,10.177
17.6236699514304,16.0898151267582,66.2865149218114,23.39359073847836,2011,Jamaica,8.034,8.034
7.10455245848222,28.9306720716641,63.9647754698537,25.41778912389513,2001,Ireland,3.684,3.684
3.53509509743732,28.7957618614097,67.669086247915,24.98592817873401,1991,Israel,13.387,13.387
43.6134174554525,18.5519508381551,37.8346317063924,23.092885212010785,2011,Benin,2.647,2.647
72.6492700950796,7.89399072997124,19.4566977242751,22.487334998967004,2009,Lao PDR,0.834,0.834
0.262038688434628,14.1720400603649,85.5645493208945,22.498387665190904,2016,Guam,5.4,5.4
56.3182611295094,5.67396733353659,38.0077715369541,25.371493087625737,2022,Angola,14.602,14.602
12.6385123888334,20.1883292909117,67.1731583202549,20.3953836458596,2010,St. Vincent and the Grenadines,19.966,19.966
43.9935709535845,27.0718442622611,28.9345755777069,24.30548272684783,1999,Romania,6.239,6.239
66.9413267020633,4.49089320518852,28.5691242691041,19.386129330671462,2002,Vanuatu,8.621,8.621
4.08075664024132,22.5748842392936,73.3443339742271,26.615117448558276,2003,Switzerland,4.117,4.117
5.52684899810171,27.324158994563,67.1489920073353,26.681070641736586,2007,Austria,4.909,4.909
70.4346110595987,2.71880158088211,26.8465873595192,20.663207317335782,1996,Sierra Leone,4.216,4.216
66.7846420304422,8.529913466544,24.6857719092037,19.542217908074058,1996,Timor-Leste,3.479,3.479
67.6721589307905,7.28849226668199,25.0393488025275,23.038601594770636,2010,Malawi,4.798,4.798
37.4863136057166,15.181812943007,47.3289921051115,18.45696674910766,1995,Sao Tome and Principe,14.356,14.356
75.2920620374423,5.34397622772067,19.3639516577382,22.98678566339027,2009,Madagascar,3.887,3.887
0.243509787740635,13.4620327655948,86.2931046145105,22.55328401845197,2021,Guam,5.991,5.991
69.2731213898656,7.35399673930072,23.3728818708337,21.725415483710247,1991,Mali,1.405,1.405
56.1339847501813,9.90870690162103,33.9573083481977,20.404351476129303,2009,Timor-Leste,3.291,3.291
63.9271667409912,9.35264042354074,26.7201552662139,23.392324320788095,2015,Lao PDR,2.494,2.494
5.31786577156452,23.4044005090279,71.2775492890209,23.157590031510512,2020,Mauritius,8.626,8.626
53.1230786150841,14.2506577006402,32.6262811414925,23.181244482681517,1997,Sudan,15.305,15.305
24.6004904725461,22.2495423554519,53.149967172002,27.03974120295688,1994,Mexico,4.436,4.436
35.175734244404,21.4965376309352,43.327734226343,24.672545770749583,1994,"Egypt, Arab Rep.",10.93,10.93
92.0697682054543,2.34684848935211,5.58334010185619,20.645337366447343,1994,Burundi,3.095,3.095
45.6759853792773,14.6163175518375,39.7076413071662,21.25313939486139,1998,Moldova,10.0,10.0
17.9460990980078,33.4203909913051,48.6335099106871,24.55637748649203,2010,Tunisia,13.049,13.049
77.7987427932206,6.48310858492473,15.7181585856895,23.347919887313367,1991,Ethiopia,3.264,3.264
31.5296815488284,22.900197559609,45.5701234252226,26.8465408263068,2017,Thailand,0.83,0.83
1.52909243866435,21.4263416595679,77.0445659017677,23.786074052048118,2001,Luxembourg,1.805,1.805
2.13496704724775,19.4699712243572,78.3973823447508,21.95960902159324,2003,Virgin Islands (U.S.),11.254,11.254
10.1831266225746,34.2279147304526,55.5889586469728,22.228003213679933,1995,Estonia,9.659,9.659
9.28793608253955,21.5838220886985,69.1283039521004,24.839659226292564,2013,Uruguay,6.444,6.444
1.25624311534754,18.9652710754023,79.7784953701609,28.750973492506237,2014,United Kingdom,6.363,6.363
19.593491890214,27.5619058818265,52.8445903259577,25.39653026503492,2005,Algeria,15.27,15.27
89.2597888066454,3.34285871083955,7.39735248251509,21.934221952948157,1992,Burkina Faso,2.511,2.511
12.0645943871306,20.9808536775667,66.9545448454638,26.370559085574783,1999,Argentina,14.05,14.05
15.2084715436747,22.2879915676986,62.5035368886268,23.572338664149648,2003,Costa Rica,6.654,6.654
51.0560741481718,22.3778885601175,26.5660428763685,28.1472016880234,2010,India,7.652,7.652
84.567910478782,2.43888579656969,12.9931897287354,21.842218573860187,1995,Mozambique,2.76,2.76
61.693829776684,14.8394614527414,23.4667348680382,23.20244546615477,2012,South Sudan,12.896,12.896
13.7923891948361,39.2074441977855,47.0001666073785,22.00587906978495,1994,Mauritius,9.524,9.524
0.775738600406355,10.3640542250941,88.8602071744995,25.02287211386537,2020,Luxembourg,6.766,6.766
53.1009177239171,13.8901363623673,33.0089459137156,23.353636159966634,2021,Armenia,15.469,15.469
6.77905526459039,31.4547252625293,61.7662194728803,24.77819874659231,2011,Bulgaria,11.26,11.26
62.6416037421501,8.45562135746309,28.9027749003868,24.101066138733703,2012,"Congo, Dem. Rep.",4.485,4.485
42.9684218795795,15.4835824593527,41.5479956610678,21.44166528211445,2003,Mauritania,9.921,9.921
85.4136945955063,4.16266715393528,10.4236382505584,21.811278847401745,2000,Burkina Faso,2.679,2.679
23.5132202431056,32.1132930527649,44.3734999954145,25.431025420185463,1994,Poland,14.825,14.825
2.1072997716391,22.4208042568487,75.4719059369522,29.990168850881364,2001,United States,4.731,4.731
70.4619093619478,6.81133933164259,22.7267434386051,24.207958337030842,2014,Uganda,2.348,2.348
78.6706460200346,8.50197473062215,12.8273792493433,22.17672895583693,1999,Madagascar,5.823,5.823
36.4168555932713,20.1506663577038,43.4324780490249,23.469581911836414,2019,Albania,11.466,11.466
29.5859980014212,18.5147298745226,51.8992721240562,22.666940312159138,1991,Paraguay,5.1,5.1
53.0617570040041,15.6343287059328,31.3039142900632,22.577131507167433,2006,Armenia,10.465,10.465
39.0564987058819,16.5628059149572,44.380695379161,22.37316161901774,2008,Mauritania,9.735,9.735
32.2569149599298,19.4980817587132,48.245003281357,24.627134273834812,2012,Guatemala,2.765,2.765
38.2497955358821,12.6510607063483,49.0991420808033,26.726286171148878,2016,Nigeria,4.499,4.499
4.19778907991846,22.9748631148803,72.8273531196319,27.987288331999938,2010,Spain,19.86,19.86
22.6906491203341,24.7802972120285,52.5290536676375,24.59837134009176,1998,Algeria,26.853,26.853
20.2498698923397,19.1127573746454,60.6373727330149,24.476148577602622,2005,Cuba,1.95,1.95
2.12237163463669,21.3243069004555,76.5533214649078,26.966687855108095,2008,Sweden,6.235,6.235
67.4327457926109,6.71866330929111,25.8489465522883,20.29545608326065,2003,Bhutan,1.8,1.8
66.667256288439,5.79539240065979,27.5374004460489,22.013312922721738,2007,Sierra Leone,4.007,4.007
1.21505476559999,34.8388639227811,63.946013774808,24.540234259446997,1991,Singapore,2.18,2.18
4.25860508370897,24.3944219600337,71.3469729562574,26.477344058447073,2008,United Arab Emirates,2.821,2.821
58.4513301062187,5.64313634128032,35.90531783628,20.684421731387964,2004,"Gambia, The",9.991,9.991
0.503075093487674,17.3045483464829,82.1921081101396,24.531500616464722,2016,"Macao SAR, China",1.939,1.939
9.06899794965241,25.0726747395117,65.8584009055089,24.44994564064307,2015,Lithuania,9.12,9.12
6.19401426347489,27.6662065227617,66.1398383835754,24.841775753997283,2019,Croatia,6.617,6.617
73.1414422233638,7.09965317375533,19.7589179598186,22.993727237705638,2015,Niger,0.553,0.553
7.01429670730226,26.2556397067758,66.730063585922,23.43145849271311,1993,Uruguay,8.35,8.35
73.2785170614109,5.22554166503767,21.4959412735514,22.204001522150584,1991,Guinea,4.573,4.573
66.8626553753769,5.73708887816314,27.40025574646,22.64802051394667,2010,Guinea,5.097,5.097
0.15974001096039,15.9709581531597,83.8692728554715,26.655839115292483,2018,Singapore,3.613,3.613
0.682693965890529,23.6012699741924,75.7160360599171,25.989149488881782,2008,Singapore,3.96,3.96
58.3205592837888,5.70116461689353,35.9782760993176,20.75059017235041,2005,"Gambia, The",9.963,9.963
30.8555453685152,17.8347976521021,51.3096569793827,24.022227352548743,2012,Bolivia,2.066,2.066
3.86565533570231,25.7360437065363,70.3983009577614,26.258816462049555,2009,United Arab Emirates,2.944,2.944
9.50613365430592,26.3866675460436,64.1069926956751,22.47033673567544,1997,Trinidad and Tobago,15.01,15.01
45.2875356025111,16.046319883078,38.6661445144109,24.67034985719171,1991,Philippines,3.729,3.729
0.237277651621436,13.9731476488155,85.789574699563,26.398168598258966,2014,"Hong Kong SAR, China",3.296,3.296
5.25258045568296,37.4727474218798,57.2747305103925,25.19386228901866,2012,Oman,3.765,3.765
20.1384592723523,16.2645455884519,63.5984681101782,20.54047841962091,2022,Samoa,5.048,5.048
62.127292467437,6.52341246872084,31.3492950638421,23.05780184667071,2017,Guinea,4.826,4.826
35.7634507284616,28.5103820121601,35.7261672593782,19.18610883327854,1997,Tonga,2.857,2.857
26.4099111395407,25.1646016761666,48.4254362555563,22.761805172686017,1994,El Salvador,7.68,7.68
26.8859175817686,23.6723265189631,49.4417558992683,24.919614268877933,2020,Uzbekistan,5.293,5.293
76.5800382135306,7.14445574681825,16.2755938061431,20.5621275513114,1994,Central African Republic,5.551,5.551
41.1133283161152,19.9372594332571,38.9494122506278,23.31481677295584,1995,Uzbekistan,7.8,7.8
72.9079168576176,6.05734971804089,21.0347334243415,21.251435606767334,2015,Central African Republic,5.477,5.477
41.5042246241389,21.9487206483739,36.5470499417334,26.34345650218596,1998,Turkiye,6.888,6.888
27.5299551523065,22.7782014013762,49.6918434463173,25.115804350350846,2014,Uzbekistan,5.09,5.09
26.9786903385757,17.4351544401772,55.586167610333,25.969252404172202,2015,Peru,3.272,3.272
60.0773839990569,15.5967420809178,24.3258739200253,20.573072799120087,2000,Tajikistan,4.15,4.15
39.2180858914832,21.3845018177686,39.3974122907482,25.395509381581405,2012,Morocco,8.99,8.99
78.6441721153025,4.45649777700754,16.8993088695849,21.959087739341214,1995,Cambodia,0.974,0.974
25.4540996367203,18.3588253129398,56.18707505034,24.02871877942225,2010,Paraguay,4.569,4.569
32.7041268070733,21.9300235691509,45.3658496237759,22.61111440759544,2012,Kyrgyz Republic,3.114,3.114
16.4614974118149,35.9129089065585,47.6255936816266,21.76823118673545,1994,West Bank and Gaza,10.761,10.761
47.5375261105271,13.4913592678176,38.9711146216553,22.69011921816896,1994,Kenya,2.962,2.962
54.4303152185272,14.9460532050743,30.623886463216,23.811979867302682,2013,Equatorial Guinea,7.86,7.86
3.10579798550876,19.3035573475369,77.5906446669543,22.431161778776293,2017,Barbados,8.622,8.622
7.03106041893429,27.6242023175204,65.3447372635453,25.579941818487754,2002,Ireland,4.216,4.216
33.6992903863475,14.6284365225069,51.6722730911455,22.944915930502713,2021,Mauritania,11.144,11.144
7.14651030448845,21.6023281444717,71.2504412093097,20.542078866823307,2001,Suriname,12.148,12.148
35.995972573273,20.1125324836984,43.8914949430286,23.155840143755576,2015,Benin,1.82,1.82
4.42714713809156,19.1343598635481,76.4394353455587,19.818409485169497,1992,Suriname,17.28,17.28
2.03610415732512,18.2878863289915,79.6760095136834,26.94126470744132,2015,Sweden,7.432,7.432
40.0000105658153,18.8287054182029,41.1713368450581,21.564506864682702,1992,Moldova,3.7,3.7
14.2416010586528,20.9501259999493,64.8082616348697,25.912549158078004,2018,Kazakhstan,4.85,4.85
11.6873343617753,29.1302490146455,59.1824166235792,26.325220389218313,1998,Russian Federation,13.261,13.261
33.2090923507822,16.2799867866083,50.5109138237262,25.207885082116388,2006,Peru,4.17,4.17
29.9579870050016,23.7559536889385,46.2860673699744,25.965790356261987,2009,"Egypt, Arab Rep.",9.087,9.087
16.754004887632,22.9083685018147,60.3376036358799,25.55764248739651,2000,Greece,11.345,11.345
5.78619080904901,16.9822356845006,77.2315735064504,26.149408635989456,2012,Ireland,15.451,15.451
11.461011387763,27.3691372321946,61.1698513800425,23.740511149125645,2006,Latvia,7.03,7.03
2.60039051266139,36.8762014318798,60.5234080554589,23.600208387041413,2000,Qatar,0.87,0.87
43.7645894905257,18.5281726230127,37.7072390432216,26.149843073295287,1996,Indonesia,4.861,4.861
17.6563407290239,17.1457906860188,65.1978685849573,23.436810063881758,2016,Botswana,19.329,19.329
26.4979386194074,17.7335871639851,55.76843310821,22.972871730054703,2021,Somalia,19.662,19.662
45.4865012980877,15.9698690109134,38.5436296909989,24.824624546475324,1992,Philippines,3.844,3.844
0.268028002430166,16.3659340587012,83.3660379388687,25.988726500071387,2006,"Hong Kong SAR, China",4.77,4.77
3.1600941425061,11.7371556322782,85.1022785693735,23.309299051935493,2019,"Bahamas, The",9.336,9.336
4.29378370100221,31.4308813368569,64.2756911154008,22.75746861124312,1992,Qatar,0.87,0.87
11.7697357311153,35.7836284342783,52.4466358346064,24.274815475083876,1991,Hungary,8.5,8.5
9.48580888549064,23.4438107177873,67.0703803967221,25.062985387571477,2018,Libya,18.836,18.836
6.63807679233244,42.2539612198661,51.1079619878015,24.82710487221067,1995,Czechia,4.082,4.082
29.8684596159255,19.7526099728684,50.3789200494938,25.108891755662395,2003,"Egypt, Arab Rep.",10.91,10.91
26.9120931449484,27.1241232716165,45.9637959423841,25.20690884979551,2021,Sri Lanka,4.981,4.981
32.1783074401245,16.8341639479009,50.9875407209412,25.397766861313542,2021,Ecuador,4.552,4.552
55.1641528611982,6.27351336755495,38.5623250269674,24.60486182415669,2020,Angola,16.69,16.69
84.5905863503395,2.60216702942606,12.8072383503292,22.697036837079732,1991,Tanzania,3.6,3.6
19.3883052759586,23.1924604046709,57.4192343193706,25.628352552626673,1995,Greece,10.116,10.116
9.18117498835543,23.7132081916333,67.1056168200112,26.21406280814728,2015,Chile,6.313,6.313
12.9081022640435,30.6736186003325,56.4182791356241,26.9920752291708,2011,Poland,9.576,9.576
18.1613553922205,25.1408981118354,56.697313629241,21.15665560368041,2001,Eswatini,25.178,25.178
12.0399548304482,25.6398801138964,62.3201804929594,25.603142531848107,2008,Iraq,8.467,8.467
25.6972556908686,17.45366511448,56.8490791946513,26.228863883333883,2022,Peru,3.85,3.85
16.5551705800564,27.2267453472782,56.2180840726654,24.63398686160297,1993,Chile,4.49,4.49
18.8995520182633,16.8872892023111,64.2131587794257,25.113460274131683,2014,Cuba,2.7,2.7
22.4868274529231,27.9957861775214,49.5173863695555,24.598912295310726,1995,Ukraine,5.62,5.62
14.3926583129316,23.6262232713467,61.9810852062375,23.965929423729563,2001,Dominican Republic,7.262,7.262
6.92936552913749,20.3849502243634,72.6856842464991,25.850112021666146,2011,New Zealand,6.491,6.491
4.06000825962964,20.6247638536737,75.3153255182527,22.917799536429285,2001,Jordan,14.7,14.7
19.5852018430568,21.2207852563536,59.1940201147968,24.920078254648658,1993,Colombia,7.8,7.8
3.91311804319871,21.6459177946415,74.4409747878944,26.87117645557759,2003,Australia,5.933,5.933
61.9735138070769,10.0157357507903,28.0104719332693,20.197384347688633,1998,Guinea-Bissau,3.39,3.39
67.806203786648,7.66044668478508,24.5333495285669,19.23319903628581,1999,Timor-Leste,3.463,3.463
92.0491608367307,2.21794621998756,5.73293198956839,20.51016818662848,1999,Burundi,3.125,3.125
25.6891110082124,32.0532554141585,42.257580354149,24.311480084401012,2016,Turkmenistan,4.031,4.031
1.18886079230386,19.0668947234349,79.7442345658747,28.62689527215681,2012,United Kingdom,8.25,8.25
17.5538293565209,26.2410702660317,56.2050967404516,27.302987063938062,2020,Turkiye,13.148,13.148
30.5282879556991,13.8198431010614,55.6518689432395,22.902500277492667,2007,Namibia,22.119,22.119
12.4690778617794,27.5188372617527,60.012078017076,26.431555694625324,2015,Malaysia,3.1,3.1
13.3242293859087,29.0089583066434,57.6668123074479,24.855574588068237,2009,Croatia,9.202,9.202
25.8347373257773,21.21687854189,52.9483841323327,20.452720048048295,1995,St. Lucia,15.83,15.83
18.2768059479206,30.5637035812463,51.1593441721175,23.104449735418054,2013,North Macedonia,29.017,29.017
70.6398239740982,2.85151034048108,26.5086656854207,20.56102070645314,1997,Sierra Leone,4.253,4.253
13.4722546179715,28.1055421342813,58.4222032477472,26.156021947578722,1992,Argentina,6.36,6.36
38.7206865365553,14.8183368056256,46.4608990935844,21.950798158845966,2000,Somalia,18.98,18.98
7.89306747320574,27.0865059364177,65.0204265903766,25.6060069633654,1996,Finland,15.572,15.572
6.71091178826291,23.5640637760263,69.7250244357108,26.75386578028491,2007,Saudi Arabia,5.734,5.734
21.966476784502,26.6791570197464,51.3543661957516,23.008143407155696,1991,Dominican Republic,6.907,6.907
14.4386895176065,25.5210026195202,60.0403078628733,25.129863256119926,1998,Chile,7.307,7.307
26.8533029254213,22.2677361902627,50.8789822702255,24.061241271385335,1997,Ecuador,4.431,4.431
10.7550270524873,30.4900656376624,58.7549172552521,26.14884889664397,2012,Algeria,10.97,10.97
74.2148039874909,7.00875697767902,18.7764390348301,23.658197591205887,2022,Burkina Faso,5.389,5.389
3.76296985239716,22.1559815661666,74.0810485814362,26.259994166252476,2017,Finland,8.64,8.64
75.2887035785019,6.6414654325582,18.0698309889399,23.488959985031236,2018,Burkina Faso,4.695,4.695
61.9125443542786,17.2489220780797,20.838520080974,24.332150370033315,2021,Nepal,12.186,12.186
58.9827674671455,8.46521591729844,32.5520166155561,21.45057577587345,1996,Togo,3.666,3.666
12.6381950829579,25.0269994052711,62.3348037513325,28.013875790065317,2022,Mexico,3.256,3.256
5.37120714777046,24.646227672543,69.9825651796865,28.128343681508408,2020,"Korea, Rep.",3.931,3.931
4.27257924756058,30.0505512774362,65.6768694750032,28.303232491125684,2006,Italy,6.777,6.777
71.1856752282833,8.17412580056352,20.6401989711532,23.242860141114754,2013,Madagascar,0.996,0.996
10.8394104582031,23.1989690560777,65.9616855048868,24.452563120572147,1992,New Zealand,10.667,10.667
9.62627067164773,22.5147627868269,67.8590241748919,24.570308312987425,2020,Libya,19.613,19.613
68.7812720897033,5.57369589829178,25.645032012005,22.177795464821084,2005,Guinea,4.875,4.875
43.8142198168309,11.9113786800055,44.2744015031636,23.460521956219257,2016,Georgia,16.604,16.604
3.17427839146174,40.5255371151401,56.3001844933982,26.189240533977664,2008,Czechia,4.392,4.392
8.78678948127583,18.7707555300803,72.4424549886439,25.21354277869532,2019,Dominican Republic,6.356,6.356
3.01064399887951,20.4288089015684,76.5605470995521,27.31022162217877,2018,Switzerland,4.713,4.713
17.7449064638357,14.9327126382576,67.3223808979067,23.375728407694112,2015,Jamaica,8.825,8.825
3.30479600717421,17.5743625687405,79.1208414240853,24.500622705590573,2020,Jordan,19.213,19.213
0.994281960654542,21.0625864947321,77.9431315446133,27.019709951202977,2018,Belgium,5.941,5.941
54.5778536725322,6.18238823047501,39.2397580969928,21.066638211293615,2011,"Gambia, The",10.283,10.283
31.2895398404197,12.2983932670237,56.4120668925566,22.089926758744127,2000,Namibia,20.3,20.3
6.0026951769354,31.0388456146986,62.958459208366,27.287034233088892,2002,Spain,11.146,11.146
86.3175202353467,3.46507387788864,10.2174058867646,21.855958582071167,2015,Burundi,1.442,1.442
7.21976080786339,23.6383624843696,69.141876707767,24.231220581289627,2020,Latvia,8.098,8.098
13.2666322331262,22.2552441726787,64.4781235941952,24.014823214927922,2007,Costa Rica,4.557,4.557
29.6354243061328,14.6840724262129,55.6805032676543,20.42768202940992,2011,Samoa,5.68,5.68
21.9974353690092,17.6180989672781,60.3844656637128,20.99245292752595,2003,Belize,10.343,10.343
1.3250569949877,12.6730751191899,86.0022757211548,24.813876495624957,2012,Luxembourg,5.03,5.03
12.230650756409,34.4322614540901,53.337087789501,23.730236550266785,2020,Bosnia and Herzegovina,15.868,15.868
38.1611407370694,22.5393372555858,39.2995220073448,21.562825381011496,1992,Kyrgyz Republic,1.1,1.1
20.6640204723402,30.4907013827474,48.8452739073855,24.907581501492047,1993,Ukraine,2.0,2.0
32.2403298645199,29.9823286864324,37.7773414490477,19.256533410504737,2004,Tonga,3.942,3.942
14.7842746679915,40.0314240415311,45.1840635897095,21.786373474897566,1991,Mauritius,9.507,9.507
14.2423234033706,29.3491692772518,56.4085073193775,24.62705902327432,2006,Croatia,11.13,11.13
69.5343968396048,8.34531104761249,22.1202921127827,20.1751114608733,1995,Eritrea,5.266,5.266
7.32612667515481,27.7683569751903,64.9055135717269,28.42324118563286,2012,Russian Federation,5.484,5.484
1.3746079367244,15.1561434610664,83.471975998909,22.165231395673224,2020,Virgin Islands (U.S.),15.191,15.191
43.5169157948826,20.7535112914701,35.7295729136473,23.094772817705437,2022,Tajikistan,11.634,11.634
15.4376000469246,21.3654360523442,63.1969639007312,26.571753928233665,2015,South Africa,25.149,25.149
3.89429008154809,29.7227675142185,66.3829424042334,23.9244267874275,2016,Estonia,6.882,6.882
22.6196589284532,31.0076154725591,46.3727197504695,25.420027549861118,2000,"Iran, Islamic Rep.",11.696,11.696
11.2416506215979,24.400984097554,64.3573652808481,20.54687323749854,1997,Montenegro,30.298,30.298
1.51103129810159,5.22511544381734,93.2638532580811,21.52106036418234,2014,Djibouti,26.173,26.173
30.2455670105807,34.1816429674469,35.57265837183,21.47204943214937,2016,Lesotho,16.17,16.17
13.3559484353117,24.913461810134,61.7305897545543,27.85919215444495,2018,Mexico,3.275,3.275
75.7767648446318,6.86976475851299,17.3533941855334,20.72274321208846,1999,Central African Republic,5.411,5.411
1.86959385290889,23.7225027442371,74.4087815587267,22.548353681702476,1993,Brunei Darussalam,4.806,4.806
78.6854215624854,8.26864911326756,13.045929324247,22.255660101079076,2000,Madagascar,5.8,5.8
15.2982242516489,24.4261796042618,60.2755961440893,22.366865571133324,2019,Guyana,13.172,13.172
18.6413171256434,27.3692372458764,53.9894456284803,23.382286331783302,2002,Lithuania,13.008,13.008
1.23298804007666,54.1412585376827,44.6258085574211,25.809255669962898,2015,Qatar,0.17,0.17
3.54094606873984,24.4280516105825,72.0310023206776,23.923483722252765,2009,Jordan,12.9,12.9
2.53990415607315,28.1592878485279,69.3008079953989,25.46921132599662,1996,Israel,8.455,8.455
44.4522744144656,15.2244437364338,40.3234387972748,21.280629696114527,2001,Mauritania,10.125,10.125
16.2151856336794,25.4329734882642,58.3515832324221,22.095176421875912,1991,Botswana,13.82,13.82
66.0357022778192,4.36081861973398,29.6034791024469,20.38674955932647,1992,"Gambia, The",9.961,9.961
31.8554111608605,27.6837392159004,40.4581194714426,19.970629705599713,2012,Tonga,1.643,1.643
4.83249215563776,27.2161113021992,67.951396542163,26.43162135661874,1994,Switzerland,3.58,3.58
26.9811735321825,24.2620522583787,48.7567498231384,23.618859388630245,1992,Ecuador,4.346,4.346
33.0479128939103,14.7001899839062,52.2518971221835,22.980640853025758,2022,Mauritania,10.531,10.531
2.78380154874007,17.1694214241195,80.0467652093881,27.540155858271916,2011,Netherlands,4.977,4.977
53.021896148668,10.5534614365108,36.4246424148213,20.43291353727565,2003,Liberia,2.586,2.586
62.6406240501687,10.4554287697638,26.903966789487,22.376700868033087,2004,Afghanistan,7.899,7.899
64.2843287073406,6.04035681966002,29.6753144729993,22.89556835405636,2014,Guinea,5.09,5.09
32.3568819485429,22.1503995661398,45.4927184853173,20.108698636705316,1994,Guyana,11.622,11.622
10.9655996326954,28.047863714101,60.9865458120052,27.07968488634437,2000,"Korea, Rep.",4.063,4.063
12.2469847182348,32.7308937270753,55.0221215546899,24.846560315897793,2011,Belarus,6.022,6.022
0.254811973422837,14.0078087540242,85.7360093157066,22.51718962917015,2017,Guam,5.418,5.418
5.06367255513756,29.7918736781871,65.1444537666753,25.578963350240144,2012,Hungary,11.003,11.003
47.1546591790734,13.4534610735271,39.3918696780164,22.925623910471238,1995,Kenya,2.856,2.856
29.243777443212,14.4807830725082,56.2754394842798,24.489767810648527,2014,"Yemen, Rep.",13.467,13.467
35.1296066493745,22.0338077762588,42.8365855743667,23.35499195710019,1996,Sri Lanka,11.35,11.35
10.7670694186945,19.8383075004582,69.3946230808472,25.14955607998492,2003,"Venezuela, RB",16.78,16.78
41.2973213212757,12.800374761334,45.9023039173903,24.18769448513731,2007,Kenya,2.65,2.65
45.6551275026261,13.1287541270975,41.2161272110572,23.28018383384335,1999,Kenya,2.89,2.89
12.663755978511,34.4481908026938,52.888033372292,25.499066107360854,2000,Portugal,3.806,3.806
34.0384545013854,15.736323903859,50.2252187111625,25.925207901454762,2008,Philippines,3.72,3.72
16.8095529699939,20.6623800775669,62.5306184935701,19.874507666244686,2000,St. Vincent and the Grenadines,20.794,20.794
16.8726029349855,33.485071485161,49.6423255798535,23.923352796884533,2022,Bosnia and Herzegovina,12.657,12.657
7.3171416312799,25.1933741534242,67.4890832320851,22.544117675210618,2022,Maldives,4.419,4.419
14.2556230782268,20.6861487059051,65.0582282158681,20.178450600603227,2005,St. Vincent and the Grenadines,19.449,19.449
4.85744581654116,22.4184477835673,72.7241063998916,26.754354417531147,2000,Australia,6.288,6.288
72.808848998367,7.80803570766426,19.3831152939687,21.90912721860883,1993,Zambia,19.7,19.7
84.0494830443798,4.5321271697325,11.4183699319965,22.01038884109148,2002,Burkina Faso,2.851,2.851
30.9557616358897,20.1250284802235,48.9192337917344,23.904138638654214,2018,Honduras,5.648,5.648
47.3259702109656,10.8157128021693,41.8583169868651,23.5864753601501,2013,Georgia,19.416,19.416
10.9529317094501,20.9600860068153,68.0869175975016,24.210895288564767,2009,Uruguay,7.74,7.74
21.6268913891401,26.5588075193078,51.814301091552,23.174734836491545,1992,Dominican Republic,6.7,6.7
36.0017631943291,15.9764602909379,48.0217842304442,24.924500297203206,2004,Peru,4.71,4.71
6.2080645814702,27.9523863248772,65.8395490936526,25.559292323277557,2000,Finland,11.134,11.134
55.2303698750723,16.9508101500078,27.8188199749199,21.545051621584456,1993,Benin,1.495,1.495
62.2834500977187,16.6974954782317,21.0190683768948,24.255087326256767,2019,Nepal,10.389,10.389
36.0371221532026,18.58882082959,45.3740570172074,23.59461731814001,2012,Senegal,3.888,3.888
4.9965217381176,25.2020165474414,69.801461714441,28.1764646628742,2018,"Korea, Rep.",3.824,3.824
38.4197642709686,8.32366347857426,53.2565722504571,22.757759723358323,1997,Angola,16.172,16.172
32.4756079342079,22.9818017516862,44.5425903141059,23.194282553392085,2017,"Congo, Rep.",20.611,20.611
62.618345004968,10.032732296363,27.3492210787634,20.308046414338225,1995,Guinea-Bissau,3.132,3.132
1.51047770677163,19.2511277447317,79.2383843111625,28.18704485082974,2019,Canada,5.69,5.69
3.86463874674972,22.1560873208609,73.9792739323894,26.198799328026755,2016,Finland,8.818,8.818
20.7320545700079,35.9420769269082,43.3257745270421,22.26789988403899,1999,Bosnia and Herzegovina,24.284,24.284
29.2515418071938,28.2846206221999,42.4638375706063,25.969229366679137,2013,Romania,7.096,7.096
67.7346625966754,8.0505825057575,24.2147548975671,23.452969389929574,2009,Zambia,10.582,10.582
8.12976850740378,44.162899333884,47.7073118130806,24.28007184772239,1992,Czechia,2.6,2.6
73.4763113841752,8.53602555914231,17.9876630566825,22.03002146221435,2000,Cambodia,0.744,0.744
28.7955748430154,14.236830281312,56.9678688452729,22.326585782794247,2022,Fiji,4.446,4.446
81.5369221517943,5.23835753199473,13.224720316211,22.53912476310219,2005,Burkina Faso,4.0,4.0
11.1307326081526,30.889566320729,57.9797010711183,23.36234343978584,2021,North Macedonia,15.801,15.801
49.2835631735062,20.3881129608713,30.3283260518074,25.072438976574688,2007,Viet Nam,2.026,2.026
1.76133861734919,18.0999559665346,80.1387054161163,22.18744673695464,2010,Virgin Islands (U.S.),11.742,11.742
20.964957316077,26.457128016445,52.577914667478,24.53222058571386,2012,Serbia,24.0,24.0
70.4884240943728,13.0629384568759,16.4486374487514,22.925335917723114,2006,Nepal,10.639,10.639
91.9546174687503,2.43705816937992,5.60832436186975,20.803035588852303,1992,Burundi,3.133,3.133
39.8921974857785,12.6624060678418,47.4453964463797,19.400132520476674,2001,Samoa,4.96,4.96
1.24891678772558,23.3421084028371,75.4089748094374,28.351016076326353,2003,United Kingdom,4.807,4.807
20.2211625209294,25.6585585224359,54.1202816861197,27.1709668032042,1999,Mexico,2.598,2.598
65.9728194641608,8.3480557176918,25.6791248181474,24.98108360530886,2021,Tanzania,2.821,2.821
66.267404266864,7.89243317233531,25.8401823930279,23.71714934555981,2015,Zimbabwe,5.377,5.377
6.89245249843401,29.6424057935976,63.4651417079684,26.07855321307732,1997,Austria,5.15,5.15
2.99943617291523,15.8491173937558,81.151446433329,22.905950779890606,2003,"Bahamas, The",10.84,10.84
54.0633981737958,17.6206405679116,28.3159195736495,21.58240041632101,1996,Benin,1.246,1.246
54.3494198640771,15.0298662060369,30.6206978134324,23.48685597792578,2010,Afghanistan,7.753,7.753
45.5800571463922,10.4559435341061,43.9639896533325,24.984858148507048,2022,Cote d'Ivoire,2.306,2.306
1.08968064091724,18.2822932583119,80.6280261007708,23.52115068475989,2020,Malta,4.347,4.347
67.8806195233781,7.94045570359199,24.1789247730299,18.428718390753374,1994,Equatorial Guinea,7.699,7.699
3.74204298883921,28.5159200163036,67.7420369948572,24.024545270402843,2012,Trinidad and Tobago,3.718,3.718
3.13101674756351,18.5175496498798,78.3514336025567,27.501998654937847,2009,Netherlands,4.352,4.352
1.95592576519708,22.2797145677967,75.7643589524912,30.022450804539762,2002,United States,5.783,5.783
46.3895997455039,12.0432289122134,41.5671952790876,23.52078279150665,2018,Haiti,13.878,13.878
23.5583951563575,26.811345339225,49.6302595044175,25.630048354019753,1991,South Africa,23.002,23.002
1.96001914368811,4.66222434929868,93.3777565070132,20.55829558789833,2007,Djibouti,26.3,26.3
57.9672185861743,16.8303566583092,25.2024247555165,20.92302302361199,2002,Tajikistan,3.95,3.95
7.33193720522487,15.1884355776669,77.4796272171082,23.9314317187724,2003,Oman,4.62,4.62
17.6429291704428,21.2399320934863,61.1171387360709,20.04643207283069,1997,Maldives,1.24,1.24
2.09575948416095,29.8488936506588,68.05600015679,22.57850623168154,2005,Malta,6.923,6.923
6.84473974688871,27.8531191320676,65.3021411210437,25.546336719012302,2003,United Arab Emirates,2.908,2.908
19.6978392378503,28.3843754417012,51.9177853204484,25.583756744510307,2002,South Africa,22.547,22.547
9.43035753358073,7.57947107879778,82.9901713876215,23.37864840528627,1993,Oman,4.004,4.004
9.48649335179129,22.00483947512,68.5086792518466,26.613688410919025,2008,Argentina,7.837,7.837
61.4331752201947,8.73788999526222,29.8289347845431,24.21002130548314,2013,"Congo, Dem. Rep.",4.468,4.468
6.20321131261759,24.104947551997,69.6918411353854,23.413538681879796,2018,Mauritius,6.426,6.426
18.2498471252144,24.3089684189254,57.4411844558602,22.10739517703804,1994,Iraq,8.243,8.243
11.3592487455006,18.5667968161422,70.0739544383572,24.826927452920927,2012,Dominican Republic,6.722,6.722
60.5095323542257,8.04369675379005,31.4467708919842,19.93315038490758,2006,Timor-Leste,3.581,3.581
42.8450348869983,23.8801341691774,33.2748452873327,24.178176914180252,1993,Morocco,14.029,14.029
22.1721043655664,15.4030060088299,62.4264834797023,20.60092235187652,2017,Samoa,9.4,9.4
77.6913242122579,6.14584000763649,16.1628194348734,23.321821097559283,2013,Burkina Faso,4.055,4.055
65.4324854197543,12.8055114840917,21.762003096154,22.60483764741791,1993,Zimbabwe,4.99,4.99
4.9502387474679,27.7174071626114,67.3323808598335,26.424412880087775,2004,Austria,5.969,5.969
4.64071275294502,24.664014370616,70.6952471742355,26.355251634091168,2000,Switzerland,2.658,2.658
0.31283749259473,20.2037942336621,79.4833378775623,25.837353023229134,2002,"Hong Kong SAR, China",7.28,7.28
9.12189723255828,33.1590500816826,57.7189509640169,24.634799541803485,2009,Slovenia,5.858,5.858
1.40679010691605,15.142420750824,83.45078914226,22.13936168954575,2019,Virgin Islands (U.S.),12.551,12.551
2.25852668639427,29.8965091938161,67.8449614695837,28.879218443688853,2007,Germany,8.732,8.732
35.8073556900635,3.51097107992056,60.6816732300159,22.31994577133041,1997,Papua New Guinea,2.856,2.856
73.8348050645728,6.68777716658472,19.4774177688425,21.449548748038897,2009,Central African Republic,5.202,5.202
84.7905155885783,2.35906617526638,12.8504182361554,21.782153410261323,1993,Mozambique,2.899,2.899
10.3807338317665,16.2385570113751,73.3819429022627,21.415664589856092,2017,St. Lucia,19.136,19.136
2.22707708486388,20.2296181022978,77.5433434183904,26.96310749399591,2012,Norway,3.129,3.129
15.2045693666425,17.5815588891198,67.2138717442377,24.897048704770004,2021,Costa Rica,15.139,15.139
11.1926984756808,22.059667738098,66.7476337862211,23.90065049309808,1999,Uruguay,10.466,10.466
2.00981174489766,20.1240612394476,77.8661270156548,26.68468220612291,2015,Norway,4.296,4.296
66.6471659281055,9.63533725219495,23.7174968196996,23.080961960608402,2000,Cameroon,7.536,7.536
16.615706389124,19.268960709128,64.1158308849161,21.437161337900584,2014,Cabo Verde,11.674,11.674
17.378221027502,29.2491584240996,53.3726205483985,26.45011330163951,2005,Poland,17.592,17.592
29.6866379907203,16.8384099695903,53.4749520396894,25.51533541722642,2008,Peru,4.03,4.03
58.8470406010486,14.1289156733756,27.0249339042346,19.729302027209528,1998,Comoros,4.617,4.617
67.9025520668588,7.06058858577479,25.0368593473664,24.350279680934793,2020,Uganda,3.831,3.831
22.1114376861293,32.0554312786394,45.833137605129,25.80350819926635,1996,Poland,12.684,12.684
54.3597825509536,6.23784817523418,39.4023692738123,21.157185531319303,2010,"Gambia, The",9.723,9.723
1.69913250095268,16.7447490529242,81.5561184461232,22.131566278573477,2012,Virgin Islands (U.S.),12.109,12.109
36.6756900542546,15.2083653405419,48.1159446052035,22.338038152726536,2006,Somalia,19.002,19.002
35.0631850982975,22.0421588399116,42.8946989340248,22.58183009030592,1999,Honduras,3.85,3.85
18.9108360850635,23.5090940676565,57.58006984728,26.516864365338904,1992,Brazil,7.086,7.086
8.65751449094489,28.7315084449621,62.610977064093,23.36034979223872,2015,West Bank and Gaza,23.005,23.005
17.761898249453,19.6628829321663,62.5752188183807,19.838900240339818,2019,Sao Tome and Principe,8.831,8.831
2.26829703740225,16.524759659669,81.2069319241211,27.46642183322748,2017,Netherlands,4.837,4.837
18.3880921176055,32.7514918569257,48.8604253845982,27.19099455484408,2012,"Iran, Islamic Rep.",12.275,12.275
1.16307610800233,18.2597344729615,80.5771894190362,28.61689315233452,2017,United Kingdom,4.452,4.452
2.22297542552309,18.5459863127556,79.2310730964064,26.567973267310045,2019,Denmark,5.018,5.018
83.4396669493046,2.69843871150785,13.8618943391875,22.437265212834042,1998,Mozambique,2.64,2.64
67.3918290489205,14.9387589001415,17.6693959278582,23.496020572622363,2010,Nepal,10.554,10.554
6.81495120815251,32.9792785673231,60.2057702245244,24.648975775178542,2010,Bulgaria,10.279,10.279
32.4052448154478,18.0053583271688,49.5893968573834,24.768484433984895,2005,Kazakhstan,8.13,8.13
51.0516888433982,7.74053224155578,41.2086318662573,20.634137211954922,2018,Vanuatu,5.326,5.326
71.8158578145418,5.36896448128222,22.8151777041759,22.378082013417746,1998,Guinea,4.488,4.488
3.75137567244564,26.6003012984742,69.6483230290802,28.243732371303473,2015,Italy,11.896,11.896
10.2220400626408,31.6670790928483,58.1108808445109,26.993037504772026,2017,Poland,4.867,4.867
30.0679285755976,20.692192141455,49.2398792829474,23.576281358167922,2009,Bolivia,2.973,2.973
85.0581298573164,3.11915682270691,11.8227133199767,21.92885418417694,2022,Burundi,0.915,0.915
16.2999588945624,19.0505441853816,64.6495014797274,26.367723200240526,2016,Colombia,8.922,8.922
66.7073812849052,7.35866179973602,25.9339394861557,22.89496781942383,2012,Malawi,4.952,4.952
89.1420559779208,3.34230539371809,7.51563862836115,21.886271781957593,1993,Burkina Faso,2.438,2.438
2.75954063870578,23.2664993992765,73.9739599620177,28.70493179700801,2008,France,7.386,7.386
2.28680125517203,33.1627835939019,64.5504151509261,22.054858656123486,1997,Malta,6.333,6.333
75.6760027918273,6.54458922080315,17.7794079873695,20.964139688061813,2004,Central African Republic,5.352,5.352
52.8123418506479,15.6736711230706,31.5139870262815,22.88058664184707,2009,Armenia,19.295,19.295
56.3070171112974,14.2331147163733,29.4598681723293,20.11974950969101,2003,Comoros,4.559,4.559
10.80077042381,30.2302696072852,58.9689659395625,26.787858673335613,2003,Russian Federation,8.21,8.21
40.581766171206,10.1465101441311,49.2717236846629,26.750258414640225,2011,Nigeria,3.77,3.77
15.2988089506625,17.1763687996707,67.5248920240861,23.56221333794867,2022,Jamaica,4.083,4.083
15.9532445974609,25.5720184849323,58.4747369176068,22.145521901511994,1992,Botswana,16.326,16.326
4.3112582781457,24.1953642384106,71.4933774834437,22.315629577396084,2003,New Caledonia,16.716,16.716
4.29115487336728,24.9002725508447,70.808572575788,26.516225529625512,1991,Netherlands,7.285,7.285
39.9382622594256,8.11794659026689,51.9437911503075,22.840461990485323,1992,Angola,16.978,16.978
40.5288631165735,12.7758723062629,46.6952645771636,24.469168563181007,2009,Kenya,2.818,2.818
43.3894845587388,21.4181004989034,35.1924132718964,26.004994477518142,2010,Pakistan,0.653,0.653
60.8461556945105,10.0448840008836,29.1089603046059,24.700510642266984,2000,Bangladesh,3.27,3.27
41.9712771424824,28.7725374506584,29.2561762929474,24.453673243726485,1998,Romania,5.63,5.63
5.75127461133386,18.083617016598,76.1651083720682,26.12587844887657,2010,Ireland,14.534,14.534
21.7409057164068,25.2293161758641,53.0297781077291,20.426292670738164,2003,Guyana,11.529,11.529
38.8378119234877,10.79595106321,50.365933585785,21.202896969128957,2018,Solomon Islands,0.72,0.72
17.6383566404785,15.7000832289161,66.6614458051712,23.73492808202346,2022,Botswana,23.615,23.615
13.8324942817224,29.5708492676641,56.596586906344,24.12832882909624,2006,Lithuania,5.78,5.78
23.1103166286548,8.65618771702727,68.2335367482381,23.780156146067757,2013,Papua New Guinea,2.692,2.692
4.13128978526024,25.3971232331946,70.4715830229605,28.031425276608424,2002,France,8.702,8.702
76.5406543811623,5.30762302534727,18.1517123956815,23.157922045304538,2010,Mozambique,3.261,3.261
45.9327734115066,10.7925831340036,43.2746434544899,18.706783306106235,1993,Samoa,2.69,2.69
39.8655101008373,24.273027216737,35.8614626824257,26.54987205813109,2017,Pakistan,3.215,3.215
41.495369400893,9.64657484277579,48.8580557563312,21.012625068475376,2014,Solomon Islands,0.729,0.729
11.6341599901729,17.6627949827344,70.7030450270927,21.230319913516844,2013,St. Lucia,22.21,22.21
2.51550830718723,23.2941717724786,74.1903133385593,27.336345869378313,2000,Canada,6.829,6.829
23.4732361227109,26.7472869056542,49.7794848418357,25.713400086625946,1992,South Africa,23.262,23.262
63.9339019485601,10.0651092492318,26.0010119266751,23.96206429842021,2012,Zambia,7.85,7.85
8.97141511128585,28.829083785515,62.1995011031991,24.741901638180256,1993,United Arab Emirates,1.905,1.905
69.4304490690033,4.18035779481563,26.3891931361811,19.120476623121885,1991,Vanuatu,7.997,7.997
8.26621955996293,24.0620790461724,67.6717013938647,22.295298049659433,2017,Maldives,5.401,5.401
41.6735344863365,17.9448716656488,40.3821867533099,20.738984555707123,2012,Comoros,4.17,4.17
22.2351929182761,22.392339482976,55.3724468861389,24.038207342728846,2021,Senegal,3.44,3.44
4.64174724007825,26.1581841631926,69.2000421727195,26.552517171196776,1996,Switzerland,3.684,3.684
40.1348240772056,19.7443759337131,40.1207999890812,23.41414300700349,1997,Uzbekistan,10.9,10.9
22.9470262450862,25.302973408508,51.7499957276623,27.199144254971515,2009,Turkiye,14.026,14.026
0.367125353108011,26.7551883043453,72.8776863425467,25.901408919616827,1997,"Hong Kong SAR, China",2.22,2.22
42.9799105991002,24.4284498359931,32.5916395649067,24.197886328854903,1991,Morocco,13.538,13.538
5.83327614641078,26.784591457847,67.3821323957422,28.157591145130063,2019,Russian Federation,4.513,4.513
15.1849454605164,33.1463905208199,51.6686428040913,24.333153334634478,2006,Belarus,8.024,8.024
52.4654374982314,15.5012466710895,32.0333158306791,23.132142811166425,2013,Armenia,16.576,16.576
2.17674316979689,25.4963903025227,72.3268665276804,23.060392250811024,2011,New Caledonia,13.935,13.935
15.7248919962049,32.1343760650694,52.1407319387257,23.742912560397027,2018,Bosnia and Herzegovina,18.4,18.4
25.2415542051766,18.4910905380947,56.2673552567288,23.94733925941387,2009,"Yemen, Rep.",12.763,12.763
35.2395827489792,28.112996135143,36.6474211158778,21.789583321043747,2000,Turkmenistan,11.666,11.666
9.49431364623572,22.7445706327216,67.7610594260842,24.96105391091956,2019,Libya,19.05,19.05
27.6428425148474,18.7917263977063,53.5654310874462,20.246048069816325,2002,Cabo Verde,13.397,13.397
9.87564403691241,28.9105406880287,61.2138138316206,27.620902162926544,2006,Russian Federation,7.055,7.055
32.235748872015,32.2734400792341,35.490811048751,21.52739710054065,2010,Lesotho,16.113,16.113
38.4183641896083,13.3462502792397,48.2353910812577,24.755676565952278,2012,Kenya,2.682,2.682
6.46246462546475,33.7737543968782,59.763780977657,24.57926764018103,2000,Hungary,6.563,6.563
69.0434907019761,7.55185534666181,23.4046539513621,18.810781766647445,1991,Timor-Leste,3.51,3.51
12.3426341700376,16.6854893435567,70.9718764864057,26.199064481764175,2012,Greece,24.731,24.731
28.3483345336924,28.9279420151131,42.7237350563418,26.020193837155578,2014,Romania,6.802,6.802
13.890040367991,36.6895045002571,49.4204551317519,22.175160655384378,1999,West Bank and Gaza,10.339,10.339
32.612391440216,31.0698860625863,36.3177206316008,26.57148262156051,2020,Viet Nam,2.103,2.103
3.29982662734657,20.8533039218755,75.846826568598,26.45976903444112,2005,Norway,4.381,4.381
15.7051599020527,26.0600596826819,58.2347804152654,25.024901301297557,1995,Chile,4.7,4.7
1.51596895565334,28.7272604656652,69.756489583509,22.9843527317729,2002,Bahrain,1.139,1.139
0.399963593705756,26.1816876339954,73.4183487722989,22.6023751653567,1999,"Macao SAR, China",6.348,6.348
31.5350871890902,18.4412747671389,50.0236380437709,25.11776270197474,2006,Kazakhstan,7.79,7.79
38.9050989467326,17.5791185011235,43.5158237002247,21.516952494310843,2004,Kyrgyz Republic,2.259,2.259
51.1843361384782,10.432964810188,38.3826990513338,21.244211689641894,2020,Guinea-Bissau,2.89,2.89
4.54058555769791,30.7039536013715,64.7554608409306,25.605300323023897,2010,Hungary,11.172,11.172
0.107774097381374,14.4449394612027,85.4472582799063,26.802263542551977,2021,Singapore,4.64,4.64
83.2575374572868,4.7815734082334,11.9608697864578,22.279465015151427,2003,Burkina Faso,2.78,2.78
38.6127270284139,23.4606308586552,37.9266421129309,22.896050105821388,2007,"Congo, Rep.",19.894,19.894
19.0906383133293,26.3030340769339,54.6063483662064,24.366947353714238,1991,Chile,5.23,5.23
15.02240202658,36.1963816473524,48.7812163260676,22.04763160171011,1997,West Bank and Gaza,10.507,10.507
62.043386780817,10.1260973663208,27.8302256402815,20.370817873251667,1996,Guinea-Bissau,3.022,3.022
64.0603193188644,10.2816669190166,25.6580137621191,23.493997525715788,2003,Cameroon,5.908,5.908
18.1784827713985,28.4490996758055,53.3724114500823,26.389232963412667,2005,South Africa,22.461,22.461
65.1238789654718,4.53450239516503,30.3416186393631,20.482467179706823,1995,"Gambia, The",10.201,10.201
38.6933691325533,15.852253311551,45.4543775558958,24.675089363875824,2001,Peru,5.063,5.063
10.9076982812849,44.7904508219455,44.3018508967697,23.381934006682542,1992,Slovenia,7.809,7.809
58.6955212645841,9.35792246894994,31.9465562664659,20.290208954273666,2008,Timor-Leste,3.413,3.413
49.4477337408604,14.2341252047549,36.3181410543847,21.406820877558136,2003,Moldova,6.378,6.378
24.8338061451836,23.2957237447482,51.8704945827313,24.060611803852304,2021,Honduras,8.506,8.506
6.89187302428319,28.5033061372074,64.6048208385094,22.921412014989624,2002,Trinidad and Tobago,10.39,10.39
3.59552058839304,23.6567978769922,72.7476815346147,28.415902272487074,2005,France,8.882,8.882
20.0768862886228,18.5851849208861,61.3379287904911,24.41776567560817,2018,Paraguay,6.217,6.217
45.5584071183904,15.0155815350685,39.4260113465412,24.800175592973286,2010,Sudan,15.161,15.161
6.03288578030862,24.8496667026043,69.1174270203528,26.21258735119863,2018,Portugal,6.994,6.994
31.6038757966018,29.9194265064783,38.4766692227023,23.34036688593287,1993,Syrian Arab Republic,7.4,7.4
56.8796451267361,10.8373365018979,32.2830463688149,22.567329221146153,1998,"Yemen, Rep.",10.829,10.829
45.0991815980541,20.7888891098129,34.1119310424109,25.733894180586418,2013,Bangladesh,4.426,4.426
20.2449631613977,20.8039056817979,58.9511311568045,24.79048657462606,1992,Colombia,9.44,9.44
74.8985786584193,7.26554522988591,17.8358946091126,21.980943132689152,1999,Cambodia,0.726,0.726
2.16956552618693,21.4630238101468,76.3674106636663,24.13606863797208,1997,Kuwait,0.7,0.7
22.3464166804698,25.5963334817487,52.0572498377815,24.496868472074294,2010,Serbia,19.204,19.204
16.0823625700765,35.9981374473593,47.9192948556214,21.91196255402445,1995,West Bank and Gaza,10.705,10.705
44.755630651345,18.3310515541938,36.913344072148,21.605929956153663,1995,Azerbaijan,7.2,7.2
76.9286579302669,4.74480126439089,18.3265408053422,22.996383663013848,2006,Chad,0.724,0.724
52.2328353532345,12.7639636224377,35.0032493781696,22.773512557158806,1992,Senegal,2.926,2.926
48.6825181321233,8.36169982630162,42.955782041575,25.151692568409164,2010,Angola,16.618,16.618
12.1435832132525,40.4995364319784,47.3568803547692,23.75469718536704,1997,Slovenia,6.658,6.658
72.4349439602239,6.05546309382591,21.5095929459502,21.324855766756613,2016,Central African Republic,5.491,5.491
2.12205349747806,22.6904978612539,75.187442617225,27.790678263394295,2005,Canada,6.758,6.758
38.8320374074321,16.1155262180058,45.0524273028388,24.63902833313312,1999,Peru,5.01,5.01
5.26779064256212,19.2015370031823,75.5306723542555,21.63891001211477,1997,Barbados,14.61,14.61
54.2628507295174,13.6660119715675,32.0711560044893,23.350132294707592,1995,Sudan,15.65,15.65
11.1974884656039,27.2586498546343,61.5438616797618,26.197399752671114,2010,Portugal,10.771,10.771
62.791359756463,6.52341544161202,30.6852248019249,25.565661618024986,2022,Ethiopia,3.409,3.409
34.4837322162485,20.274963210784,45.2413045729675,22.05894313644526,2007,Kyrgyz Republic,2.577,2.577
2.90868106773894,35.6465356845507,61.4447832477104,23.24040827458675,1999,Qatar,0.87,0.87
22.4611839466219,29.3852906023321,48.153525451046,23.08611494952406,1992,Croatia,10.914,10.914
36.1240808801465,13.583409151469,50.2925099683844,22.077323604377696,1998,Namibia,23.081,23.081
63.7117208135058,4.73201546617513,31.5562637203191,20.504653682669577,1997,"Gambia, The",10.053,10.053
11.46630929021,23.3149171738863,65.2187735359038,28.423487585926647,2010,Brazil,8.422,8.422
52.9328166196831,11.5399381895083,35.5272451908086,21.187177448099465,2015,Timor-Leste,3.678,3.678
36.700505866296,29.3831311120293,33.9163630216746,21.663709956779428,1994,Turkmenistan,4.7,4.7
12.202309491689,25.739569538473,62.0579972028664,23.137937773141356,2011,West Bank and Gaza,17.597,17.597
10.4970797372198,20.3201325402542,69.1827773794546,25.445786969039986,2004,"Venezuela, RB",15.07,15.07
2.91263392881913,20.1705633102081,76.9168027609728,23.94403734290257,2012,Cyprus,12.097,12.097
27.0329776854883,22.7985288623451,50.1685166430622,23.84601277381758,1994,Ecuador,4.419,4.419
4.08663999587919,21.7505279785718,74.162832025549,25.883695789007437,2001,Norway,3.738,3.738
38.4124714121139,10.3645629387496,51.2229656491365,22.773564187442627,2004,Gabon,17.095,17.095
35.3603649342848,3.56914792555998,61.0704871401552,21.969446677837375,1999,Papua New Guinea,2.939,2.939
1.02058730945934,17.5747220201629,81.4047186263125,26.43854673091886,2015,Israel,5.176,5.176
72.6439013151958,7.46812549997722,19.8879876926898,22.1071649436615,1994,Uganda,3.471,3.471
5.25085281637407,15.2999417588818,79.4483734087695,21.857566968344674,1992,"Bahamas, The",14.81,14.81
29.7908890053318,16.6994387333416,53.5096722613266,21.86754172902284,2010,Fiji,4.343,4.343
5.34539111520441,21.8144881027375,72.8401207820581,23.164250976561046,2021,Mauritius,7.719,7.719
4.75364636609568,25.3880160942678,69.8583375396365,26.275900304779388,2007,United Arab Emirates,2.936,2.936
44.0050431344517,11.4272861826204,44.5676706829279,24.792676753071582,2018,Cote d'Ivoire,2.85,2.85
69.0538239243628,8.99790302947119,21.9482780885363,21.603536480738992,1992,Myanmar,0.8,0.8
51.0242137222206,13.8981261785196,35.0776600992598,21.115762952975984,2001,Moldova,7.366,7.366
1.35641860863226,50.7480787115177,47.89550267985,25.934580665482198,2018,Qatar,0.11,0.11
28.0611901003705,29.4469561385771,42.4918537610524,23.397775349808036,1997,Syrian Arab Republic,7.31,7.31
0.795734766150727,15.9516507175419,83.2526145163073,26.917368222911595,2021,Israel,4.812,4.812
85.9416307221372,3.21713534494753,10.8411739587282,21.00675063129826,1993,Lao PDR,2.739,2.739
9.70012114081117,7.50883252520077,82.7910463339881,23.375353268119795,1992,Oman,4.158,4.158
84.2983503886357,2.63268223980069,13.0689673715636,22.967536004802522,1996,Tanzania,3.469,3.469
71.6224255644636,5.64888523754214,22.7282170410871,19.372163735834043,1994,Bhutan,1.413,1.413
7.26954445991645,19.9840859359459,72.7463696041377,20.602555557096885,1999,Suriname,13.6,13.6
43.7675378995111,21.6167204340507,34.6157416664382,24.87146975808018,1996,Pakistan,0.616,0.616
51.2793488591171,12.685212868484,36.0353965154676,22.521914641264207,1997,Senegal,2.776,2.776
72.0359368076467,5.5989618657479,22.3651013266054,19.297122058867945,1992,Bhutan,1.397,1.397
72.5305419053637,5.4245578121165,22.0449002825198,23.647494579029345,2006,Tanzania,3.299,3.299
0.900848980826793,34.8175789818714,64.2815720373018,24.561818637365764,2022,Bahrain,1.326,1.326
69.0860439494155,5.54361868567509,25.3703714432056,22.39111754540692,2004,Guinea,4.743,4.743
4.26194873809796,30.273571795487,65.464479466415,23.960022159935175,2013,Estonia,8.631,8.631
22.0151255963352,35.3828925275881,42.6019818760767,23.360370065827915,1995,Belarus,17.7,17.7
15.281262785944,24.0069920329708,60.7117451810852,25.597631427289162,2018,Ukraine,8.799,8.799
2.57235927857388,33.9524528189113,63.4751879025148,21.829165759465944,1992,Malta,6.349,6.349
56.4639488074274,10.0104367729015,33.5254129375688,20.86916051835328,2011,Guinea-Bissau,3.08,3.08
40.5973064957956,20.4193210617192,38.9833724424852,26.405935144451124,2017,Bangladesh,4.372,4.372
54.7223124215266,8.92058492444906,36.3571026540243,21.89324031543787,2005,Togo,4.157,4.157
0.347957873900067,14.4301996504956,85.2202959961647,22.261852008623244,2008,Guam,8.892,8.892
4.89048840356639,41.0787001945286,54.030811401905,25.042468993922416,2016,Oman,3.266,3.266
0.400028992610336,27.4025037189926,72.1974672883971,23.637787057970705,2007,"Macao SAR, China",3.269,3.269
30.2538168537017,16.4160401625884,53.3301927292861,22.540067305039322,2015,Somalia,18.597,18.597
35.0278214588121,18.3660622767758,46.6061162644121,21.12123903378239,1991,Nicaragua,7.946,7.946
5.086672772349,23.4597335653132,71.4536386894936,25.80688285710657,1997,Norway,4.687,4.687
21.086325890303,32.1234972526683,46.7901395367584,23.80530853133343,1998,Tunisia,15.476,15.476
2.37341299771191,29.8404843175238,67.7861026847643,28.693451042595296,2005,Germany,11.193,11.193
26.6951890650255,25.2286752047512,48.0761357302233,22.483431314343832,1992,El Salvador,7.88,7.88
24.1575380948632,26.4622862643773,49.3801756407595,27.45522059849964,2011,Turkiye,9.789,9.789
46.5154473211228,13.8244712364106,39.6603314193437,22.022504328440284,1994,Namibia,19.4,19.4
51.7779239848325,15.5044428736698,32.7177146695952,23.167997740170648,2017,Armenia,17.704,17.704
2.79192797657826,16.5537703193802,80.6535167931681,22.365818251940944,2020,Barbados,9.777,9.777
2.38191504097455,22.3718445475204,75.2462404115051,23.122069215850445,1991,Kuwait,0.881,0.881
17.9044856437036,19.0821323158148,63.0133142661565,23.970586367992222,2008,Panama,5.647,5.647
79.098857849999,8.81220457265738,12.0889375773436,22.06824352515811,1995,Madagascar,6.088,6.088
14.4094052963533,23.5066847907604,62.0839099128863,27.78077941477495,2008,Mexico,3.874,3.874
26.6807220197608,35.7770132484311,37.5422647318081,21.709998964325766,1993,North Macedonia,27.7,27.7
29.5722965199554,21.6717542626655,48.755972245122,23.389916537530546,2019,Benin,1.214,1.214
29.0166301980529,18.6388122824623,52.3445575194848,25.470878603468176,2009,Kazakhstan,6.55,6.55
54.2998999500079,22.6995811315208,23.0005187671438,27.06350086398242,1994,China,2.9,2.9
52.8783476007225,7.5604073405063,39.5612450587712,20.59548165218071,2017,Vanuatu,5.287,5.287
52.8901650034073,16.3912961429842,30.7185431124973,24.817232429196707,2011,Myanmar,0.75,0.75
55.9205842706898,15.6742797523399,28.4051207457219,23.222593337963243,2008,Cambodia,0.825,0.825
77.9919172330893,4.37435630112513,17.6337021523248,21.63614539545419,1992,Cambodia,0.76,0.76
27.0713504528774,24.8599387488595,48.0687107982632,26.35489569146237,2012,"Egypt, Arab Rep.",12.597,12.597
15.3616810506228,18.3914329944477,66.2469424327363,24.813616746827712,2016,Panama,4.717,4.717
43.5151844287294,9.5797472738077,46.9050682974629,22.200005171473563,1993,Gabon,17.78,17.78
3.42636290504042,27.9356376744029,68.6379994205567,24.01320173740069,2015,Trinidad and Tobago,2.428,2.428
14.9555810923208,24.018386564085,61.0260323435942,27.65108357013641,2006,Mexico,3.566,3.566
4.05017290974677,26.6394616898415,69.3103654004117,28.409982520074525,2021,Italy,9.497,9.497
40.7028359432173,22.4002349047726,36.8969291520101,25.346500934905645,2008,Morocco,9.57,9.57
63.002870162786,7.65741071441378,29.3397191228002,23.737231633977267,2018,Mali,1.62,1.62
3.56320325110952,20.5348083982587,75.9019332396079,24.666902989825388,2019,Lebanon,11.301,11.301
46.0863685699543,10.8414441024181,43.0721873276276,19.214117086355838,1994,Samoa,3.0,3.0
64.4977930449492,7.53595475640779,27.966252198643,22.791377009164982,2016,Malawi,5.007,5.007
27.1529436017248,17.8110666368899,55.0342718730137,20.52365569123584,1995,Belize,12.48,12.48
38.5090630654193,12.9873908095629,48.5035461250178,26.65217850438236,2017,Nigeria,4.828,4.828
38.0315067522901,11.1108815752196,50.8576116724903,21.20517025652851,2019,Solomon Islands,0.743,0.743
91.0071007966747,2.37626055685566,6.6166386464696,20.480753955406502,2003,Burundi,3.134,3.134
69.8421844901169,9.04944569646978,21.1083899190927,23.42499729972578,2019,Chad,1.084,1.084
72.7094202636707,6.9216425392784,20.3689371970509,22.26437979012687,2003,Malawi,5.157,5.157
56.5476655814658,16.4718060518903,26.9805283666439,23.497891360049955,2011,Cambodia,0.577,0.577
70.2727344637943,5.68783123852504,24.0398506226139,19.80525162199757,1999,Bhutan,1.4,1.4
22.0727516459046,24.5685444251237,53.3587039289717,24.638314891121944,1997,Ukraine,8.93,8.93
8.39885371472662,30.9331739734948,60.6679668059799,27.258754060321145,2021,Poland,3.268,3.268
48.9506307343458,14.9812952834168,36.0680739822374,24.005905154635258,2004,Sudan,15.539,15.539
51.5893258471447,14.3930207039501,34.0176534489052,23.229387445330005,2000,Sudan,15.608,15.608
43.624335698025,19.1052002946788,37.2704640072962,22.995702152294825,1992,Sri Lanka,14.22,14.22
2.3789408155098,17.0068329701928,80.6134851112396,22.0633853612075,2005,Barbados,9.08,9.08
5.35182699932898,22.5691606173367,72.0790123833343,23.775370315030116,2004,Lebanon,7.85,7.85
11.3926090006491,23.1306232226178,65.4767677767331,25.91563693007184,2008,Chile,9.285,9.285
20.2824168194536,21.7015686127776,58.0160145677688,22.425148618624256,1999,Botswana,18.236,18.236
32.600839835294,27.9511119263653,39.4480482383408,23.05314253937129,2006,Turkmenistan,6.58,6.58
44.3382485539876,18.761590680411,36.9001607656014,25.99964741958414,2002,Indonesia,6.604,6.604
34.0103109228287,14.1590173914081,51.8306716857632,22.789465704200847,2019,Mauritania,10.416,10.416
10.0216618221275,32.4363015705811,57.5420366072914,22.606708986120772,2005,Mauritius,9.524,9.524
52.3565572343255,11.4136994329672,36.2297433327073,24.809693029573406,1991,Nigeria,3.851,3.851
20.4594503061092,27.1671746776084,52.3733750162824,22.48103155876828,1996,Latvia,20.7,20.7
6.4400633249887,31.3218624588714,62.2380742161399,24.71773577149599,2012,Bulgaria,12.27,12.27
11.3253727527099,30.5485734944695,58.1260537528206,24.40535105279886,2007,Lithuania,4.25,4.25
72.2311621308459,5.35804334037818,22.4107945287759,22.431084875198625,1997,Guinea,4.458,4.458
7.50365118329271,23.847474441717,68.648763900458,24.133660915426084,2014,Latvia,10.846,10.846
52.6101428347046,13.7508069610728,33.6390502042226,24.21337897879988,2022,Zimbabwe,10.087,10.087
35.6431213312372,15.9218382714045,48.4350372460417,25.277163777655222,2004,Philippines,3.554,3.554
2.77019244200308,23.40159159143,73.8282151695158,29.61714544053401,1994,United States,6.119,6.119
4.55769174856871,29.9238469288042,65.5184613226271,29.06201300299569,2002,Japan,5.386,5.386
10.8945410300208,19.6855184032571,69.422280459555,20.51784395598332,2016,St. Vincent and the Grenadines,19.028,19.028
18.1086285648257,25.3192875385201,56.5720907890104,27.3579069684335,2019,Turkiye,13.73,13.73
3.12208080318433,21.571166095516,75.3067531012996,26.792931904713434,2001,Netherlands,2.119,2.119
20.5392861676907,30.759427272933,48.7012865593763,23.277763993988547,2006,Bosnia and Herzegovina,31.11,31.11
26.6361016598488,23.4110686940657,49.9528296460854,24.79563569921236,2018,Uzbekistan,5.389,5.389
2.06878297843275,15.9601931625975,81.9710238589698,27.5612002535755,2020,Netherlands,3.82,3.82
27.9298315178023,23.258615765442,48.8115324035009,23.587718736084746,2000,Ecuador,4.8,4.8
52.4379027862607,15.8896560790769,31.6723863571004,22.45354363702088,2010,Tajikistan,11.542,11.542
57.893149428979,17.3530208795741,24.7538345284045,24.539391293376337,2004,Viet Nam,2.14,2.14
3.57984629592202,21.7962046787152,74.6239490253628,27.268174162374667,2005,Australia,5.036,5.036
20.709910715485,32.1109896899699,47.1790995945451,26.139234547501317,2005,"Iran, Islamic Rep.",11.813,11.813
47.0044617219596,13.8194475121851,39.1761275787428,22.67009018524545,2002,Senegal,2.828,2.828
44.9258671834401,24.4612582279577,30.6128745886021,20.53175050127495,2001,Lesotho,16.141,16.141
8.61671998994751,26.1867249195318,65.1964584320056,24.968966913311302,2008,Oman,4.142,4.142
60.4310418790662,7.89975489836127,31.6691259278268,21.594892585353385,1992,Togo,4.222,4.222
2.15513411451102,23.2902482367968,74.5544788137946,23.936062575128066,1994,Kuwait,0.7,0.7
15.3081290040344,18.0922768296174,66.5995505939141,24.888653819412255,2019,Costa Rica,10.807,10.807
10.3706142413696,24.2862853917788,65.3431003668517,20.70743422044785,2000,Montenegro,30.609,30.609
2.9600830717329,27.5741734896828,69.4657434385843,26.675495996827923,2012,United Arab Emirates,2.327,2.327
50.2554291493777,10.4710096338375,39.2735612167848,22.529480439721073,2004,Haiti,13.453,13.453
38.6732803224406,17.8493133885097,43.4774062890497,23.504929971267234,2009,Senegal,2.814,2.814
48.9375228179667,17.0167747040455,34.0457024779878,24.940720200024206,2018,Myanmar,0.767,0.767
8.36873767000971,27.5153440168032,64.1159183131871,26.384044188452904,2022,Iraq,15.511,15.511
9.74631397641877,30.9635657239994,59.2901104256873,26.199489461326017,2014,Algeria,10.207,10.207
49.7813494949334,18.1308971551724,32.0877533498942,22.400223714496626,2003,Benin,0.747,0.747
48.5539170242159,10.1978163167777,41.2482666590064,22.007941926346696,1998,Georgia,14.53,14.53
2.19934699800472,19.6671503718484,78.1357699981861,21.905606341451794,2002,Virgin Islands (U.S.),10.933,10.933
21.2190929672864,26.7983097798992,51.9825574004118,24.660002887107794,2011,Serbia,22.959,22.959
0.28706293188914,14.612095115491,85.1008419526198,22.40947958836778,2013,Guam,11.5,11.5
44.1980267602681,16.8779557826563,38.9240174570756,23.27247550257621,2013,Albania,15.866,15.866
56.3293573677218,15.1238347106165,28.5468079216617,23.397590588854285,2006,Myanmar,0.68,0.68
6.71775593837026,26.9454226811053,66.3368213805244,27.87536737348624,2016,Russian Federation,5.591,5.591
13.2612965634701,25.8898558525435,60.8488551522519,26.19023557374775,1993,Argentina,10.1,10.1
13.1279013665108,18.2112287990432,68.660869834446,24.599118127982813,2009,Dominican Republic,5.467,5.467
15.7957344379758,23.3539120977545,60.8503534642697,23.93898428257465,2020,El Salvador,5.008,5.008
13.8306528814857,20.9027378901015,65.2666092284128,20.28243437077687,2006,St. Vincent and the Grenadines,19.15,19.15
0.400138209297919,28.9147226340017,70.6851391567004,22.675746884275032,1995,"Macao SAR, China",3.581,3.581
51.6749531737937,12.0047382756248,36.3202910764864,23.53131423571605,2000,Cote d'Ivoire,4.816,4.816
29.3014844482994,18.1319818249332,52.5665337267674,21.982631508276164,2008,Fiji,4.185,4.185
70.9611574684015,5.64495330049902,23.3938892310995,24.104280019760875,2009,Tanzania,2.5,2.5
17.4788091913066,17.2191901785124,65.3020784303047,23.333589715126568,2003,Panama,6.346,6.346
29.5109139577727,30.456330614126,40.0327554281013,23.307532474843025,1992,Syrian Arab Republic,6.949,6.949
64.6978799346981,12.8292728176282,22.4728472476737,22.684946865564527,1995,Zimbabwe,5.571,5.571
29.6203659827857,18.5988661447673,51.780767872447,24.545161970014387,2006,Ecuador,3.55,3.55
54.8223186623174,11.7516626499391,33.4260186877434,23.408759914851405,1991,"Yemen, Rep.",8.409,8.409
17.962457027773,31.7118053319525,50.3257376402745,23.742842009688058,2019,Bosnia and Herzegovina,15.692,15.692
47.7077128899315,16.0183023424594,36.273984767609,25.241100928521064,2008,Bangladesh,4.492,4.492
25.6846320866568,26.361007376925,47.95437038499,26.95042428455499,2005,Turkiye,10.636,10.636
1.78976465599101,25.7844370575528,72.4257982864561,26.277711136934123,2002,Belgium,6.91,6.91
8.43749803215304,24.0996706611336,67.4622015956877,21.11806933783722,2004,Suriname,9.49,9.49
38.8476251129884,16.279653802066,44.8727175100718,25.173420297934996,1999,Philippines,3.749,3.749
4.3481641092631,25.5626221896241,70.0892137011128,26.698822928135506,2016,Austria,6.064,6.064
19.3210343645216,11.0024320444432,69.6765335910352,23.894984972523915,2020,Papua New Guinea,2.883,2.883
18.1041216648301,24.6278951326152,57.2680092402614,19.826278467226395,1991,Iraq,8.652,8.652
18.2777645496841,24.419188776566,57.3030466737499,20.754711093792555,1993,Iraq,8.381,8.381
20.3849642663281,17.455217945643,62.1599079562648,22.967186833789278,2003,Jamaica,6.535,6.535
70.9462219421885,7.13933939595395,21.9144386618576,22.843353778148575,2005,Zambia,15.9,15.9
37.0057464422921,18.551506953087,44.442746604621,22.412169920319204,2012,Togo,2.03,2.03
79.2056602093914,8.90746419058363,11.886875600025,21.903369954196286,1991,Madagascar,6.168,6.168
81.5322496726046,3.05713417615148,15.4106038800525,22.454948650423855,2001,Mozambique,2.839,2.839
35.8433218128784,15.2016079613697,48.9550702257519,20.926238677931128,2020,Comoros,4.471,4.471
74.1589112287059,7.4821749707012,18.3589029027668,23.672328128262834,2000,"Congo, Dem. Rep.",3.234,3.234
17.5208543953906,16.7021869445321,65.7769586600773,25.36213768797718,2019,Cuba,1.705,1.705
42.747395235691,12.2636090329095,44.9889957313995,24.60292598983514,2016,Cote d'Ivoire,1.896,1.896
7.61873906563857,12.9799779692866,79.4012829650748,21.128246877962383,2020,St. Lucia,25.224,25.224
1.22028096535992,19.1777633347434,79.6019590466348,28.61077698112654,2011,United Kingdom,8.169,8.169
37.2975417964197,13.6758233155303,49.02663488805,19.826158830341413,2004,Samoa,5.162,5.162
16.0126447337592,17.6431102248011,66.3442450414397,23.437974050941467,2004,Panama,6.127,6.127
38.808776327812,10.1990253730994,50.9921982990886,22.596897626236107,2003,Gabon,17.119,17.119
4.90513402338081,27.5364090886176,67.5584847401989,26.329940783465442,1993,Switzerland,3.551,3.551
7.69790085276801,30.5077486226423,61.7943505245897,27.1509372264642,1998,Spain,18.673,18.673
6.99226363398981,27.7265194092458,65.2812058007231,28.460650989016813,2013,Russian Federation,5.513,5.513
13.5321046514386,21.0749780592519,65.3905453165398,20.385828469469544,2007,St. Vincent and the Grenadines,18.927,18.927
1.73573788765476,17.2971654922569,80.9670966200884,24.3521903856606,2005,Luxembourg,4.488,4.488
6.70089858793325,24.2439024390244,69.0539152759949,21.91449719734291,1997,New Caledonia,18.381,18.381
19.6939404416518,30.8597214497242,49.4463381086241,23.566797283749402,2010,Bosnia and Herzegovina,27.312,27.312
5.81191826043716,24.7254546215446,69.4626271180182,23.050408780209867,1998,Cyprus,3.3,3.3
6.38048977795326,24.7459986753686,68.8735115466781,26.120808394939928,2017,Portugal,8.869,8.869
87.2160478912295,2.99224907829658,9.79170303047395,21.483247625495146,2003,Rwanda,11.696,11.696
2.2511728151912,21.6457573358311,76.1030698489777,26.91777358369741,2007,Sweden,6.161,6.161
49.4592869811588,14.1086249621665,36.4320880566747,21.678103807894868,2004,Moldova,6.374,6.374
31.9848395555236,20.6834612431188,47.3316992013576,23.864666401727597,2017,Honduras,5.528,5.528
2.46346646483465,33.7760537959944,63.7604797391709,21.821379811191818,1994,Malta,6.343,6.343
41.1367142423322,17.9898161300119,40.8734696276559,24.93182193819618,2018,Ghana,3.253,3.253
30.7980650508262,20.0117044128343,49.1902643641222,22.823670625030307,2022,Togo,1.965,1.965
11.9032771644169,33.5941025317278,54.5026203038553,25.21452347914547,1991,Portugal,3.919,3.919
54.4062673428714,10.1807672573569,35.4127908803111,20.94246101576996,2016,Guinea-Bissau,3.123,3.123
1.96041091942191,18.8542224235188,79.1853666570593,24.280464864167037,2004,Luxembourg,5.113,5.113
31.8218909803068,27.8614949407029,40.3166140789903,19.841723885692964,2011,Tonga,1.602,1.602
1.01797597668454,17.4982849852094,81.4837390381061,26.497634047546292,2016,Israel,4.723,4.723
30.2915601471934,17.9008664051081,51.8076100156767,23.30998371532893,2016,Nicaragua,3.9,3.9
4.93306161929541,22.0820843598921,72.9848540208125,26.688520414257333,1999,Australia,6.876,6.876
8.10799171071202,34.4725787393034,57.4194295499846,24.260756441685523,2006,Bulgaria,8.951,8.951
25.2803685749558,19.9549280945025,54.7647033305418,25.35525120081049,2014,Ecuador,3.48,3.48
43.2859542809493,14.8830623425213,41.8309950066204,24.625576805230533,2014,Sudan,15.411,15.411
55.289321306426,10.966807906521,33.743870787053,23.272425473361846,1995,"Yemen, Rep.",8.988,8.988
30.7368628675685,14.4907049754269,54.7724321570046,20.337986971006572,2010,Samoa,5.621,5.621
60.3232397437958,5.33689937785532,34.3400904520306,20.175491455082064,2002,"Gambia, The",10.079,10.079
40.4588136029553,19.8492861048325,39.6919002922121,23.35866593106192,1996,Uzbekistan,10.7,10.7
28.8336671060171,22.0244219368719,49.141882715169,23.706750107649377,2014,Honduras,7.078,7.078
31.4670309559737,33.1082377368708,35.4247313071555,21.630597442338626,2012,Lesotho,15.813,15.813
5.55539062886547,19.0777299490376,75.3668794220969,21.44759289249663,1993,Barbados,24.54,24.54
74.6498873734261,11.048204732612,14.3019078939619,22.31630846168114,1997,Nepal,10.535,10.535
1.44247338442354,5.38201733223884,93.1748826658813,21.60884652016195,2015,Djibouti,26.07,26.07
18.3023656229855,15.4634548377357,66.2333635258309,21.32596848178388,2011,Belize,8.43,8.43
46.6766463038511,15.9494843320337,37.374061526577,21.337019755585494,1993,Mauritania,9.874,9.874
37.6929460336022,29.5922952902946,32.7147481370673,24.553330192366065,2002,Romania,8.112,8.112
11.1967197300139,20.6622567243382,68.1410235456478,23.333814612280467,2002,Uruguay,16.648,16.648
9.07843870257803,27.5496321715735,63.3719335285276,27.278217035087476,2003,"Korea, Rep.",3.348,3.348
34.817506923646,20.1187694793446,45.0637235970094,23.03920668707456,2003,Uzbekistan,9.248,9.248
34.0301855133506,14.3869156158239,51.5828988708255,22.834781508252462,2020,Mauritania,11.054,11.054
9.21016965219091,22.7692443695571,68.020585978252,24.490177469501113,2022,Libya,19.282,19.282
44.5521288056236,21.1964483900973,34.2514228042791,25.299476911195967,2001,Pakistan,0.629,0.629
3.25877005255158,36.9033585918002,59.8378741391446,28.42640111050801,1994,Germany,8.727,8.727
6.97223897509001,23.6606754111261,69.3671931188178,24.22725851124409,2018,Latvia,7.412,7.412
4.58641363608739,32.5148379391174,62.898773537665,25.665788778194866,2007,Hungary,7.406,7.406
55.7187332431632,14.2562165363468,30.02505022049,20.26709585886711,2004,Comoros,4.571,4.571
1.07451007238001,35.1573587220676,63.7681312055524,24.205222527103636,2015,Bahrain,1.16,1.16
11.4294471364353,39.2517284805218,49.318824383043,22.276367999678186,2000,Mauritius,9.138,9.138
2.75420328600108,23.4411520584161,73.8046540309158,29.66438586516428,1995,United States,5.65,5.65
0.456271551410572,19.7608066229212,79.7829218256682,24.330009882415737,2011,"Macao SAR, China",2.56,2.56
27.9587974002942,24.1103510756496,47.9308553389846,26.38773250349214,2013,"Egypt, Arab Rep.",13.154,13.154
25.5856578517621,28.4592944675377,45.9550476807003,25.904403848818426,2015,Romania,6.812,6.812
28.2829870768536,22.9770801589797,48.7399327641667,20.434433784273487,1997,Guyana,11.624,11.624
89.3892098941765,2.39524767902357,8.21554242679998,21.49203439495502,1999,Rwanda,11.627,11.627
75.5420910823421,6.4851153315371,17.9727935861208,21.01436285662587,2005,Central African Republic,5.314,5.314
8.22357792162109,20.0537534327425,71.7226686456364,24.774716597894145,2016,Uruguay,7.841,7.841
4.75693947841534,31.9022253680597,63.3408572588787,25.788821595072708,2020,Hungary,4.25,4.25
12.0691400089398,23.5690008518103,64.3618591392499,22.42277415199284,2020,Guyana,15.334,15.334
2.41076589056908,18.4347327820772,79.1545013273538,23.98889802971817,2019,Cyprus,7.155,7.155
29.9999636907615,15.629130175882,54.3709061333566,23.54906384146308,2019,Gabon,20.358,20.358
4.71599979722976,31.7586126138372,63.5253921110168,28.090298686462805,2003,Italy,8.869,8.869
3.62851539886625,20.6252519845634,75.7462326165703,23.86448025077301,2021,Lebanon,12.669,12.669
2.48512924117099,22.3653063332319,75.149541267832,26.675332404175737,2004,Sweden,6.693,6.693
38.5536134997117,14.4274072642744,47.0189792360139,26.811933398305023,2021,Nigeria,5.45,5.45
10.7990295949009,36.6192919152,52.5816784898991,22.313825521773296,2002,Mauritius,8.205,8.205
4.20273915367647,17.0462854298898,78.7515898519825,22.84166724057331,2001,"Bahamas, The",6.87,6.87
29.52990012055,30.0334698213402,40.4366300581098,24.098575447690646,2011,Turkmenistan,4.002,4.002
7.54168788892088,26.4437407267976,66.0150142834998,22.056054774784258,2022,Suriname,8.16,8.16
55.910640465202,13.7242878078198,30.3651498439223,21.37118741938727,2000,Armenia,11.095,11.095
32.0535830407075,17.1049551307062,50.8414618285863,18.148850968207807,2000,Sao Tome and Principe,14.4,14.4
42.4550935096796,12.1524309529455,45.3924755373749,21.49458593599891,2020,Timor-Leste,2.782,2.782
4.21602887343449,20.6724159063929,75.1115552201726,27.91694775726579,2012,Spain,24.789,24.789
22.7932991230214,21.359724145421,55.8469767315577,19.472576646112902,1993,St. Vincent and the Grenadines,19.667,19.667
3.13541861691896,20.4801308562808,76.3844505268003,27.267466610699874,2017,Switzerland,4.797,4.797
36.4547173538792,15.4996754437953,48.0484294301922,18.722178193682623,1996,Sao Tome and Principe,14.342,14.342
69.7587551980151,8.07271776541878,22.1685270365661,23.54089196540376,2007,"Congo, Dem. Rep.",3.403,3.403
30.8809732852804,18.1563090779067,50.9626999355675,24.693490695068242,2013,Guatemala,3.017,3.017
1.70537160238116,28.1764932341927,70.1184533297699,22.74195755794866,1999,Bahrain,1.115,1.115
37.2159832854531,13.5012526237389,49.282764090808,19.58329096889611,1991,Cabo Verde,13.535,13.535
36.6353480981219,23.6700422729328,39.6946096289454,23.60190381263172,1997,Guatemala,2.61,2.61
38.8995298416551,14.3935184162761,46.7069517420689,23.60820871184667,2018,Georgia,12.667,12.667
39.0419160707013,14.829274453875,46.1288094754237,21.83701351509805,1999,Somalia,19.164,19.164
29.5156444639848,14.2547530874636,56.2296024485517,22.442710015926625,2018,Fiji,4.335,4.335
49.2639561808028,17.3423909870994,33.3936528320978,22.932924507364117,2014,Tajikistan,11.439,11.439
7.03668745979021,24.3573997099853,68.6059128302244,22.795398797548422,1993,Lebanon,8.262,8.262
1.95427479493744,24.6929993638952,73.3527024635561,26.735169673515216,2006,Belgium,8.246,8.246
7.86258347004024,26.4503141731173,65.6871023568425,27.563706554577333,2005,"Korea, Rep.",3.482,3.482
14.3948101151627,23.0731681748164,62.5320217100209,27.83723309663641,2011,Mexico,5.175,5.175
31.2326001068035,22.0976942332192,46.6697056599773,25.400068884848316,2006,"Egypt, Arab Rep.",10.49,10.49
1.35146946330568,22.0628820435292,76.5856518690959,28.627394523540662,2006,United Kingdom,5.411,5.411
59.4811404330934,8.6310540249749,31.8878055419317,20.112243013155123,2007,Timor-Leste,3.489,3.489
1.31298063164817,52.7806158173859,45.9063426633463,26.05223169613987,2014,Qatar,0.2,0.2
16.1622696438935,19.5644521401593,64.2742296092628,21.177648333908383,2006,Maldives,8.392,8.392
1.75287861200801,20.4625882943372,77.7845330936548,28.2344440511,2012,Canada,7.392,7.392
18.8481368114058,25.4539462397631,55.6979169488312,21.263677876820083,1997,Eswatini,22.5,22.5
8.66070515270772,18.3308478737207,73.0084469735716,21.724597160055843,2006,Montenegro,24.79,24.79
2.73267363055312,17.2063173059218,80.0609973052351,27.463417536854262,2012,Netherlands,5.821,5.821
14.8136609024305,43.7172133548494,41.4690961552231,22.875363754038176,1992,Bulgaria,15.3,15.3
17.5421937623364,32.1585061398428,50.2993000978208,25.03377440950515,1994,Malaysia,3.64,3.64
44.7134065965526,15.7802690807995,39.5063243226478,25.015905596954408,1994,Philippines,3.765,3.765
1.77488160133804,20.3270942411845,77.8980241574775,28.24436583011586,2013,Canada,7.143,7.143
30.9843776891317,5.50401889399901,63.5116034168693,22.84611535162433,2006,Papua New Guinea,2.287,2.287
10.0921269795812,30.8475065775392,59.0603664428797,25.99397808240557,2018,Algeria,12.137,12.137
44.8044411513001,21.6436692536408,33.5518895950591,25.79282877179523,1992,Turkiye,8.509,8.509
35.5711781368757,24.9335428955435,39.4952789675808,23.29956562711298,2010,"Congo, Rep.",19.345,19.345
42.6903205223285,8.43150694876905,48.8781725289025,24.90174342998005,2007,Angola,16.153,16.153
72.9153841245476,9.4521519296773,17.6324639457751,22.389452734534707,2007,Zimbabwe,4.991,4.991
10.6635432568997,44.1942773488542,45.1421793942461,23.393911694809585,1993,Slovenia,8.51,8.51
1.36158405018702,54.1017944740829,44.5366965520452,25.84589123410625,2011,Qatar,0.56,0.56
45.2733970104158,14.65089288079,40.0756738283128,22.89445685895101,2003,Senegal,2.794,2.794
59.9233593536236,13.4988217817244,26.577809991023,22.63689369105715,2002,Myanmar,0.69,0.69
49.6068154519692,6.88721621796081,43.50596833007,21.236491375900712,2018,"Gambia, The",4.127,4.127
59.6998013213748,21.3998904523784,18.9003082262468,26.675236811381286,1991,China,2.37,2.37
30.4767832089042,15.4390520670979,54.084164723998,22.10254265900392,2012,Fiji,4.375,4.375
76.356724859785,6.42117341638495,17.2221169340058,23.275314104868322,2016,Burkina Faso,4.587,4.587
1.6133499393496,21.2220136883746,77.1646363722758,30.323609869164883,2008,United States,5.784,5.784
44.3395646789095,22.4729419906029,33.1874933304877,21.5797101526688,1999,"Congo, Rep.",20.11,20.11
31.2245254781513,18.9210612524688,49.8544132693799,25.37579578417838,2007,Kazakhstan,7.26,7.26
69.1539140431968,9.62228531103527,21.2238186940616,23.6040646024278,2022,Chad,1.096,1.096
78.9635009236139,8.04236984413283,12.9941082981221,21.530524072491115,2000,Niger,1.431,1.431
5.38149414508016,33.3962556765212,61.2222501783987,25.16815539975996,2003,Hungary,5.79,5.79
3.11693203904122,38.5713240944987,58.31174386646,26.055848788646195,2009,Czechia,6.662,6.662
68.3333077478086,4.52556761486621,27.1411246373252,19.384974327130628,1998,Vanuatu,8.24,8.24
45.5424516466769,18.7853504888887,35.6721932900588,24.854473365350405,2022,Myanmar,3.057,3.057
72.694513317256,7.98310952095691,19.3223771617871,21.940196336001375,1991,Zambia,18.9,18.9
1.79616669657429,23.3399130115273,74.8639202918985,22.590099154459008,1994,Brunei Darussalam,4.892,4.892
3.60134582425307,27.046986425053,69.3516722462455,28.397988104457333,2013,Italy,12.149,12.149
14.7726194772335,26.1402125150374,59.0871680077292,25.61739631708317,2014,Ukraine,9.27,9.27
8.98387962103372,26.8489300914506,64.1671137534086,24.347456893089706,2009,Lithuania,13.785,13.785
59.9274526375531,7.96640674641119,32.1061406160357,21.050886241780535,1994,Togo,4.214,4.214
25.8150814968524,25.0832117749275,49.1017067282201,26.520437182694263,2015,"Egypt, Arab Rep.",13.052,13.052
2.00090541489277,21.6658949425158,76.3331996425915,28.015480750904743,2007,Canada,6.156,6.156
28.5450601032826,21.2672228143887,50.1877117819819,25.294720344875646,2001,"Egypt, Arab Rep.",9.26,9.26
41.1238567374613,23.1916877225757,35.684455539963,22.26163192002756,2004,"Congo, Rep.",19.886,19.886
7.73198704933326,22.3371563408879,69.9308566097788,20.812717497349038,2002,Suriname,11.243,11.243
44.6911860350543,14.6774312707966,40.6313826941491,24.309518453114194,2017,Cameroon,3.568,3.568
19.3830062160336,26.5375631718769,54.0794237911775,27.479021362862756,2017,Turkiye,10.919,10.919
2.52404865123304,22.9686589251174,74.5072924236496,26.31191181544729,2002,Sweden,4.965,4.965
20.5051019691071,29.7285508814835,49.7663471494095,26.25282901353553,2020,Romania,5.035,5.035
4.31962578930282,28.5145129007224,67.1658613099748,29.20617127151055,2005,Japan,4.446,4.446
0.903522182246706,29.2845337732584,69.8119940208312,25.1809430451619,1999,Singapore,4.85,4.85
3.73788984710175,21.9709477452854,74.2911519660256,27.144335073946596,2004,Australia,5.399,5.399
63.9310196831465,11.0928489798035,24.9761339830965,24.224806752804533,1993,Bangladesh,2.311,2.311
42.0641151829352,18.5912027659762,39.3446820510885,26.621985828173763,2006,Indonesia,7.551,7.551
29.1008790529734,24.9361156884602,45.9630052585664,26.736651917386038,2004,Turkiye,10.838,10.838
3.16716834081505,28.7027048742492,68.1301267849358,24.18504858541238,2019,Estonia,4.514,4.514
65.2980960530845,6.65214280727639,28.0497630285203,25.286703408186504,2019,Ethiopia,2.917,2.917
10.2049585182066,23.7061201707334,66.08892131106,26.146793734852423,2013,Portugal,16.188,16.188
23.0755373037789,24.7153304336594,52.2091322625617,24.598160269665957,1997,Algeria,25.43,25.43
5.85299559804234,26.6248626328345,67.5221417691232,28.234892568467842,2021,Russian Federation,4.749,4.749
4.74699812151234,46.4898297732974,48.7631721051903,25.201293983518568,2019,Oman,2.04,2.04
36.9250453842768,22.9497176283023,40.1252369874209,26.33746863267467,2000,Turkiye,6.495,6.495
5.32098822827026,18.1148593925484,76.5641523791814,26.43498813607836,2015,Ireland,9.908,9.908
55.6842519580294,13.8718237041871,30.443846087032,21.473958982473064,2001,Armenia,10.992,10.992
8.04284020109007,29.9113596648528,62.045807466795,27.102947213376787,1997,Spain,20.698,20.698
60.8943291568871,13.0631131360764,26.0425487747673,22.591645346156007,2001,Myanmar,0.694,0.694
50.6637492964869,10.3704964967088,38.9657542068043,22.548757783693574,2002,Haiti,11.046,11.046
39.2850973035063,10.0867715117883,50.6281311847054,22.397639273117537,2002,Gabon,17.351,17.351
37.046201322322,18.6823504748403,44.2714482028378,22.413812135314092,2011,Togo,1.982,1.982
23.0957577492992,30.7412817885327,46.1629604621681,25.45813401574633,1999,"Iran, Islamic Rep.",11.173,11.173
11.5411934454792,26.9791143328788,61.479692221642,22.41696271469035,1992,Trinidad and Tobago,19.66,19.66
12.2208383223318,31.6552902352922,56.123871442376,26.702347282066643,1994,Russian Federation,8.131,8.131
4.48503862631987,18.7709998987957,76.7439614748844,26.99860493629643,2021,Ireland,6.364,6.364
43.3788096187012,18.4011049842847,38.2200842601336,26.097381525465273,1997,Indonesia,4.684,4.684
4.82510492377867,25.8060878387091,69.3688072375123,26.04558957478077,2005,Finland,9.602,9.602
70.9326839086149,6.98863015873687,22.0787005129194,24.097571136113146,2016,Uganda,3.008,3.008
28.8929615027945,19.6806621643386,51.4264263513236,22.5671945611533,2005,Nicaragua,5.37,5.37
3.78754570466563,26.8712579854071,69.3411877393651,28.374893553975845,2022,Italy,8.069,8.069
5.90194328448619,26.9689145670246,67.1291407438318,28.08476791615614,2017,Russian Federation,5.238,5.238
81.6959833897862,2.71506144612747,15.5889551640864,21.2799026390859,1998,Chad,0.727,0.727
2.50321147688697,20.4312798798151,77.0655086432979,27.332614279583318,2020,Switzerland,4.817,4.817
1.78699026351272,25.5646479144531,72.6483618220342,22.93542494695993,2008,Malta,5.977,5.977
13.3147423762465,17.7360573745051,68.9492002492483,24.578330170689433,2012,Costa Rica,9.11,9.11
33.6742985188729,12.9240988150525,53.4013737791745,22.07614604433216,1999,Namibia,21.669,21.669
18.4196917985314,21.1526528079429,60.4250698107353,19.738745833536104,1998,St. Vincent and the Grenadines,20.514,20.514
32.6072601795484,13.2494033338784,54.1431294905206,23.62490536864405,2014,Gabon,19.916,19.916
3.26101959638055,25.8557469995987,70.8832334040207,26.39985671724538,1996,Sweden,9.547,9.547
17.2225636908719,19.247751533473,63.5290575883393,21.607260624432875,2021,Belize,10.322,10.322
38.3544000179536,11.7118415032103,49.9337584788361,26.977319969894552,2013,Nigeria,3.711,3.711
39.868095313389,24.4731370613359,35.6587560331313,24.32564350444532,2019,Cambodia,0.119,0.119
25.1000093577436,23.2882720107934,51.6117430642139,23.94283616862891,1996,Cuba,7.61,7.61
27.0589962621048,17.1534091478205,55.787588250576,25.869374103691143,2011,Peru,3.477,3.477
81.8366388746469,4.72198637945904,13.4413747458941,21.272079504903463,2000,Lao PDR,2.046,2.046
64.3639917589959,8.17373677653667,27.4625731117633,19.72066612043826,2000,Timor-Leste,3.477,3.477
55.7352427986448,13.6597152587894,30.6050419425659,23.224776694075448,2017,Equatorial Guinea,8.004,8.004
21.0712689517654,20.5676075222608,58.3594045449857,20.65347900063056,2000,St. Lucia,16.49,16.49
5.40440053331186,23.7697949401682,70.82580452652,23.024434658987534,2000,Cyprus,4.766,4.766
1.16606681405347,24.5224025992965,74.31153058665,23.00456209280246,2011,Malta,6.378,6.378
2.24613903836899,23.1301862303306,74.6236747313004,23.89887465534258,1993,Kuwait,0.8,0.8
21.6564614961471,20.2067786980968,58.1367823503154,24.179027158630497,2001,Cuba,4.08,4.08
88.7819107847737,2.87714542466893,8.3409708660055,21.30069636214826,2009,Burundi,1.621,1.621
2.59358596085821,19.6412178991799,77.7651583320353,26.565740165597138,2013,Denmark,7.384,7.384
38.2299753474528,13.7167783210161,48.0532463315311,24.691844865346603,2010,Azerbaijan,5.63,5.63
31.5623146692767,28.90783068037,39.5298546503533,23.681894360348913,2008,Turkmenistan,4.835,4.835
3.95516680809327,40.1243020740834,55.9205311178233,25.336702367905772,2008,Slovak Republic,9.514,9.514
34.2161171908067,15.7932227545356,49.9906600546577,25.772996250888944,2007,Philippines,3.434,3.434
30.6051824311907,14.1737938053973,55.221023763412,22.318648159836187,2016,Fiji,4.319,4.319
7.29375270803648,23.7190583254472,68.9871889665163,24.2227841328681,2019,Latvia,6.312,6.312
11.4449394599851,27.8058240503705,60.7492364896444,26.22316705714113,2009,Portugal,9.432,9.432
2.76599346095224,19.1910996495248,78.0429068895229,27.915006909334423,2020,Australia,6.456,6.456
27.5208904508637,20.5664612607881,51.9126482883482,25.167634058804563,2002,"Egypt, Arab Rep.",10.01,10.01
33.3260703086799,22.6685228794518,44.0054068118683,24.23683462518903,2007,Guatemala,2.824,2.824
4.63716495319154,26.5579599425458,68.8048751042627,28.002165427919635,1997,France,12.566,12.566
4.10027264898918,21.7601860963437,74.139552057139,28.028164130774755,2011,Spain,21.39,21.39
28.0923428115127,18.594905478596,53.3128059577127,22.927370191585688,1995,Paraguay,3.4,3.4
10.5954165075576,23.9346088923259,65.4699106366729,25.045424453749884,2013,Libya,19.327,19.327
2.24119552339228,28.8447797296755,68.9140247469322,26.758722680038904,2019,United Arab Emirates,2.331,2.331
82.3844884436823,2.88020380936196,14.7353077469557,22.503405593974666,2000,Mozambique,2.833,2.833
54.8789454259069,14.9825196671907,30.1382442945531,23.515316652851144,2010,Equatorial Guinea,8.07,8.07
11.1779840063418,45.5501934031763,43.2718225904819,23.394271279940668,1991,Slovenia,7.08,7.08
28.2941802044251,18.1467388373132,53.5590809582617,23.3771428366966,2021,Nicaragua,6.118,6.118
1.28976630435862,32.2505150522403,66.4597186434011,23.64129386778047,2006,Bahrain,1.021,1.021
38.1471021160812,14.2604534365359,47.5924444473829,23.59334061538955,2019,Georgia,11.565,11.565
3.69771664939374,33.1700713981406,63.1322119524657,23.147874040771736,1997,Qatar,0.87,0.87
28.7236505424847,6.47233152222778,64.8040613705475,23.18036378430582,2008,Papua New Guinea,2.169,2.169
71.1221474194559,5.60415465560211,23.273697924942,19.530590134784017,1996,Bhutan,1.392,1.392
4.22364000737368,21.704170667216,74.0721893254103,26.175208317410064,2015,Finland,9.376,9.376
5.97435856815698,27.548291646655,66.477349785188,25.919647195099227,2005,United Arab Emirates,3.12,3.12
36.4977812004271,3.40905414486186,60.0931646547111,22.257130160411272,1995,Papua New Guinea,2.613,2.613
57.184727688144,12.8267172471749,29.9885410818645,22.65354636204801,1997,Ghana,7.636,7.636
66.7015352045466,7.99616735383302,25.3022974416203,23.553146256022675,2014,Mali,1.474,1.474
14.6393241183161,20.3326580219522,65.0280221977347,26.56864188812711,2022,Colombia,10.547,10.547
73.7975120741298,7.69686980628521,18.505612372736,22.550682919689283,1998,"Congo, Dem. Rep.",3.188,3.188
26.312306795848,35.169328316198,38.5183648879539,22.258415724130458,1996,North Macedonia,38.8,38.8
3.33523923698307,19.7795538166171,76.8852189659729,27.472610747515272,2007,Netherlands,4.153,4.153
6.67565438681532,20.9540111488124,72.3703344643723,20.669518977868158,2000,Suriname,12.983,12.983
5.70489101857862,30.7140302986967,63.5810786827247,27.53446970487985,2003,Spain,11.283,11.283
5.45883392365521,12.2492446772425,82.2911325502694,21.852083967995004,1993,"Bahamas, The",12.72,12.72
12.5007123220914,15.0496323575854,72.4496553203232,25.994044334261293,2015,Greece,24.981,24.981
18.1922596966018,28.5499876908972,53.257752612501,26.11033202275431,2003,Poland,19.899,19.899
6.65978379042577,30.1870664255434,63.1531831744395,24.745384850633776,2013,Bulgaria,12.941,12.941
4.27032841158311,20.4420595120024,75.2876120764145,22.82127511129527,1999,Jordan,13.761,13.761
19.1052603975455,20.9440394398699,59.9507001625846,21.439552223307388,2011,Cabo Verde,10.948,10.948
64.1388906392987,12.8387330003671,23.0223508482883,22.866805055081137,1997,Zimbabwe,6.93,6.93
2.63650478185147,20.0656369285111,77.2978498133565,27.932085523353763,2015,Australia,6.055,6.055
13.6490853287543,24.0677519233109,62.2835007639161,22.288899848169425,2021,Eswatini,34.153,34.153
17.6957591758971,16.8481063113204,65.4565001956403,21.048159334074285,1991,Fiji,4.633,4.633
85.990346911932,3.27820942648916,10.7314436615789,21.704288396465728,2018,Burundi,1.146,1.146
0.213015912820205,14.0007468504173,85.7862372367625,26.605695163781387,2022,"Hong Kong SAR, China",4.318,4.318
41.8831406735805,14.877620040082,43.239228494787,24.475832887787845,2016,Sudan,13.606,13.606
6.51803363040062,23.3236778239821,70.1582885456173,26.784950857287782,2009,Saudi Arabia,5.377,5.377
22.2354209957696,24.812042428412,52.9525365758185,24.726780806997166,2000,Algeria,29.77,29.77
8.9167898810929,23.1427754929612,67.9404346259459,22.918493710026947,1999,Iceland,2.178,2.178
54.9450549450549,13.9860102991646,31.0689347557805,22.76683535018846,1999,Ghana,10.1,10.1
45.4934620699764,16.4658049720864,38.0407329579372,23.131735716521376,2007,Albania,15.966,15.966
12.6123159974571,33.3358164855317,54.0518675170112,25.62702513837327,2002,Portugal,4.497,4.497
2.11060753210316,18.9382036617388,78.9511888061581,26.527227207715885,2017,Denmark,5.833,5.833
6.78674142680373,23.6691358191191,69.5441227540771,24.361239121645216,2022,Latvia,6.815,6.815
14.9330589096599,33.5918802992628,51.4750424929127,24.714316924037593,2009,Syrian Arab Republic,8.14,8.14
14.5874769902376,27.5306939307418,57.8818290790206,24.146226403523144,1993,Libya,19.005,19.005
59.5676558671386,7.98802069153281,32.4443234413286,19.951655369604165,2005,Timor-Leste,3.563,3.563
49.9195895236636,13.0612323042251,37.0190870037707,21.999904405860413,2000,Albania,19.023,19.023
26.195839107816,16.4155879303124,57.3885670476657,26.075161808957354,2017,Peru,3.691,3.691
37.1460067373979,8.56500275280516,54.2890081673027,22.93478716815446,2000,Angola,16.682,16.682
1.35533894550288,12.9100575985822,85.7346034559149,24.72086617308473,2009,Luxembourg,5.194,5.194
2.33807244711671,33.4047607299692,64.2571668229141,22.06416781337185,1996,Malta,6.337,6.337
1.7761653284296,28.124222035603,70.0996126359674,22.67363873362119,1998,Bahrain,1.117,1.117
8.43198659188375,37.7899879949026,53.7780254132137,24.102918626087366,2003,Slovenia,6.479,6.479
3.26552830621132,14.4900297960119,82.2450148980059,23.03538137077096,2010,"Bahamas, The",14.432,14.432
3.29388696378061,29.6487361347162,67.0573769015032,24.164409077168965,2018,Estonia,5.412,5.412
64.131589449135,8.57387246127809,27.2945163302013,22.27381791090006,2003,Mali,1.281,1.281
32.334498641447,23.7199789101912,43.9455224483617,26.717965740213433,2015,Thailand,0.597,0.597
6.1963653951378,23.5603852253164,70.2433363692749,23.57922190931161,1999,Lebanon,8.745,8.745
44.8010017494912,16.6526826382124,38.5463156122964,20.459823116855596,1993,Mongolia,5.845,5.845
50.3000004395611,10.607781110302,39.0923649704981,21.332514290578708,2022,Guinea-Bissau,2.666,2.666
14.407030942359,17.7168786439728,67.8761427085507,24.968598815750436,2019,Panama,6.256,6.256
5.70521135663329,27.7727693639566,66.5220192794101,26.170781427976976,2006,Ireland,4.355,4.355
50.5655718731514,6.48131478099843,42.9531133458502,20.005876198968235,1999,Solomon Islands,2.202,2.202
40.1761815559647,18.3565865167457,41.4672319272896,24.947945866781865,2019,Ghana,3.16,3.16
78.8547796480776,8.71412069081318,12.4311148566408,22.17323086321406,1997,Madagascar,5.969,5.969
29.8341971682511,34.3746459040729,35.7911569276759,21.59485300777004,2019,Lesotho,16.876,16.876
49.1196159339049,6.04848276214977,44.8319013039453,19.663124191406794,2002,Solomon Islands,2.696,2.696
12.0234734250695,27.9795314767621,59.996985322951,26.672166857496173,1998,"Korea, Rep.",6.963,6.963
22.1771055812182,25.3745922945744,52.4478882100697,20.403241597333356,2002,Guyana,11.81,11.81
7.69432511495219,21.5555702812962,70.7501046037516,27.046786312885363,2016,Argentina,8.085,8.085
38.1232033837351,21.4174538960672,40.4593427201977,26.647466665906872,2020,Bangladesh,5.436,5.436
77.1273020116961,6.64566785641066,16.2269854662446,21.963096995134993,2006,Lao PDR,1.198,1.198
17.0738047208224,33.1360046448962,49.7901906342814,24.580017156538858,2012,Tunisia,17.63,17.63
31.5347017490538,16.5147411200973,51.9505503797525,25.349913532568486,2007,Peru,4.08,4.08
37.753193378364,22.0573922358546,40.1894143857814,22.317941102544744,1993,Honduras,3.097,3.097
0.439647170460157,27.8433727463356,71.7169477633358,25.796676746372867,1996,"Hong Kong SAR, China",2.83,2.83
43.0348174885549,23.0910599324286,33.874136166117,24.38760373221375,1995,Morocco,14.052,14.052
65.9400864088283,4.61974910207694,29.4388631513196,19.566403736497637,2003,Vanuatu,8.682,8.682
1.06892474158292,9.11830869023959,89.8127665681775,25.115263599262327,2022,Luxembourg,4.588,4.588
2.32572469014471,22.6848271803862,74.9894481294692,23.711900744464163,1992,Kuwait,0.875,0.875
60.3369221962174,7.21890740753602,32.4441703962466,23.71451068419273,2022,Guinea,5.267,5.267
16.3754753623361,25.2943470021264,58.3301776355375,27.363860324753354,2003,Mexico,3.455,3.455
39.0422490123202,32.8543236986686,28.1034272890112,24.126887115437505,1994,Romania,8.17,8.17
65.2541894141999,9.00795255488713,25.737858030913,21.75772060028795,2001,Afghanistan,7.953,7.953
9.84814854423086,23.8203129194769,66.331537426932,28.53330533408536,2012,Brazil,7.251,7.251
15.3685111367603,17.8746012806358,66.7568875826039,24.826174367774556,2017,Costa Rica,7.729,7.729
59.210825798175,9.82042068139442,30.9689834261003,20.26879203683945,2006,Guinea-Bissau,3.154,3.154
2.25538794543244,29.4489798645164,68.2963002552009,22.53223331252083,2004,Malta,7.317,7.317
91.9638214316595,2.45480192475131,5.58137664358922,20.878043588134094,1991,Burundi,3.158,3.158
52.7617844728305,12.1259476056696,35.1122867334642,23.616276223858474,1997,Cote d'Ivoire,3.973,3.973
38.0783461432966,19.3812800344917,42.5403738222117,23.307887227702352,2017,Albania,13.616,13.616
15.5800321036568,25.040025968917,59.3799419274262,27.43191048084318,2004,Mexico,3.937,3.937
79.0562700201385,8.66223970484174,12.2814902750198,21.9128750396695,1991,Niger,1.583,1.583
4.57570366944431,25.9074742637615,69.5167981277774,26.779066938166164,2013,Austria,5.367,5.367
66.4350777158028,4.29938075839115,29.2658684749132,20.3526528967319,1991,"Gambia, The",9.861,9.861
5.29566038806515,32.2217099151371,62.4826281668632,29.041608670743223,1998,Japan,4.078,4.078
23.5568557445949,24.7597831563804,51.6833610990248,24.455307545182162,1995,Algeria,31.84,31.84
2.55829811714711,19.0584611305181,78.3832485056462,27.962282538784226,2019,Australia,5.159,5.159
71.9231400341055,7.23149173221559,20.8453682336789,22.182645330319236,1997,Zambia,13.305,13.305
28.7947428685219,14.7840228340054,56.4212342974727,20.465972852588475,2012,Samoa,8.752,8.752
42.9476104582384,24.1353943662159,32.917009920661,24.241092090156094,1992,Morocco,13.8,13.8
9.99899805543964,29.6306772962949,60.3703305282218,27.105110095465374,2004,Russian Federation,7.763,7.763
60.4107804621604,9.89477991314099,29.6944396246986,19.838015509463936,2001,Guinea-Bissau,3.154,3.154
8.80046672216819,28.678501331559,62.5210319462728,24.805961041129912,1994,United Arab Emirates,1.836,1.836
16.390530657853,22.2911824228411,61.3182616159055,23.791215644373832,2018,Syrian Arab Republic,13.497,13.497
10.704442414869,32.1544271593095,57.1411304258214,25.090344671860365,2014,Belarus,5.902,5.902
83.1629506830224,4.02965904616833,12.8073902708093,21.281172655900747,1997,Lao PDR,2.352,2.352
11.8382835657588,21.880657290071,66.2810591441701,21.51403847317161,2018,Cabo Verde,12.17,12.17
36.9042512267146,29.4385203594488,33.6572284138366,21.311103925389997,2006,Lesotho,16.107,16.107
68.5864549883784,14.3562016527784,17.0573268379977,23.252622978799764,2008,Nepal,10.613,10.613
78.8209940888975,8.31805548000845,12.8609504310941,21.695318003781434,1998,Niger,1.389,1.389
46.9002456144917,22.4994640619197,30.6002903235885,28.31623518808059,2004,China,4.49,4.49
6.22197266006545,23.5826144281211,70.1954129118134,27.345897545496502,2012,Saudi Arabia,5.622,5.622
2.1482827369619,25.1005434137358,72.7511298766744,25.41833773137099,2016,Kuwait,2.16,2.16
78.7069055039846,5.97629946013451,15.3167950358809,23.21484153068961,2011,Burkina Faso,3.827,3.827
8.39368540533439,30.9699013223431,60.6364132723226,24.555532262794767,2012,Slovenia,8.841,8.841
72.2242946717622,8.96754409186335,18.8081612363745,22.2084329236766,2008,Zimbabwe,5.357,5.357
67.3491037802489,5.69805610107816,26.9528082994671,22.627893370639857,2009,Guinea,4.967,4.967
8.85679642823909,28.8236761284874,62.3195330769836,27.89315726090388,2007,Russian Federation,6.002,6.002
6.24102253142787,27.4223467655997,66.3366307029724,24.845033104808888,2018,Croatia,8.432,8.432
23.3208163114616,27.5821771240243,49.0969710653029,24.06733737536337,2005,Serbia,20.85,20.85
53.4233279860809,6.91047762810916,39.6661943858099,24.984507535699688,2019,Angola,16.497,16.497
27.6917436982953,22.3807316457614,49.9274854058246,22.83603410202001,2018,Kyrgyz Republic,3.67,3.67
47.9918074367169,13.6236816498573,38.3844993843472,22.821466420423345,1991,Kenya,2.792,2.792
91.2383529631063,2.33939845386753,6.4222485830262,20.531372036568847,2002,Burundi,3.169,3.169
38.5821892534258,16.0221616417428,45.3956491048314,24.66958879793832,2000,Peru,4.958,4.958
28.7220771326692,21.8134433180711,49.4644795492598,23.766825510714458,2015,Honduras,6.147,6.147
40.3006830409583,22.2967481836331,37.4025687754086,25.339919358747565,2009,Morocco,8.96,8.96
67.1813992395049,12.0011555110621,20.817445249433,22.63685720768567,2001,Zimbabwe,5.318,5.318
1.55280731151544,24.6725001696308,73.7746925188537,26.97194310964225,2008,Belgium,6.976,6.976
32.7603763458636,16.7155636818382,50.5240391783305,24.146203147426775,2013,Bolivia,2.437,2.437
13.1963420879566,32.8306553277474,53.9730373990069,23.30696072285961,2000,Bulgaria,16.218,16.218
19.1378364156615,29.0595906740471,51.8025729102914,24.42371110797281,2007,Syrian Arab Republic,8.42,8.42
0.364770818334533,14.1508679305656,85.4843612510999,22.204188327372513,2007,Guam,8.3,8.3
25.3271949824028,27.6067196949906,47.0660853226066,25.211887670590635,2019,Sri Lanka,4.67,4.67
2.53030669070141,36.4428857482671,61.0268075610315,26.43313385150751,2022,Czechia,2.224,2.224
67.6088866582039,6.46514816747368,25.9259651743224,24.582181689584743,2015,Tanzania,2.159,2.159
54.6002019869737,13.6035107684087,31.7962872446175,23.272226104234747,1994,Sudan,15.64,15.64
33.521095225329,23.6385544298353,42.8403503448357,23.794863727800823,2003,Guatemala,2.807,2.807
1.80749588195158,20.1505184031391,78.0419857149093,28.111806022457742,2010,Canada,8.178,8.178
70.3852898489783,8.92528683470544,20.6894233163163,23.452881832265792,2018,Chad,1.135,1.135
8.35953775184794,29.4687273029534,62.1717273263432,27.188245671547175,1996,Spain,22.142,22.142
54.1423995325058,11.7547779800442,34.10282248745,22.84115345422286,1994,Cote d'Ivoire,5.041,5.041
3.50665883016491,23.8417219921934,72.6516191776417,24.024046175915764,2010,Jordan,12.5,12.5
7.95713627768735,29.3989142944869,62.6439494278258,24.253594976037395,2008,Latvia,7.739,7.739
52.5036894726253,20.5655620060243,26.9307485213504,25.73510345174356,1997,Thailand,0.873,0.873
27.1240598516649,26.9123885298182,45.9635642307627,25.158069612729843,2020,Sri Lanka,5.364,5.364
9.72337461057971,32.1348059551951,58.1418194342251,22.67328335091642,2006,Mauritius,9.04,9.04
44.8942745903873,15.6476249155502,39.4582656771101,21.409349517892704,1999,Mauritania,10.036,10.036
1.10915027730949,19.6113535593574,79.2794961633331,28.511825595455022,2009,United Kingdom,7.627,7.627
44.593516271076,20.7135338473192,34.6929626143223,23.67474427800341,2015,Afghanistan,9.052,9.052
13.2320802022504,31.4335838199707,55.3343534251881,24.935977385188206,2011,Syrian Arab Republic,8.627,8.627
75.1899365192513,7.21156717496219,17.5984963057865,21.685996482275122,1992,Malawi,5.073,5.073
1.168168553967,19.8584065923982,78.9734248536348,23.210318755706922,2016,Malta,4.687,4.687
1.21816556033436,21.3930693328736,77.3887651067921,27.011101012383754,2014,Belgium,8.523,8.523
19.6589106201493,32.1586252085235,48.1824295759787,23.86489841822176,2002,Tunisia,14.55,14.55
75.1301330248699,6.52539349057928,18.3444090782035,21.1029752725615,2006,Central African Republic,5.235,5.235
6.15070788554595,37.5990706713964,56.2502214430576,24.14839650402274,2001,Slovak Republic,19.148,19.148
70.5545146590245,6.7776912100408,22.6677770825839,23.46454730552032,2011,Mali,1.422,1.422
52.739336522266,15.5639436776854,31.6966423235511,23.039962080247754,2011,Armenia,18.884,18.884
6.95417410166092,24.6879019834475,68.3580956568184,23.34164703317298,2017,Mauritius,6.752,6.752
5.72373862696443,17.4520131273513,76.8242482456842,26.209461644712647,2011,Ireland,15.354,15.354
78.4531642787992,4.28677818214809,17.2600575390527,22.866224388813663,2007,Madagascar,3.205,3.205
68.6976283973903,6.46972882718531,24.8326427754244,20.022308691270272,2001,Bhutan,1.9,1.9
3.52981789936998,15.291009154822,81.1785090718378,22.645061849065616,1998,"Bahamas, The",7.65,7.65
13.6489918573811,24.7887813289856,61.5622249065315,27.80558052161193,2017,Mexico,3.419,3.419
2.35004534001808,19.9647807948922,77.6851702221508,28.6047978288064,2020,France,8.009,8.009
62.1409788039701,8.08835424107956,29.7706669549503,23.243303128326524,2022,Malawi,5.037,5.037
4.25404062239679,24.1373239239231,71.608631587583,28.238117902906414,2003,France,8.306,8.306
24.4573676928398,17.6279833967485,57.9124870287098,19.052065099581355,2008,Sao Tome and Principe,15.426,15.426
44.8314243323101,22.754578552198,32.413997115492,21.655704502345092,1996,"Congo, Rep.",20.033,20.033
23.2065482297067,30.6961031017756,46.0973550185255,25.426260433622936,1998,"Iran, Islamic Rep.",10.358,10.358
7.81588665941079,26.3374543019005,65.8466590386887,21.792039858365715,2020,Suriname,8.76,8.76
16.4966262364008,29.3119023860961,54.1914108289819,23.820399306818988,2000,Croatia,16.064,16.064
5.8296239070988,24.2369618266318,69.9321880096629,22.017390645298384,1999,New Caledonia,18.293,18.293
10.4426284108733,43.1328461466654,46.4245254424613,23.785133270097177,1995,Slovenia,7.15,7.15
2.63197306471825,29.4603979056366,67.9076290296452,26.138129010587807,1993,Belgium,8.078,8.078
38.708220928875,15.3269226199271,45.9649597720329,20.391945211031295,1991,Somalia,19.315,19.315
38.9780196113301,33.7378030470882,27.2841773415817,23.9469965245806,1992,Romania,8.26,8.26
21.7070072809889,19.2239574947673,59.0690352242437,20.641895088406358,1999,St. Lucia,18.09,18.09
12.4450823807582,30.4519134111366,57.1029979393507,26.69382562103072,1996,Russian Federation,9.665,9.665
17.9804416021865,25.6817369542269,56.3378214435866,22.98135720035898,1993,Costa Rica,3.95,3.95
1.33770979897549,19.2657927519526,79.3964871109641,28.335295532746542,2021,Canada,7.527,7.527
53.1290106275778,10.9312710013598,35.9397183710624,21.757628728831435,1995,Haiti,7.565,7.565
0.430617165203855,22.1415056730094,77.4275607641635,23.795393570746636,2009,"Macao SAR, China",3.58,3.58
49.9661372760834,11.0916533115406,38.942209412376,23.953335309107537,2006,Cote d'Ivoire,6.009,6.009
16.11121157597,20.0382806675205,63.8505077565095,26.501016301464013,2019,Colombia,10.28,10.28
4.22291048505376,19.6063070395565,76.1707878924125,27.84856153329974,2016,Spain,19.635,19.635
12.5049303113466,25.1518535894742,62.3436312832926,22.807864322617696,2021,Guyana,14.557,14.557
9.9850382135506,24.5091430540098,65.5058187324396,25.237819207859705,1998,"Venezuela, RB",11.15,11.15
2.01267482517483,19.3815559440559,78.6057692307692,22.211213852018638,2005,Virgin Islands (U.S.),10.878,10.878
2.58258008904494,36.5549255454596,60.8624943654955,25.402918094866127,2020,Slovak Republic,6.719,6.719
35.121004300327,28.0049954953378,36.8740002043352,21.985914843817326,2001,Turkmenistan,10.851,10.851
23.4396917847548,33.5067140225456,43.0535417537372,24.547942863979394,2020,Turkmenistan,4.501,4.501
1.6927826532839,22.0102484672671,76.2969681896463,30.19898109077642,2005,United States,5.084,5.084
16.7224823500708,15.7069995198038,67.5705181301254,23.36781496454029,2016,Jamaica,8.634,8.634
60.8798312109561,7.14690627816494,31.9732367084691,23.560536570350408,2021,Guinea,5.827,5.827
31.0700300619083,19.5814943102005,49.3484756278912,24.419310755977857,2018,Bolivia,3.519,3.519
3.44270841592794,21.1423527965873,75.414988344249,24.37618173271086,2015,Jordan,13.075,13.075
3.6958108390015,39.211972663409,57.0922244791381,28.260052392773513,1991,Germany,5.316,5.316
8.44284596976938,34.900420002889,56.6567340273416,27.853438355158207,1991,Italy,10.097,10.097
46.2037773700571,15.9036335853625,37.8925890445805,21.461255448396887,1995,Mauritania,9.797,9.797
67.5644181312499,5.72617815745682,26.7094037112933,22.66404570345981,2008,Guinea,4.829,4.829
3.39768064954015,11.8168923144189,84.7854270360409,23.198197905671375,2016,"Bahamas, The",12.7,12.7
59.6860498871322,9.38622449642766,30.9277256164401,18.719302763860878,1995,Liberia,2.391,2.391
3.30887516648505,11.9011986923356,84.7899261411793,23.244737432948888,2017,"Bahamas, The",9.8,9.8
61.7774388017558,16.4715408894334,21.7510203088108,23.40334537308821,2008,South Sudan,12.298,12.298
43.2397408749235,15.0176128779744,41.7426462471022,21.375074270480233,2003,Kyrgyz Republic,2.162,2.162
14.7568024647795,33.6512253957482,51.5919721394723,24.84052632667606,2010,Syrian Arab Republic,8.61,8.61
8.99562861859697,21.2581672750948,69.7462041063083,21.452375745859488,2004,Montenegro,30.37,30.37
1.00426940824221,17.3803067161703,81.6154238755875,26.605060147805407,2017,Israel,4.14,4.14
12.8613914802011,21.508748349175,65.6298601706238,26.141569716051503,2022,Kazakhstan,4.86,4.86
15.5190564299864,34.1458973831593,50.3350461868543,26.672439087846424,2021,"Iran, Islamic Rep.",9.282,9.282
53.3508725677729,11.9424793546418,34.7066480775853,23.617582737612388,1996,Cote d'Ivoire,4.043,4.043
4.20503002496103,40.2745271507722,55.5204428242667,25.332785795998863,2003,Czechia,7.777,7.777
1.17651655226787,21.4341026059747,77.3893808417574,26.856760984871457,2015,Belgium,8.482,8.482
70.5728952189164,6.49363257000808,22.9334371645389,22.3128825539841,2003,Zambia,14.705,14.705
1.0340351380375,18.1753730778061,80.7906038783468,28.62307898637577,2020,United Kingdom,4.472,4.472
2.99099816287344,23.1172566720744,73.8917451650521,27.175314791385215,1998,Canada,8.278,8.278
43.5392448910397,20.4735493159518,35.9872057930085,25.99701695393798,2015,Bangladesh,4.396,4.396
1.38247563479602,24.1766001133481,74.4409242518559,23.537568342557528,2022,Brunei Darussalam,5.191,5.191
20.5926605450791,32.4248399590446,46.9824994958763,25.797776713221115,1997,Poland,10.964,10.964
52.1639834369854,15.4390158116037,32.3970007514109,23.07970799939066,2015,Armenia,18.261,18.261
1.16361136048694,20.7568484852585,78.0795401542545,26.939689820356104,2017,Belgium,7.09,7.09
21.059130196186,22.3746589228823,56.5662108809317,19.59135889635265,1993,Maldives,0.792,0.792
7.40591783970123,24.7645660860254,67.8289937583244,22.209920473460176,2011,Suriname,7.54,7.54
7.74339025118106,21.2617432809924,70.9948746214672,26.666816210445923,2012,"Venezuela, RB",6.601,6.601
1.55464617112857,47.0722979724166,51.3731036182419,25.89585708569525,2019,Qatar,0.1,0.1
1.99584311773133,25.2533208928593,72.7508359894094,25.722844710907136,2021,Kuwait,3.002,3.002
56.1093377650292,13.7877208432241,30.1029413917467,21.217652546590614,1997,Armenia,10.8,10.8
3.69907769030736,29.8006119095811,66.5003018184109,28.513758544800663,2008,Italy,6.723,6.723
30.3650637147372,22.3513236727719,47.2836523373723,22.622110959825147,2015,Kyrgyz Republic,3.338,3.338
72.9142840373257,7.3024334539717,19.7832825087026,22.77994579112639,2013,Rwanda,11.785,11.785
42.3139305558537,11.1726219115386,46.5134475326077,22.245237410911948,1999,Azerbaijan,10.9,10.9
2.35515500435497,31.2532041613568,66.3916408342883,28.67915303165077,2004,Germany,10.727,10.727
86.3098499663886,3.47201704926411,10.2181111799887,21.725215585190778,2017,Burundi,1.247,1.247
3.67409028621088,23.7089554489952,72.6169465891312,28.47166612855821,2006,France,8.832,8.832
70.4185548973909,7.22329220249647,22.3581529001126,23.269334916869255,2006,Zambia,13.229,13.229
61.6169684663207,15.9162025611592,22.4668598135107,23.227261176727136,2009,South Sudan,12.463,12.463
17.4588285132876,14.9336944270033,67.6067205785568,21.432655393544167,2013,Belize,8.349,8.349
1.95220937487704,21.9841372448721,76.0630912698636,23.809721313458795,1999,Luxembourg,2.39,2.39
52.6355822914817,15.8923372742226,31.4720032124296,22.943154007288467,2007,Armenia,10.394,10.394
7.7472774908842,27.7436649986596,64.509058929457,28.052960911529336,2010,Russian Federation,7.407,7.407
0.463516031920485,13.0421624376802,86.4943215303993,21.945275004053084,2002,Guam,11.39,11.39
37.8844153113865,18.2454759607351,43.8706477852827,20.68870503435869,2015,Comoros,4.121,4.121
8.95288488546274,19.4777958602936,71.5692970852418,25.08695883802416,2020,Dominican Republic,6.126,6.126
19.4296317647907,19.4260286805506,61.1443395546588,19.493179260750964,2016,Sao Tome and Principe,9.686,9.686
1.36441702181795,16.6846892691305,81.9508937090516,23.28283898797307,2015,Brunei Darussalam,7.726,7.726
7.36423057344609,33.3594766312852,59.2763218004069,25.877212994654226,1991,Austria,3.42,3.42
44.0492668798213,20.6904208831907,35.2603122369879,25.595791254089495,1994,Turkiye,8.577,8.577
12.2428080273739,28.2752756394795,59.4819163331466,22.110484770767204,2001,West Bank and Gaza,21.493,21.493
69.5660002818115,7.17839436403818,23.2556388234471,23.46208997257562,2022,Lao PDR,1.209,1.209
4.04335441510163,17.9462173514218,78.0104282334766,23.79734491301934,2020,Iceland,5.478,5.478
79.8550936458854,5.68619647674525,14.4587098773693,22.9694324707375,2008,Burkina Faso,3.496,3.496
10.0197914039068,22.338198026287,67.6420105698062,24.609304172544867,2015,Libya,19.676,19.676
2.94919344613527,22.6822571480547,74.3685456612067,28.624300993180935,2009,France,9.122,9.122
25.2128716520937,23.0539606649543,51.733167682952,23.87395842611649,2020,Honduras,10.982,10.982
29.9095508201748,18.244672696612,51.8457764832132,20.587904200160686,1997,Belize,12.68,12.68
55.9862194851218,13.1118392382894,30.9019412765887,23.226002420670515,2021,Equatorial Guinea,8.976,8.976
30.4206265580957,14.0543583377838,55.5250151041205,22.317882329685666,2003,Namibia,22.052,22.052
26.1925740999094,23.7939643145605,50.0130536586958,20.359069807933242,1999,Guyana,11.802,11.802
15.7029509137927,20.0803201039091,64.2167289822983,24.66343120312078,2014,Panama,4.391,4.391
6.68039768987861,12.4288742608502,80.8907280492712,23.823615827639877,2001,Oman,4.281,4.281
16.6884241876481,32.2931439579022,51.0184360867443,26.852409036569345,2016,"Iran, Islamic Rep.",12.618,12.618
57.326926169324,16.9283386121368,25.7447352185391,26.96731455649064,2002,India,7.753,7.753
6.75356767011514,29.7897969539673,63.4566353759176,24.71094156581789,2016,Bulgaria,7.575,7.575
26.6013854364911,22.7032541435932,50.6953604199157,24.93565042717821,2012,Uzbekistan,4.87,4.87
24.4032296963007,26.3485599741001,49.2482103295992,23.945613647333197,2004,Syrian Arab Republic,9.513,9.513
12.7142852541598,23.1627930197054,64.1229056217268,25.529695005756004,2005,Chile,9.34,9.34
5.36480596776183,33.2618048947593,61.3733891374788,29.13341901550306,1997,Japan,3.374,3.374
76.3554121512167,6.51161580478155,17.1329720440017,22.789238774417395,1999,Ethiopia,3.714,3.714
12.3541796336497,30.6429159502497,57.0029608454012,24.805845897513926,2007,Croatia,9.909,9.909
23.4465673535117,33.3218870597732,43.2315455867151,24.53508958766188,2019,Turkmenistan,4.043,4.043
52.3726305633996,16.0182857284442,31.6090837081562,23.17960502098323,2008,Armenia,17.1,17.1
20.8074819440291,29.4538694720964,49.7386485838745,24.527436980268458,2007,Serbia,18.06,18.06
71.1931552243836,7.88147704366602,20.9252429183907,19.983240134425788,1992,Eritrea,5.256,5.256
62.1569246422929,17.1125538868274,20.7305214708796,24.232828993016607,2020,Nepal,12.975,12.975
26.8104381230072,25.2781591410159,47.911346835828,22.38193998566403,1991,El Salvador,7.53,7.53
17.0077433628319,16.8342719227675,66.1583438685209,21.32524689069176,1994,Fiji,4.611,4.611
42.3017642793465,11.1198123266773,46.5783971503636,22.21535354866784,1998,Azerbaijan,10.0,10.0
13.4427509346932,24.7314099901159,61.8258390751909,22.08661947318547,2015,Eswatini,23.285,23.285
1.34480903711673,15.3119956966111,83.3431952662722,22.2288975808768,2021,Virgin Islands (U.S.),14.273,14.273
25.5684615138818,16.3108065561667,58.1207319299514,26.1541278857507,2019,Peru,3.379,3.379
8.15405968077724,23.0971678472759,68.7487724719469,20.96557676474434,2003,Suriname,10.359,10.359
11.3778109627547,18.8092937456079,69.8136273131881,21.743682409358367,2011,Maldives,10.06,10.06
18.5288644042939,31.6198040441349,49.8513457904802,24.80363908943084,1992,Malaysia,3.71,3.71
17.7382462415005,16.9629799061501,65.2991204175417,21.460535704995156,1997,Fiji,4.728,4.728
59.6738065998989,16.4131514675521,23.9130370289115,24.400895074853317,2003,Viet Nam,2.25,2.25
1.3617600748968,16.331546023235,82.3066939018682,23.156902530348493,2016,Brunei Darussalam,8.574,8.574
7.90631751234114,27.9331884982475,64.1604939894113,25.36101589377865,2001,United Arab Emirates,2.444,2.444
11.8732718126395,27.1390656405814,60.9876625467791,22.608863349780275,1993,Cyprus,2.7,2.7
3.28289539643088,21.5745877004306,75.1425169031385,26.757907879374496,2000,Netherlands,2.725,2.725
3.59282408811438,25.3643513374312,71.0428245744544,29.282047739664556,2013,Japan,4.038,4.038
3.77505558319935,25.0954190239792,71.1295253928215,23.562954478968365,2007,Jordan,13.1,13.1
1.70871948871607,19.5692897525135,78.7219913782106,30.65905193035604,2018,United States,3.896,3.896
60.4820594321712,15.4319806867748,24.085959881054,20.806330703697924,1999,Tajikistan,4.45,4.45
6.32093812783387,31.3139869891995,62.3650748829666,23.5129943305622,2018,West Bank and Gaza,26.256,26.256
18.1043566415479,26.1723110145939,55.7233323438582,22.872671167162768,1992,Costa Rica,3.93,3.93
17.7106140491443,23.3120585947729,58.9773273560828,23.181008917255625,1996,Costa Rica,6.16,6.16
2.77992601015129,34.3901609269964,62.8299130628524,28.440955442885958,1998,Germany,9.787,9.787
17.8756755893694,29.4791475399366,52.645176870694,23.520812311772854,2015,Bosnia and Herzegovina,27.695,27.695
1.03951074720593,35.2436672757928,63.7169481771648,24.24622885692923,2016,Bahrain,1.192,1.192
22.3258363236707,31.1619644143209,46.512204878896,25.56649774529345,2001,"Iran, Islamic Rep.",12.36,12.36
10.6450302749412,21.0543647930115,68.3006049320472,26.015248657621978,2005,Argentina,11.506,11.506
16.6935507997926,16.9153137340939,66.3911354661135,23.502405297284163,2017,Botswana,19.664,19.664
4.35361347744629,20.0579423643174,75.5884441582363,27.90998082554675,2017,Spain,17.224,17.224
47.1450374018562,14.574652703812,38.2803572324615,21.326253373831523,1996,Kyrgyz Republic,1.525,1.525
28.5888984158666,18.3587984763083,53.0523031078251,20.148950903876212,2001,Cabo Verde,13.278,13.278
67.1900681976464,5.669826436962,27.1401612147458,21.3827858652826,2002,Sierra Leone,3.903,3.903
36.0486472495549,30.4465395438762,33.5048132065689,21.88658532535634,1992,Turkmenistan,1.5,1.5
76.1451281727227,5.29234380843615,18.5625280188411,23.317444890322037,2008,Chad,0.906,0.906
16.5504759648837,26.8921047566879,56.5574143435929,25.673508106272216,2010,Ukraine,8.1,8.1
20.3286356418536,32.286354953358,47.3850141311691,26.305265490234653,2006,"Iran, Islamic Rep.",11.519,11.519
5.4854475098072,30.2069766497337,64.3075758404591,27.698520296095136,2004,Spain,11.09,11.09
5.80478780573794,29.3652869906864,64.8299252035756,26.003812265753293,2001,Austria,4.007,4.007
56.2106035994568,5.97531888021973,37.8140775203235,21.169083681797975,2008,"Gambia, The",10.092,10.092
9.34050746221651,22.7187154400836,67.9407770976999,26.34422545950849,2017,Chile,7.257,7.257
15.5994068130811,24.2447861285521,60.155801896629,25.259684580211164,2016,Ukraine,9.35,9.35
47.0955880773708,6.88570925382623,46.018702668803,20.13062363116829,2005,Solomon Islands,1.885,1.885
11.8742448728286,19.749200750781,68.3765773416722,26.41503525762839,2010,Greece,12.719,12.719
15.6808083561797,17.1813796080311,67.1378120357892,23.534107658980027,2005,Panama,6.002,6.002
45.0124992781692,21.1190290442055,33.8684716776253,25.323270729199027,2000,Pakistan,0.634,0.634
0.233844180595045,13.676277215126,86.0898786042789,26.45785430536427,2015,"Hong Kong SAR, China",3.314,3.314
69.7004440641756,7.63299680419316,22.6665591316312,22.795114569665934,2004,Uganda,2.705,2.705
50.690586983668,12.7375565887206,36.5718971425826,22.5959303972813,1998,Senegal,2.769,2.769
23.9670452189989,24.9965212601526,51.0364142747082,24.594532123807024,1992,Algeria,24.38,24.38
32.6111336467734,15.3586159300132,52.0302504232134,26.17951272147799,2011,Philippines,3.592,3.592
9.1660627093698,24.7236802354913,66.1103314646622,24.60083292999202,2014,Lithuania,10.698,10.698
1.37603253648279,22.2144068656745,76.4095640060319,28.564436382404264,2005,United Kingdom,4.835,4.835
41.1179954476934,14.5267009047163,44.3553036475903,24.199378353004423,2018,Sudan,12.303,12.303
55.203335600104,14.1872686875398,30.6094740569659,21.5888252425624,2002,Armenia,10.833,10.833
7.23725218973328,25.6003159435406,67.1624276835948,27.790256634487143,2007,"Korea, Rep.",3.013,3.013
54.6864143703109,15.1113278386527,30.2022577910364,23.70641393776359,2008,Equatorial Guinea,7.831,7.831
80.5419533136307,5.32929773747646,14.1287489488928,21.28754311698439,2002,Lao PDR,1.775,1.775
23.7042220493162,26.2226359094294,50.0731377051125,27.37866405812101,2010,Turkiye,11.879,11.879
16.933665995938,34.0999771484211,48.9663658914569,26.85944697378467,2014,"Iran, Islamic Rep.",10.68,10.68
9.57710511714629,19.4213755977199,71.0015416308483,25.093602847718618,2017,Dominican Republic,5.832,5.832
53.2995330676931,12.1727641754533,34.5277805659366,20.818175053446403,1991,Albania,10.304,10.304
2.20150703021829,4.48768740775266,93.3108055620291,20.2485224592426,2003,Djibouti,26.488,26.488
38.6275934316906,16.3835318706434,44.9888783715048,25.033963162934626,1998,Philippines,3.698,3.698
57.6492457396606,6.07067130241092,36.2801275781568,22.762684386681517,2014,Sierra Leone,4.678,4.678
1.90224617512011,22.210009395997,75.8877444288829,22.97199174917439,2019,New Caledonia,10.88,10.88
77.0606789064898,7.31835972028486,15.6209470120678,22.894939049543666,2011,Niger,0.316,0.316
15.9964967303772,33.252249747002,50.7511101809831,22.112827774541703,1993,Estonia,6.544,6.544
67.2439274760693,7.35615831345646,25.3999142104742,23.693451944341266,2014,Zimbabwe,4.774,4.774
12.3952719252106,21.6531021086792,65.9516259661102,24.15083720393832,2008,Costa Rica,4.934,4.934
2.3460386560398,4.46131941148552,93.1926419324747,20.165379076566257,2001,Djibouti,26.599,26.599
14.021105578874,16.3109419341683,69.6679524869577,21.5756769776343,2009,Maldives,11.697,11.697
2.20740699842952,20.3156056757951,77.4769873257754,26.988594555172963,2013,Norway,3.425,3.425
20.8033763432719,18.0707746933443,61.1258489633838,22.982297468880525,1995,Panama,6.526,6.526
35.7052704381533,28.3113620662208,35.9834436657321,21.61958408038143,1999,Turkmenistan,12.7,12.7
8.79671776386168,25.0833739474805,66.1199082886578,24.47768421946419,2012,Lithuania,13.365,13.365
49.9999962065907,22.2999611515552,27.7000427823507,27.934849573772013,2001,China,3.8,3.8
15.0512214342002,20.6880417651694,64.2607368006304,20.04813712417089,2003,St. Vincent and the Grenadines,19.967,19.967
33.001527532664,22.472348692699,44.526123774637,23.416127966978706,2018,"Congo, Rep.",20.701,20.701
25.5738276569078,25.502642208122,48.9235375212684,26.529730396843284,2016,"Egypt, Arab Rep.",12.45,12.45
15.76179647527,18.7944757013193,65.4442179137833,21.2828002623453,2015,Cabo Verde,11.907,11.907
71.3166213530063,7.91569660855935,20.7676820384344,23.401516372502915,2015,Chad,0.974,0.974
63.3438790954749,7.61172140934198,29.0443842328519,23.013700571645632,2018,Malawi,5.014,5.014
30.9433557925396,24.8448568622451,44.2117873452153,24.794617426534487,2010,Sri Lanka,4.784,4.784
5.54935791932845,18.9847771602375,75.465864920434,22.237167797040414,2011,Montenegro,19.759,19.759
2.06953873789531,31.4546631942233,66.4757980678814,26.637513077929967,2015,United Arab Emirates,1.793,1.793
61.4858714388085,6.70114074332307,31.8120194449286,20.432699206483324,2012,Vanuatu,4.951,4.951
57.3242211467879,8.63136475297362,34.0444141002385,21.056681550728662,2013,Timor-Leste,3.564,3.564
73.5649747533613,7.84660519209491,18.5884262574967,22.484631775103807,1994,"Congo, Dem. Rep.",3.389,3.389
83.9176538790149,2.6046031320525,13.4777297835506,22.307111806579616,1997,Mozambique,2.7,2.7
41.6760952025852,22.1995481468332,36.1243566505816,25.969649703669877,1997,Turkiye,6.841,6.841
40.0937580266186,8.06937182407029,51.8368701493111,21.953711561150445,2018,Liberia,3.056,3.056
78.7512864322465,8.64036869243776,12.6083448753157,22.20531746739693,1998,Madagascar,5.9,5.9
20.9704530796517,20.9790793292486,58.0504675910996,23.786009353237386,2012,El Salvador,3.843,3.843
12.6806857164572,21.4511189095107,65.8681953740321,24.59636990163127,2008,Dominican Republic,4.764,4.764
7.33562291546529,32.1010601549952,60.5633169295395,26.20429705629289,1995,Austria,4.345,4.345
3.52861453947487,21.6724642657077,74.7989211948174,27.283213791564712,2013,Switzerland,4.747,4.747
71.0336398210172,8.40852450803991,20.5578356709429,24.587112298627858,2013,Ethiopia,2.251,2.251
3.52486794987717,25.3059905094257,71.1691415406971,29.219642746184178,2014,Japan,3.589,3.589
28.6998775639148,22.5813738931898,48.7187433038673,25.230941211445423,1999,"Egypt, Arab Rep.",7.95,7.95
3.65613239350842,25.3558864923484,70.9879811141432,26.816798681643544,2019,Austria,4.56,4.56
6.92359523382044,24.2974128857266,68.7789960655708,27.57333042939517,2009,"Korea, Rep.",3.363,3.363
34.2670822996834,22.0011299759775,43.7317877243391,23.35383955922306,2008,Honduras,3.156,3.156
13.5180401334047,23.5637299847292,62.9182298818661,25.072116791407137,1995,"Venezuela, RB",10.24,10.24
4.14289723126155,26.2749635960844,69.5821350909256,27.939210765287083,2000,France,10.218,10.218
51.7349543025227,13.6810778484316,34.5839740220447,24.82025571704886,2003,Bangladesh,4.32,4.32
4.11157815744307,22.657254190107,73.2311676524499,24.410321778534655,2011,Lebanon,7.349,7.349
29.3211055916444,14.8319393141709,55.8470966189728,23.24381557147255,2014,Namibia,18.521,18.521
36.5813878940867,16.2381248365718,47.1804723529027,23.54885117232992,1999,Kazakhstan,13.46,13.46
53.7470246286169,9.0529547827585,37.2000205886246,21.923503992970364,2006,Togo,4.229,4.229
73.5827416275495,7.84878905265577,18.5684693197948,22.453759535228176,1995,"Congo, Dem. Rep.",3.276,3.276
79.3690490097583,5.73656378745045,14.8943872027912,22.535604862812193,2010,Rwanda,11.673,11.673
37.5402475869356,25.7634186337438,36.6963209880965,24.002542076074214,2016,Cambodia,0.716,0.716
1.39233330341523,24.6406484898304,73.9670182067544,28.131691709614127,2001,United Kingdom,4.696,4.696
40.8000389804219,26.7999678401847,32.3999951946215,28.913080944614794,2007,China,4.35,4.35
2.94220627980605,34.6736006205832,62.3841959110379,28.4279835177339,1997,Germany,9.861,9.861
1.78133381250043,19.4748580132673,78.7438075353201,30.565139281411057,2016,United States,4.869,4.869
10.2167200576352,27.7347459953629,62.0485276576957,26.6236499789392,2019,Malaysia,3.26,3.26
4.1144890121887,25.8115861456516,70.0739248421597,23.157905562821682,2004,Jordan,14.628,14.628
35.2913481776892,15.8081311620693,48.9005206602415,18.336432185845002,1997,Sao Tome and Principe,14.421,14.421
53.7734140572107,8.22096350430041,38.0056781613679,21.945795398286453,2002,Georgia,12.59,12.59
1.94677669273179,24.1405715109365,73.9126517963317,22.5682447649127,1992,Brunei Darussalam,4.711,4.711
10.6872162119187,24.3432017479285,64.9701709648353,20.53567079375711,1999,Montenegro,30.676,30.676
48.6828548576354,11.5595010480869,39.7576869345354,21.645088299003504,1994,Georgia,8.4,8.4
62.0415818127658,14.7007875715584,23.257623162999,24.280443808894645,2002,Viet Nam,2.12,2.12
1.47761085710139,21.5625226794397,76.9598664634589,22.565254177105594,1999,Brunei Darussalam,5.434,5.434
2.92099334489992,28.3695618101109,68.7094448449892,25.38195231619477,1995,Israel,8.782,8.782
44.6754943536434,23.7036490372409,31.6208566091156,28.614915010097288,2020,India,7.859,7.859
33.5013585489484,17.4092867547428,49.0893681426289,24.487986423008362,2004,Kazakhstan,8.4,8.4
37.9852430869308,14.5602960093505,47.4544623205846,26.891627672950147,2022,Nigeria,3.821,3.821
5.21018714723599,31.7381249813442,63.0516878714198,27.789768206462664,2001,Italy,9.599,9.599
7.8570043382004,25.8568830565138,66.2861126052859,25.60775747491414,1991,Saudi Arabia,7.294,7.294
7.05443073529817,32.5261778803621,60.4193913843398,25.99274140923529,1992,Austria,3.59,3.59
6.43620181208269,25.6997008320497,67.8640973558676,24.732815948921584,2019,Lithuania,6.255,6.255
41.2835252576312,18.6698188741343,40.0466558682345,23.16301574861694,2015,Albania,17.193,17.193
30.6190970391335,15.0482298337436,54.3324868036393,23.54864423860691,2018,Gabon,20.439,20.439
2.64281442529203,22.4583933443506,74.8987037620273,25.11522584859195,2005,Kuwait,1.456,1.456
54.0863655183354,16.0925212157167,29.8211219177875,24.331644891085762,2009,Myanmar,0.715,0.715
9.33239287112637,22.8198132696499,67.8477949367139,28.220036030010117,2015,Brazil,8.538,8.538
12.7785190840784,32.8684476366487,54.353053666612,24.770377351581395,2010,Belarus,6.045,6.045
35.0596328732148,4.10683117780088,60.8335359489843,21.821715126063363,2002,Papua New Guinea,2.755,2.755
52.5540668462827,5.98740260685939,41.4585305468579,19.81404258716213,1994,Solomon Islands,1.82,1.82
19.1959469322396,30.729914930466,50.0741381372944,25.979839953354162,2001,Poland,18.435,18.435
2.26242380330599,24.8429258360305,72.8946016025807,25.814869261369378,2014,Kuwait,2.9,2.9
12.2669706532468,18.7285390571782,69.004490289575,21.173302937213432,2011,St. Lucia,18.86,18.86
41.7760665038538,26.3325600854428,31.8913734107035,20.86980945843826,2003,Lesotho,16.113,16.113
19.2891709055222,28.3550911254737,52.3557379690041,26.77458239090828,2021,"Egypt, Arab Rep.",7.441,7.441
21.5750221522103,24.9327229168718,53.4922549309179,20.484773061931644,2004,Guyana,11.28,11.28
0.471147768313363,18.857605889904,80.6712463417826,24.6655579765479,2013,"Macao SAR, China",1.82,1.82
54.6473817272638,11.6333300741693,33.7192532789519,23.611377665068602,1992,"Yemen, Rep.",8.342,8.342
70.8411521357835,6.26769868748864,22.8911491767279,21.591465978619308,2022,Central African Republic,5.956,5.956
20.3203347299476,20.1496752527595,59.5299841821824,25.704132610111742,2005,Colombia,11.062,11.062
18.4303123008705,21.7376246780311,59.8320630210983,25.250430918487776,1995,Colombia,8.72,8.72
67.1487980064257,6.71939639000526,26.131805603569,24.630766820938852,2016,Tanzania,2.23,2.23
21.9259624614354,22.7845436760922,55.2894938624724,26.792056971854986,1996,Mexico,5.465,5.465
89.5752480891354,2.66938264095415,7.7553996227746,21.027952057264997,2007,Burundi,2.401,2.401
27.3676440372279,13.8844962597122,58.7477075041664,23.291444865147263,2012,Namibia,16.771,16.771
32.8415269596738,30.1738785681921,36.9845944721341,19.01465506690017,2001,Tonga,4.48,4.48
1.80005538631958,18.3669556696419,79.8329889440385,22.158588429371694,2009,Virgin Islands (U.S.),11.527,11.527
15.6650116270356,16.8218429438603,67.5131454291042,24.933857329708193,2021,Panama,10.177,10.177
7.34182582455089,34.7788689118035,57.8793052636456,24.610676685351724,1998,Hungary,8.925,8.925
29.7121769044549,28.2069114547962,42.0809232338039,25.911306864440597,2012,Romania,6.794,6.794
40.4799899616882,18.5775579484019,40.9424520899098,24.971878841502445,2020,Ghana,3.313,3.313
23.0926390326987,26.7080361859457,50.1993247813556,25.75704921737083,1994,South Africa,22.942,22.942
9.69357826709979,32.7673723902879,57.5390493426123,23.375341348747124,2001,Bulgaria,19.921,19.921
30.1601612667919,18.9235964340005,50.9162422992076,25.61693013199266,2008,Kazakhstan,6.63,6.63
14.5883258303451,27.9512879507919,57.460386218863,24.864871416706134,2011,Croatia,13.678,13.678
5.65550578266124,17.4246652462788,76.91982897106,22.131205793409155,2012,Montenegro,19.808,19.808
16.3800207477477,28.7639260934518,54.8560531588004,25.6824867051846,2007,Algeria,13.79,13.79
31.4002868754097,30.0999024063236,38.4998145838115,29.90758294675562,2013,China,4.6,4.6
59.8526540961945,12.0147448900677,28.1326010137378,23.000316297261026,2007,Afghanistan,7.817,7.817
7.5108935460332,24.3493646354492,68.1397418185176,26.016764226456832,2015,Portugal,12.447,12.447
29.5715827857622,21.5353714015444,48.8930542533037,27.68839796845854,2020,Indonesia,4.255,4.255
73.7556749717848,7.73791673685256,18.5063965977737,22.53005162581529,1997,"Congo, Dem. Rep.",3.166,3.166
6.54804868238434,23.0031640513256,70.44878726629,26.476871425153465,2021,Chile,9.281,9.281
52.413214895053,12.4797001873829,35.1070849175641,21.78973117153151,1995,Albania,14.607,14.607
63.6700236966825,9.62889302640487,26.7010832769127,19.730870312899757,1998,Equatorial Guinea,7.886,7.886
4.1322779834172,22.8473444536756,73.0203775629072,26.322680031765135,2013,Finland,8.193,8.193
20.3207252566736,18.2889373642092,61.3903373791172,25.327185991490918,2000,Colombia,20.52,20.52
22.4965723239644,24.3944439003689,53.1085757189959,20.530749147566674,2005,Guyana,11.08,11.08
66.1356620997081,8.01536754932056,25.848961812685,24.03036921572674,2012,Uganda,3.551,3.551
13.3657810546625,27.5684014686919,59.0658096016223,26.42019712464674,2011,Malaysia,3.05,3.05
0.823493838982895,35.6284797136576,63.5480605747461,25.211452643853015,1991,"Hong Kong SAR, China",1.8,1.8
23.8742184642404,25.3323617359523,50.7934197998073,24.57247649796517,2009,Serbia,16.116,16.116
25.0617913715008,26.5571878179452,48.38101708577,26.23815630355207,2017,"Egypt, Arab Rep.",11.767,11.767
24.5433017260755,26.6479151262064,48.8087831477181,23.88421777750784,2003,Serbia,15.2,15.2
3.03035215963003,37.5114755360823,59.4581723042877,26.084672364858573,2013,Czechia,6.953,6.953
1.94449361094879,19.4780903564972,78.577416032554,28.05497736550755,2016,Canada,7.038,7.038
44.1012592441591,15.6105201242571,40.2882206315838,25.161723946570987,1995,Philippines,3.683,3.683
56.4419067592287,10.8169316169121,32.7411906547303,22.645804784939287,1997,"Yemen, Rep.",10.223,10.223
76.6136850225444,6.86086852494318,16.5254464525125,22.758593650153216,2012,Rwanda,11.701,11.701
14.4942549805398,18.5493188212522,66.9563701410343,24.88725599448935,2017,Panama,5.338,5.338
5.00903193847179,26.0696761740452,68.921291887483,26.008793247806057,2004,Finland,10.358,10.358
44.2755674610724,11.0884586451503,44.6359738937773,26.197446438327752,2006,Nigeria,3.756,3.756
1.21592447666869,19.2102555434201,79.5738199799112,28.541487960318506,2010,United Kingdom,7.924,7.924
20.1792405889944,31.8203551381525,48.0005014538274,23.141212933933808,2005,Bosnia and Herzegovina,30.227,30.227
13.7025391040547,20.9542817856686,65.3431791102768,25.925442195353078,2019,Kazakhstan,4.8,4.8
1.20934689495134,5.95783737603473,92.8328157290139,21.944920478367056,2021,Djibouti,27.668,27.668
37.2360210705646,22.0570184563121,40.7069604731233,25.503488233711536,2014,Morocco,9.7,9.7
20.6582357363618,28.5204887379656,50.8212108812139,23.042538111656523,1997,Lithuania,14.13,14.13
19.7966814891037,25.3436110396531,54.8592480981956,21.028681893146747,1993,Eswatini,21.75,21.75
20.5581737488659,30.3600029424025,49.081921388814,23.569728432320236,2012,Bosnia and Herzegovina,28.01,28.01
0.224266451713818,13.9473880957867,85.8283709692194,26.61416687488777,2018,"Hong Kong SAR, China",2.805,2.805
72.4383098810037,7.07635775199012,20.4853323670062,23.1378487526045,2017,Niger,0.554,0.554
2.56954373702797,23.2095720342696,74.2208739175849,29.835201114808036,1998,United States,4.511,4.511
8.71274983765062,22.1029655819323,69.1842845804171,22.923337508877278,2000,Iceland,1.936,1.936
5.54194724040575,22.6310191376708,71.8270336219235,23.72313547681616,2003,Lebanon,8.05,8.05
42.7732613835224,23.213777090461,34.012948259629,24.488216388365654,1996,Morocco,13.398,13.398
23.9314359420754,19.9634290230405,56.1051350348841,22.915753402061295,2004,Botswana,21.758,21.758
0.332569980562048,25.1727302059479,74.4946998134901,25.852486473867213,1998,"Hong Kong SAR, China",4.58,4.58
1.82015140636612,26.3153585509327,71.8644900427011,22.791192887435805,2007,Malta,6.472,6.472
16.3668487431391,35.9513848491152,47.6817664077457,26.524317307547076,1991,"Korea, Rep.",2.407,2.407
10.7375467695686,21.187565068773,68.0748170967868,23.705984841051304,2006,Uruguay,10.844,10.844
72.9450041219587,7.17923503356286,19.8757608444784,23.3932959570835,2008,Uganda,3.052,3.052
27.5463229486029,22.8695460083274,49.5841310430696,25.179892681383805,2015,Uzbekistan,5.15,5.15
1.78791916996377,20.2853836490512,77.926697180985,28.215093463606802,2011,Canada,7.637,7.637
86.3016525981486,3.47594666372175,10.2224007381296,21.695743226603234,2016,Burundi,1.347,1.347
11.8200339844639,30.2487393950389,57.9312266204972,26.205969906897725,2007,Portugal,7.965,7.965
7.08270387518147,34.1070726319068,58.8102234929118,27.696258693611394,1993,Italy,10.212,10.212
8.61905371223789,26.5405363519572,64.8404099358049,26.068905365504843,2021,Iraq,16.173,16.173
7.21620006053377,23.9359159835887,68.8478982529416,25.938949141165182,2001,Saudi Arabia,4.618,4.618
34.6882525489397,28.9369661886454,36.3747830826116,26.535499856596267,2019,Viet Nam,1.681,1.681
43.4511890826288,20.957861366169,35.5909495512022,24.865985510064636,1999,Pakistan,0.652,0.652
66.0583637579061,7.43264599509779,26.5089902469961,22.806646102736043,2013,Malawi,4.978,4.978
51.6924190981631,19.5633064655891,28.7442744362478,25.564844893796398,1999,Thailand,2.968,2.968
52.2960356741555,16.6146107018313,31.089357777967,24.905794860335945,2014,Myanmar,0.763,0.763
8.98679943425032,30.2047371003691,60.8084556640889,27.143537604082486,1995,Spain,22.675,22.675
60.842883520182,8.10699844963656,31.050195937892,21.278267813150826,1993,Togo,4.491,4.491
8.74490284739505,23.8739528199376,67.3811443326673,21.80052238062691,2007,Suriname,9.004,9.004
41.3901813522311,19.9776730203686,38.6321456274003,22.92053070042456,1991,Sri Lanka,14.661,14.661
31.7795686260841,19.0027660911024,49.2176652828135,24.9951113849367,2017,Guatemala,2.462,2.462
57.0874539009757,14.7800557209499,28.1324859881092,23.207086265301978,2005,Myanmar,0.676,0.676
23.136295900042,18.7535822093157,58.1101218906423,20.592481990252498,1998,St. Lucia,21.6,21.6
60.3664853070102,14.4793538819846,25.1541608110053,23.207989200040448,2015,South Sudan,12.485,12.485
39.7412594531363,18.8648906143578,41.3938641800196,25.026235779489063,2022,Ghana,3.084,3.084
29.2122051332773,18.8665248998566,51.9187972899461,18.441323901466962,2003,Sao Tome and Principe,16.36,16.36
7.19663553429483,22.5305532853097,70.2728111803955,25.437638445430903,2006,New Zealand,3.857,3.857
19.8004561897185,27.1561234847564,53.0433223466336,22.571638915413644,1997,Latvia,17.569,17.569
36.9277264933855,15.941758492754,47.1305229391259,24.79623404630432,2003,Peru,4.15,4.15
4.40768823794062,22.851239614902,72.7410721471574,24.289965875369557,2009,Lebanon,6.355,6.355
19.1188797735362,23.7103869869669,57.1705369289572,22.426122742138222,2001,Botswana,18.54,18.54
10.4662697193919,27.8234423177447,61.7102942630138,26.544701454266853,2020,Malaysia,4.54,4.54
16.2184888677557,26.0574450931713,57.7240850893917,24.77397670538602,1994,Chile,5.87,5.87
1.58599284103206,12.0433977746154,86.3706093843525,24.900775557192723,2013,Luxembourg,6.045,6.045
6.11781150006951,34.1392164689708,59.7429720309597,24.93741315124669,2002,Hungary,5.608,5.608
11.2386814946683,27.3279926789423,61.4333258263894,25.051242552695882,1996,Ireland,11.692,11.692
3.27066188291156,26.8037382845908,69.9256175763964,26.61168036256943,2011,United Arab Emirates,2.596,2.596
1.10336086671557,13.3453710495818,85.5512680837026,24.752431423889153,2010,Luxembourg,4.423,4.423
2.88842062393787,28.8777561947082,68.2338231813539,26.22405099477117,1994,Belgium,9.645,9.645
22.6395025364098,18.2376043200785,59.1208476517755,19.062646168585882,2010,Sao Tome and Principe,14.626,14.626
53.5926981314993,15.1682710656132,31.2390308028875,22.393774926617972,2001,Ghana,9.602,9.602
73.4422440710027,6.79253310072389,19.7652228282734,23.60763229746817,2012,Chad,0.9,0.9
56.8586316680382,9.73900872647288,33.4023596054889,24.670189272650234,2019,"Congo, Dem. Rep.",4.591,4.591
5.28057388136964,18.5472352581106,76.1721908605198,26.445978454414178,2016,Ireland,8.374,8.374
7.76919182833308,25.3973500236381,66.8334581480288,22.381961874620448,2021,Maldives,5.024,5.024
26.0959136307925,17.40292591337,56.5024643388009,20.85332872212262,2000,Belize,10.836,10.836
9.34957218659537,23.3780076534624,67.2724201599422,21.25841916037857,2003,Montenegro,30.458,30.458
19.9117980493449,18.3827008276151,61.70550112304,22.96027611747846,1994,Panama,6.429,6.429
15.8871819707346,22.6324816282956,61.480314103859,23.387239146503287,2021,Syrian Arab Republic,14.877,14.877
0.40003010979321,28.2021227404213,71.3978471497855,22.694132389774072,1996,"Macao SAR, China",4.249,4.249
58.9648087011436,12.22572499109,28.8094467683342,23.97648902955717,2017,Zambia,4.529,4.529
45.9834078243144,18.4813218612413,35.5352827531031,23.716792131775,2020,Afghanistan,11.71,11.71
0.399809520030159,25.1815512212544,74.4186392587155,22.636386163326353,2000,"Macao SAR, China",6.874,6.874
78.74413759961,7.87403053391819,13.3818127051696,21.94529996912018,2003,Niger,2.156,2.156
47.1285562024914,10.8247726705395,42.0466711269691,23.55024757151258,2012,Georgia,19.653,19.653
62.8310910448912,7.67943877244342,29.4894701826654,23.125865081502575,2019,Malawi,4.966,4.966
1.17198561233715,21.7561401575316,77.0718742301312,26.93469762612702,2012,Belgium,7.542,7.542
11.7382261105514,28.7962750516246,59.4654988378241,22.392463222165155,1991,Trinidad and Tobago,18.52,18.52
34.3048410429649,27.7607345618658,37.9344243951693,22.51125831727273,2003,Turkmenistan,9.311,9.311
12.2866657975012,23.4841907660339,64.2291422829096,28.142044583271666,2009,Brazil,9.419,9.419
39.7866615699567,21.8496374114754,38.3637105368259,25.424478946338244,2011,Morocco,8.91,8.91
17.7714109869587,29.5388851749276,52.6897568947039,23.908616514315717,1997,Croatia,9.71,9.71
74.8995726237031,6.13562235916559,18.9647953315496,23.53796257513077,2012,Mozambique,3.305,3.305
39.5368835610027,11.9057004489954,48.5573903433801,22.88433410898946,2004,Azerbaijan,7.99,7.99
54.4014880039501,7.05282264399375,38.5456893520562,25.098402392703022,2018,Angola,16.594,16.594
5.51398868319018,23.4740933911394,71.0119674002259,25.59722605990018,1992,Norway,5.91,5.91
64.4614897376346,4.63751125137517,30.9009990109902,20.558673520897838,1996,"Gambia, The",10.235,10.235
6.8983272607541,24.5030738370758,68.5985772401752,26.052623583592425,2016,Portugal,11.068,11.068
3.17586860896839,36.1107687437215,60.7133626473102,25.213906362390677,2015,Slovak Republic,11.492,11.492
73.0994039296799,7.14858573903153,19.7520011937306,23.612428341049064,2014,Mozambique,3.377,3.377
59.1578109391597,5.85880865709957,34.9833352233785,22.738537171482957,2013,Sierra Leone,4.538,4.538
62.3979718527932,11.195964155036,26.406082250608,23.97036587207727,2019,Zimbabwe,7.373,7.373
22.3577221088374,9.10554421707275,68.5367336740899,23.867884558037666,2014,Papua New Guinea,2.536,2.536
15.9148000231522,24.9406725704694,59.1449132758388,22.289302806992243,2018,Guyana,13.627,13.627
29.3885876819578,35.0418399887391,35.569572329303,21.579798447673873,2022,Lesotho,16.688,16.688
8.21932939848302,33.2441352511605,58.5365353503565,24.569870299458135,1996,Hungary,10.022,10.022
3.98450375679308,40.3622621895046,55.6532340537023,25.511989320696134,2004,Czechia,8.298,8.298
29.4028166249571,14.2245621934921,56.3726211815508,22.183050326887788,2021,Fiji,4.701,4.701
10.6176261963556,27.6429406284801,61.7394331751643,26.605999878892884,2018,Malaysia,3.3,3.3
38.109822478336,11.2539735531912,50.6359136632169,21.152542398917504,2020,Solomon Islands,0.864,0.864
61.5690558150777,12.6092863461647,25.8216623441337,22.909886183709443,2000,Myanmar,0.717,0.717
29.0592939876807,22.2260524533784,48.7146535589409,23.596130996674113,2021,Benin,1.779,1.779
10.0237908954664,30.8431399752349,59.1330691292987,25.82844383657273,2020,Algeria,14.057,14.057
69.4208039200691,5.99299069305021,24.5862007686888,24.403366731104633,2012,Tanzania,3.222,3.222
4.88583988166243,30.8389071853706,64.2752268075766,25.6770683462142,2011,Hungary,11.029,11.029
42.2365631925493,22.9218719828671,34.8415664146405,26.278769592306887,2013,Pakistan,2.954,2.954
7.2426451169915,23.4035810489621,69.3524533882639,22.00613348834413,1996,New Caledonia,18.64,18.64
87.7398542446759,3.10202922592375,9.15811652940035,21.52787425053071,2011,Burundi,1.602,1.602
14.9329536408779,17.9227948144498,67.1442515446723,24.79820702554261,2016,Costa Rica,8.085,8.085
15.7967487749967,25.3753641901735,58.8278870348298,21.96724209583742,2007,Eswatini,28.24,28.24
9.50077419983939,22.7866374732897,67.7125322863469,24.284823028919945,2021,Libya,19.641,19.641
65.1891690293811,11.0590514854175,23.7517747365835,22.535408927702193,1996,Myanmar,0.758,0.758
21.1821687942623,21.8108620145248,57.006969191213,21.339712613536026,2009,Cabo Verde,13.517,13.517
26.7211656100545,27.4468913357802,45.8319430541653,20.065925915138294,2021,Tonga,2.111,2.111
10.8923500154286,30.5816934800267,58.5259363889929,24.84021421948608,2020,Belarus,4.049,4.049
32.9966859321882,15.5266756319317,51.4766384358801,26.062575870579604,2010,Philippines,3.605,3.605
6.70979336134481,27.1811221905433,66.1090844481119,27.94106297145229,2015,Russian Federation,5.615,5.615
1.56060771940157,28.1932394643445,70.246152816254,28.911370485325058,2012,Germany,5.372,5.372
18.6778162456666,16.8476447043501,64.4745196912829,25.19069922857364,2015,Cuba,2.4,2.4
42.3470759492699,11.2306900498544,46.4222340008757,20.753459592223315,2022,Vanuatu,5.143,5.143
38.6814563197696,17.9993486544359,43.3191950257945,24.751188851116513,2016,Ghana,5.232,5.232
63.4455151058325,9.88754660093304,26.6669382932345,20.247031455486308,1999,Equatorial Guinea,7.954,7.954
22.640836985388,23.8220984249266,53.5370597413961,24.458134472952697,1998,Ukraine,11.32,11.32
0.400117045367802,30.4152566092466,69.1846263453856,22.315428424533543,1992,"Macao SAR, China",2.196,2.196
6.31399604324409,21.5480667380303,72.1379372187257,23.583482954563294,2006,Iceland,2.83,2.83
7.06383084042702,25.1344647738251,67.8017043857479,27.677273787409778,2008,"Korea, Rep.",2.959,2.959
62.8032931758223,7.54707785878592,29.6496289653918,20.664449451295173,2006,Bhutan,3.13,3.13
41.7955842865679,9.87524565735388,48.3288101185634,22.4626858514008,1996,Gabon,17.347,17.347
61.7529485312501,10.9748742502393,27.2721772185106,24.02431220468335,2014,Zambia,6.571,6.571
2.65201410852019,28.597804270094,68.7501645276083,26.715276559246384,2013,United Arab Emirates,2.126,2.126
78.621126583159,5.91871629001724,15.4601571268238,21.58463485582956,2004,Lao PDR,1.498,1.498
18.2418716824631,24.5699796017265,57.1881487158103,23.306802317138906,2003,El Salvador,6.9,6.9
13.3024819332244,27.6126891985547,59.084828868221,26.264598550130675,2010,Malaysia,3.39,3.39
18.297507985543,24.5089402236608,57.1935770335431,20.132082936970868,1992,Iraq,8.368,8.368
6.05078317146185,30.0245893328607,63.9246274956774,26.002306596969746,2000,Austria,4.687,4.687
11.1041673192388,22.6588577020955,66.2369749786657,23.85104650560102,2000,Uruguay,12.627,12.627
28.3861143991566,22.2902895845298,49.3235748562065,23.581195040661648,2022,Benin,1.685,1.685
0.248089636184278,13.7033328916307,86.048577472185,26.238763480491865,2011,"Hong Kong SAR, China",3.422,3.422
9.72068101835706,33.6508037157985,56.6283567420183,22.288964794073053,1996,Estonia,9.915,9.915
20.7782421276402,21.3498195329266,57.8719383394332,23.638217464004477,2010,El Salvador,4.893,4.893
21.3991899759524,22.5762561701051,56.0261359321605,19.467563889017555,1992,Maldives,0.805,0.805
30.1430007430964,30.173087084483,39.6838842888791,23.037979085729233,1994,Syrian Arab Republic,7.5,7.5
39.8643360889541,17.899292922956,42.2363709880899,22.28065006759191,2010,Togo,2.383,2.383
10.3570828441424,38.5359087199909,51.1071182635799,23.75189447802528,2001,Slovenia,5.682,5.682
23.7463746501577,8.14350356347297,68.1101217863693,23.781746060775063,2012,Papua New Guinea,2.631,2.631
45.8499118522183,15.6967507264353,38.4535116264485,21.4517785035493,1997,Mauritania,9.815,9.815
17.5551425234798,20.0453969768245,62.3994604996957,20.077769994335906,2021,Sao Tome and Principe,9.6,9.6
58.5730479057494,6.86159735384844,34.5653547404021,20.46671674654234,2014,Vanuatu,5.15,5.15
14.4959502569643,22.7286545299633,62.7753952130725,27.733240590971565,2006,Brazil,9.692,9.692
81.9640947812637,3.41494795544275,14.6209572632936,22.49129081734584,2005,Madagascar,2.62,2.62
7.41370090688425,20.3054819997467,72.280817093369,26.986320978509557,2018,Argentina,9.22,9.22
1.37962764223275,25.4883034140886,73.1320689436786,26.190254271542393,2001,Belgium,6.178,6.178
64.0930887557329,8.6452765745121,27.261634669755,22.685208500037824,2004,Mali,1.412,1.412
16.2365816242503,25.5798977418453,58.1835206339043,22.101528026621054,2003,West Bank and Gaza,23.004,23.004
2.22672761778222,21.9131907945002,75.8600815877176,26.769527298846434,2006,Sweden,7.066,7.066
16.8604259540489,30.0317199823642,53.1078540635869,23.000046983459008,2012,North Macedonia,31.096,31.096
36.2037908544884,22.8947581237586,40.901451021753,23.48009057072029,2001,Sri Lanka,7.9,7.9
0.400149912070805,29.532677948511,70.0671721394182,22.565592902619983,1994,"Macao SAR, China",2.48,2.48
68.9538321064642,8.82296780804265,22.2232000854932,23.04495197200708,2012,Lao PDR,1.399,1.399
7.05948526324091,23.784233362394,69.1562813743651,26.09765372478329,2003,Saudi Arabia,5.563,5.563
17.3000432580099,28.6283120575815,54.0716446844086,24.530219823845226,2005,Croatia,12.598,12.598
22.6457280094307,30.0033919330632,47.3508800575062,23.655013397358726,1991,Croatia,11.14,11.14
2.29355727120863,38.3923712844348,59.3143090694364,23.587662108496332,2001,Qatar,0.87,0.87
53.1266830081649,15.5413028995346,31.332000905165,22.32926798654283,2000,Ghana,10.456,10.456
53.7314790196443,16.0608519810259,30.2077269249105,22.36445426965955,2008,Tajikistan,7.134,7.134
86.0786181424687,3.10931455547838,10.8120673020529,20.843540827870555,1992,Lao PDR,2.717,2.717
7.65081334944962,16.8267145849288,75.5224720656216,24.06891293507264,2004,Oman,4.734,4.734
28.3784817053244,30.5101916147102,41.1112994693106,23.156590254803717,1995,Syrian Arab Republic,7.2,7.2
17.7694451370999,27.8482208921239,54.3823459561633,26.43982854659178,2006,South Africa,22.324,22.324
9.91236701064391,27.1517842556141,62.9358606499505,26.15443285955921,2014,Iraq,10.59,10.59
17.4261165980883,17.4871693769437,65.0873499914144,21.5532358627901,2018,Belize,7.896,7.896
66.4887244083365,8.66480844171075,24.8464407946442,23.732188705076606,2010,Zambia,13.19,13.19
56.0724171797652,13.7040544751766,30.2235283450582,21.361812385304088,1998,Armenia,9.4,9.4
2.40227155770226,27.3980052950414,70.1996788224495,25.506245970604873,1997,Israel,9.751,9.751
21.1580253700445,28.6055607353313,50.2364065891618,26.487449584527948,2019,"Egypt, Arab Rep.",7.851,7.851
20.1170937143307,23.1007202739403,56.7821860117291,22.4168360495156,2002,Botswana,21.268,21.268
21.2540837749595,29.3414278681762,49.4045394759375,23.435501375148196,1994,Croatia,10.45,10.45
50.5003633127822,23.4996379989633,25.999998540202,27.49006098302047,1996,China,3.12,3.12
18.4204353113981,33.6334174218392,47.9461472667627,22.557222814030986,2005,North Macedonia,37.32,37.32
53.1459027482025,5.86341658942305,40.9906806623744,19.52177781674836,1993,Solomon Islands,1.846,1.846
4.49909738841175,29.7510089686666,65.7498968064278,29.139436123931336,2003,Japan,5.251,5.251
54.55569371688,9.99846412428619,35.445928931473,19.700502863342606,1998,Liberia,2.197,2.197
3.68040650050375,21.6863483752606,74.6332451242357,24.694079891270704,2017,Lebanon,10.251,10.251
54.6411888759255,14.3659560986688,30.9928441904934,23.097666197080578,2005,Ghana,5.816,5.816
43.8754733004811,22.9506323652547,33.173922756452,22.39924027336788,1991,Azerbaijan,0.9,0.9
11.1246994711754,20.4749533321787,68.4003471966459,25.827136010134446,2004,Argentina,13.522,13.522
3.2294929112774,11.7335692256198,85.0374160231429,23.274209884073727,2018,"Bahamas, The",10.0,10.0
1.42827209108463,28.0524446283012,70.519273472013,29.008728889168438,2014,Germany,4.979,4.979
46.8134194776333,21.1832298373078,32.0033487770108,26.08788023223677,2013,Viet Nam,1.316,1.316
2.82933643064823,16.9168052107768,80.2538583585749,22.479102402770767,2019,Barbados,8.412,8.412
5.2534254458803,40.614200290824,54.1323742632957,24.906636673588945,1999,Czechia,8.702,8.702
5.44664241994145,23.2591146988379,71.2950493133231,20.646840953132255,1997,Suriname,10.56,10.56
3.31300577801341,20.0799238438407,76.6070703781459,27.217359840031705,2004,Netherlands,4.646,4.646
3.71883869815563,22.5120621966893,73.7690991051551,26.759428534692233,2005,Switzerland,4.437,4.437
29.0431676138278,19.8427547689039,51.1140580807869,23.864268981304757,2001,Ecuador,4.252,4.252
67.7254871638851,8.89081444153277,23.3836143500924,20.91484596778991,2006,Eritrea,5.566,5.566
23.1943975059522,20.2120206419667,56.5935818520811,22.60692370942537,1995,Jamaica,6.327,6.327
50.1782386044913,6.21301775147929,43.6087436440295,19.850199773438646,2003,Solomon Islands,2.29,2.29
1.04552773455375,29.9886124084453,68.965859857001,25.29066236204241,1996,Singapore,3.57,3.57
3.43252561915666,23.3030472971043,73.264427083739,24.108474380864543,2011,Jordan,12.9,12.9
8.45332756145907,24.0322617393087,67.5138411063772,21.985404440951125,2008,Suriname,8.831,8.831
3.21288955171302,23.4863554547248,73.3007549935622,25.909467755449533,2002,Denmark,4.274,4.274
25.081936897209,24.6032604057014,50.3148501142754,23.115387190984276,1998,El Salvador,7.1,7.1
51.1194309883646,17.8945054353752,30.9860635762602,22.02242771450868,2001,Benin,0.765,0.765
1.26233719648255,21.5731475082951,77.1639877828126,23.102514022483728,2013,Malta,6.106,6.106
14.0829056165197,39.6067679738487,46.3103264096316,21.919398626578058,1993,Mauritius,9.512,9.512
4.99173100116271,14.8018690103922,80.2056778051405,22.006696562884148,1996,"Bahamas, The",11.46,11.46
2.02005720960035,24.9222158903787,73.057726900021,25.671006732233327,2019,Kuwait,2.251,2.251
5.06402355044865,33.541077097558,61.3950532362631,23.557988148486118,2006,Estonia,5.915,5.915
85.4129271125516,3.51933167760032,11.0677412098481,21.29058689463552,1995,Lao PDR,2.6,2.6
74.7892211321928,4.78894793468601,20.4218309331211,23.63536558141491,2005,Tanzania,3.194,3.194
35.6224903280572,14.9167966510074,49.4607321222346,25.09027363374851,2022,Azerbaijan,5.65,5.65
7.22538569741464,28.0852032104467,64.6894110921386,22.821816397429593,2000,Trinidad and Tobago,12.1,12.1
40.2946050054875,14.1929745278214,45.5123948479734,23.092895419059484,2002,"Yemen, Rep.",11.84,11.84
43.1727101220789,16.5720545479979,40.2552353299231,22.275475170985846,2009,Togo,2.849,2.849
16.1443473270381,20.6512411998593,63.2044054661294,26.797232860369242,2012,South Africa,24.727,24.727
58.0398591352036,14.3912389354807,27.5689063335427,23.08103527979695,2004,Myanmar,0.682,0.682
56.0744571227839,10.1822583962221,33.743287494735,24.90990919713866,2022,"Congo, Dem. Rep.",4.522,4.522
1.05396407019491,11.7520982173823,87.1939377124228,24.987150952130367,2018,Luxembourg,5.589,5.589
5.26769029391249,18.5665199831213,76.1657897229662,21.58347092713045,1996,Barbados,14.71,14.71
2.2497571103451,20.4387414228105,77.3114634410667,26.941340862293952,2014,Norway,3.486,3.486
7.21745031703908,24.9364402487693,67.8461094341916,22.979578318239025,1997,Cyprus,3.4,3.4
19.2971740534448,17.7673687375533,62.9355920411292,23.462174222377428,2014,Botswana,18.514,18.514
4.15965208475981,22.7851670723993,73.0551808428409,26.27406566683328,2012,Finland,7.689,7.689
22.0433871340279,36.3161243096142,41.6404647201546,23.42673457469291,1994,Belarus,12.8,12.8
8.11545898039305,18.4574438739306,73.4271605595897,24.829853219760587,2021,Uruguay,9.328,9.328
32.7500678715525,16.6439408081371,50.6059913203105,22.987571620605998,2004,Paraguay,6.513,6.513
15.0966584702884,24.0984080172822,60.8049335124294,26.02041181554707,2021,Ukraine,9.834,9.834
4.47967563921976,18.8229100438031,76.6974143169771,26.802181394061257,2020,Ireland,5.623,5.623
66.7162363520064,8.9592214774034,24.3245421705902,21.448396851260433,2011,Eritrea,5.614,5.614
13.6167403600925,21.9061821739481,64.4770774659593,21.414782459344075,2017,Cabo Verde,12.24,12.24
55.0780396374602,8.6583915076442,36.2636259118413,21.81786476685106,2003,Togo,3.984,3.984
69.2780622082324,3.64753057583843,27.0744699195199,20.27049904385613,2000,Sierra Leone,4.08,4.08
14.444925151997,27.4531470882441,58.1019277597589,24.077041359638855,1994,Libya,19.349,19.349
14.1566695387697,32.4892296135917,53.3541008476386,22.139849660675036,1994,Estonia,7.561,7.561
2.3733192043148,20.3119965239564,77.3146842717288,27.426833425401643,2021,Switzerland,5.013,5.013
10.7532946787282,30.1393749026262,59.1073304186456,26.160046173409874,2013,Algeria,9.82,9.82
72.7829901655066,7.89258181880719,19.3244280156862,21.88103055590179,1992,Zambia,19.544,19.544
33.8910369223771,15.8232292340611,50.2856786399599,22.196808458891606,2012,Somalia,19.105,19.105
5.2544578516917,23.2102166883392,71.5353254599691,25.568486400441078,1994,Norway,5.349,5.349
50.8610879295956,19.2036322678914,29.9352798025129,20.543639121973705,1993,Lesotho,15.658,15.658
31.6516252488945,17.6618137622508,50.6865609888547,18.14560072274435,2001,Sao Tome and Principe,15.73,15.73
2.61981266482767,34.1303161659947,63.2506289975446,21.73494556293142,1991,Malta,6.353,6.353
37.9866994597698,12.4540400446972,49.5592553636634,26.923829132854365,2015,Nigeria,4.135,4.135
52.1381760245596,20.4413601895782,27.4204713140263,27.812421531107567,2008,India,7.656,7.656
3.94848335129572,21.6766377135114,74.3748362691816,26.00094597616161,2002,Norway,4.022,4.022
12.7822864101461,34.353154812806,52.8645587770479,25.57114990443412,1999,Portugal,4.579,4.579
41.3346221091028,14.7467102495051,43.9186676413921,24.44373159907542,2017,Sudan,12.953,12.953
18.9081503982338,23.3626486074909,57.7292009942753,22.12520924469743,2012,Guyana,12.038,12.038
31.820431230503,21.7238419570356,46.4557251712897,27.560467059324647,2016,Indonesia,4.301,4.301
0.914951008053905,15.7919585597187,83.2930904322273,26.74129527371435,2020,Israel,4.169,4.169
82.7570324619011,2.81303565394058,14.4299318841583,22.561466633385606,1999,Mozambique,2.663,2.663
21.588868529846,28.361432736033,50.0497641271921,22.85508718344313,1996,Lithuania,16.4,16.4
14.888698025743,16.5089300421206,68.6022542767725,23.540224740413212,2019,Botswana,20.094,20.094
2.10916708026715,28.6373068941665,69.2539168291758,22.5686652666869,1994,Bahrain,1.009,1.009
55.1277094672792,15.1874200868242,29.6848704458966,20.96451289005742,1992,Armenia,1.8,1.8
44.3302815837308,20.0152494909544,35.6544662159319,25.875954273602208,2004,Thailand,1.51,1.51
2.89026215790888,19.3597666295628,77.7499712125283,22.38871686057837,2015,Barbados,9.803,9.803
8.05249812006199,21.7971868979855,70.1503149819525,26.48053280775747,2011,"Venezuela, RB",6.902,6.902
61.3955358106945,6.66108917254448,31.9434022152044,23.196186808588763,2018,Guinea,4.787,4.787
77.4185851182043,6.44756511991176,16.1338497618839,22.68347424199342,1994,Ethiopia,3.1,3.1
45.3979488187686,7.36426488417052,47.2377862970608,20.359847275303647,2007,Solomon Islands,1.981,1.981
44.6894911091022,17.9293136357245,37.3811952551733,25.898806027473697,1994,Indonesia,4.366,4.366
61.0454825810148,9.73555092400423,29.218966494981,23.560656062293674,2017,Lao PDR,3.268,3.268
16.9445729144678,25.7597104147076,57.2957118731889,25.96029481181552,2008,Ukraine,6.363,6.363
11.4824591204527,22.5976281369297,65.9199350933815,26.182764606474002,2004,Greece,10.628,10.628
59.1117284151064,8.67113670856265,32.2171184761185,23.621262061895028,2020,Zambia,6.033,6.033
21.6811970850412,26.8593570373352,51.4594347466152,26.29385450971261,2018,"Egypt, Arab Rep.",9.855,9.855
54.2262036050353,15.2165651980962,30.557496937341,23.83180630970449,2012,Equatorial Guinea,7.957,7.957
1.88034888537881,22.4578834552101,75.6617270856824,25.601579785634712,2003,Israel,13.505,13.505
11.4908646980877,30.5422183340276,57.9669228535398,27.01877934867468,2014,Poland,8.971,8.971
72.4385008102867,10.4362124368104,17.1252867529029,22.482088611022796,2004,Zimbabwe,4.39,4.39
20.7712082262211,18.830810244692,60.3998857469294,19.402915565880456,2013,Sao Tome and Principe,12.48,12.48
54.3411051845607,11.7967321863544,33.8621852418343,23.12531250704206,1993,Cote d'Ivoire,5.866,5.866
59.5298041131686,8.26022973530115,32.2099661515302,21.337970532940265,1995,Togo,4.02,4.02
73.0750799558912,11.8190238681134,15.1058961759954,22.516200455944897,2001,Nepal,10.504,10.504
36.104016928746,14.0245904629866,49.8713926082674,20.010767404197654,1993,Cabo Verde,13.314,13.314
3.082103673659,37.4947047890254,59.4231484430248,25.325482713450366,2011,Slovak Republic,13.634,13.634
33.2816066894093,12.8275664537752,53.890613110353,23.590922936993987,2013,Gabon,19.794,19.794
72.7796980950079,9.26032378846893,17.9599781165232,23.345034088292614,2018,Madagascar,2.297,2.297
7.77802356840499,27.4193140191892,64.8026624124058,25.566372830890952,1997,Finland,14.967,14.967
18.6418067143974,17.2634318206337,64.094761464969,23.328230624641492,2015,Botswana,18.93,18.93
58.3667957784016,12.8464202093426,28.7867840122557,22.207313831039507,2004,Equatorial Guinea,8.03,8.03
2.08970843584612,19.4673197194841,78.4429718446698,26.639350770376563,2016,Norway,4.68,4.68
10.9819320702787,24.5660968289182,64.4519711008031,20.565747514972397,1998,Montenegro,30.269,30.269
54.893286358769,8.35306293997928,36.7535963995821,22.107402347864163,2003,Georgia,11.51,11.51
3.65522345358204,21.9489559713333,74.3957811673669,26.32168895004496,2020,Finland,7.759,7.759
44.8455326966228,10.9660258880005,44.1884414153766,22.599088163008634,2019,Sierra Leone,3.203,3.203
69.8224974979279,9.12480744486228,21.0526950572098,22.991861333230542,2009,Zimbabwe,5.453,5.453
8.18415771073417,22.4041115013596,69.4117813673443,25.203449567284686,2003,New Zealand,4.745,4.745
2.63718505201751,19.7687264533682,77.5940884946142,26.512591477048524,2012,Denmark,7.798,7.798
26.544314702748,24.092695931534,49.362989365718,25.07147789897262,2021,Uzbekistan,5.364,5.364
7.05035253111541,8.55368495170317,84.3959625171814,23.615845818176314,1997,Oman,4.188,4.188
31.2290604914556,23.7258930553783,45.0450464531661,26.74760008211108,2016,Thailand,0.688,0.688
18.8710894205963,29.505723253453,51.6232804627034,23.6316070269101,2017,Bosnia and Herzegovina,20.527,20.527
27.4714536977582,16.9895865322873,55.5403556771546,20.723515806701368,1999,Belize,12.84,12.84
48.0757115913802,14.5196419929079,37.4046387253834,24.99709092646226,2006,Bangladesh,3.591,3.591
26.9859622026111,17.4630347021413,55.5510030952476,26.4872869860654,2016,Philippines,2.695,2.695
3.79540785904742,20.4025952656042,75.8019968753483,23.973638006336692,2010,Cyprus,6.359,6.359
27.8725815656424,22.2700929997026,49.8573254346551,22.764867700859092,2017,Kyrgyz Republic,3.57,3.57
4.24285712491927,26.2953776558587,69.4617610337188,28.027725211330896,1999,France,11.981,11.981
38.8025436477442,8.2613200737959,52.93613627846,22.74168553607565,1996,Angola,16.275,16.275
21.4579634389961,23.6752923921289,54.8667538461672,24.674708684816558,2003,Ukraine,9.057,9.057
13.7727193908918,20.3146428740325,65.9126377350757,20.85038784526638,2005,St. Lucia,18.7,18.7
14.5300782654341,33.3869224541511,52.0829992804149,24.477148652442974,2018,Tunisia,15.459,15.459
5.88915499046543,20.0069865871923,74.1038584223422,26.07978433184126,2018,New Zealand,4.335,4.335
14.0405798358892,35.6335463719427,50.3258737921681,23.43338423437258,1998,Bulgaria,12.2,12.2
7.47085537281895,36.4279436006708,56.1012010265103,24.721112057252206,2008,Bulgaria,5.609,5.609
37.3464162733779,23.1548591727537,39.4987407059121,23.29049701691399,1995,Sri Lanka,12.27,12.27
28.8247114206292,18.5264339887998,52.6488671903645,25.400560953741508,2018,Ecuador,3.53,3.53
19.3842638290759,24.0564277640241,56.5592835308821,25.468024586830456,1994,Greece,9.808,9.808
58.5001231645228,21.700024125406,19.7998527100713,26.78356207039288,1992,China,2.37,2.37
76.6365809793811,6.63928720308932,16.7241318175296,22.832551288141214,2000,Ethiopia,3.5,3.5
60.8503138165248,9.88130098570251,29.2683851977727,19.961355141957128,2002,Guinea-Bissau,3.181,3.181
18.526619784596,20.3453210411101,61.1280591742939,25.299556896484077,1996,Colombia,11.81,11.81
10.3662005569363,25.2637869831886,64.3699513521012,24.736305116507225,1994,New Zealand,8.354,8.354
37.8074241899227,13.491143964416,48.7014372287624,24.84508678239569,2013,Kenya,2.764,2.764
67.2291845213177,11.503572935945,21.2672425427373,22.227616002657307,2002,Cambodia,0.852,0.852
2.1651770111817,30.4256980712188,67.4091249175995,27.76450003804159,1991,United Kingdom,8.55,8.55
27.9821223951229,30.9049531591981,41.1128693291268,24.391879925163725,2013,Turkmenistan,3.983,3.983
8.598379399747,31.6588476085578,59.7426667785445,24.65898963840544,2011,Slovenia,8.166,8.166
18.7222829065676,18.1424621699781,63.1352228342,24.3588852831735,2019,Paraguay,6.595,6.595
73.4953217256351,6.27713562659328,20.2275426477717,23.48133449983995,2013,Mali,1.516,1.516
68.737813959,7.3644993868101,23.8976866541899,21.45652107663369,1994,Mali,1.509,1.509
12.7351674687324,21.9846182908501,65.2801987373191,26.329618303218812,1996,Argentina,17.11,17.11
86.0406342966596,4.04415816699052,9.91522885437974,21.943967937090445,1999,Burkina Faso,2.549,2.549
3.10289164790052,24.6627075071245,72.234400844975,22.900278317050578,2007,New Caledonia,14.757,14.757
3.99918447714699,22.6249427542141,73.3758115431994,24.50783720519382,2012,Lebanon,7.937,7.937
3.34804154978784,22.6692627039408,73.9826957462713,27.086197982104164,1994,Canada,10.395,10.395
16.59957521236,23.2687303259423,60.1316944616977,23.524615902643983,2015,Syrian Arab Republic,14.243,14.243
7.28575178937575,20.5458234470864,72.1684306274116,26.67843072241182,2020,Argentina,11.461,11.461
33.7922827633991,19.3320873739646,46.8756298626363,22.577596662256635,2017,Togo,3.744,3.744
41.0961679594592,18.4416407538272,40.4621912867136,26.958124766114956,2008,Indonesia,7.208,7.208
67.23791883139,9.04369283737174,23.7183883312383,23.206775897586393,2013,Lao PDR,1.757,1.757
71.2551299367071,6.75919066214411,21.9856794011487,23.17010880426531,2011,Madagascar,2.512,2.512
3.92985047040033,24.9222981472398,71.1478283647037,26.751366360935975,2017,Austria,5.561,5.561
72.9916649047564,10.1867594758992,16.821553054859,22.4177609905009,2006,Zimbabwe,4.759,4.759
17.5732754472449,26.6370107395803,55.7897851014611,23.229669864246258,2001,Lithuania,16.84,16.84
33.1694194921789,27.8060237704566,39.0245567373645,22.815611510701487,2005,Turkmenistan,7.485,7.485
48.5284532040635,7.21614392212909,44.2554028738074,21.317791351483677,2020,"Gambia, The",5.892,5.892
36.5873923676215,3.42158103620658,59.9910265961719,22.428520359227807,1994,Papua New Guinea,2.432,2.432
21.2776947559809,17.2487371600174,61.4735621406659,26.76562993530583,2021,South Africa,34.007,34.007
26.1464419352413,17.7628544042295,56.0907099163682,25.984141020396372,2012,Peru,3.238,3.238
2.37461687728953,17.154970297712,80.4705694413339,24.155172364700967,2022,Cyprus,6.806,6.806
8.68141237483881,7.59725755194938,83.7213300732118,23.41214779993018,1994,Oman,4.067,4.067
17.4176854325046,15.6949866447504,66.8866858434354,21.541414383110407,2017,Belize,6.596,6.596
10.3989546213792,28.017324472549,61.5837209060718,23.361587181576866,2014,West Bank and Gaza,20.526,20.526
35.6318074321052,15.2192402869923,49.1489522809025,23.189459541877856,2003,"Yemen, Rep.",12.015,12.015
24.6515722359078,18.637552528619,56.7108752354731,24.227979669142417,2012,Paraguay,4.085,4.085
18.1118949285879,33.1675274759771,48.720577595435,26.911672804985024,2010,"Iran, Islamic Rep.",13.679,13.679
34.4755182834561,23.4636850995598,42.0607966169841,23.52883805164615,2002,Sri Lanka,8.76,8.76
1.22072211603765,27.3718197393732,71.4074676896275,29.00223801659289,2020,Germany,3.881,3.881
13.153362282002,15.6711039182929,71.1755337997051,26.189451985454998,2013,Greece,27.686,27.686
51.0444711666365,6.41261665833076,42.5423800959871,19.941461943792586,1998,Solomon Islands,2.164,2.164
41.8649098363005,24.7622045321459,33.3728856315536,26.272715397534412,2016,Viet Nam,1.848,1.848
65.94870921019,8.71659424611627,25.3341285393769,19.264241732937275,1996,Equatorial Guinea,7.792,7.792
68.8561428875054,9.30458228551128,21.8392748269833,22.909591935825723,1994,Cameroon,8.83,8.83
4.66491249150909,24.3432265215589,70.9921062117909,23.07444176268432,1999,Cyprus,5.532,5.532
34.6608602734688,15.8425116280786,49.4966280984525,25.572580905314876,2006,Philippines,4.052,4.052
7.15659466274845,22.1901864356426,70.653218901609,25.465761343077897,2005,New Zealand,3.807,3.807
12.0449160311676,30.17702424489,57.7780597239424,26.4488165568561,2001,Russian Federation,8.978,8.978
4.15887983846819,28.4623889655883,67.3787296336436,29.157438902483097,2006,Japan,4.192,4.192
20.1271668514281,17.3105102874815,62.5623228610903,22.997349546506857,2002,Jamaica,6.619,6.619
11.1186831071278,19.9230774814125,68.9582394114597,23.211968468939837,2003,Uruguay,16.661,16.661
78.862546765511,8.0416702073958,13.0957830270932,21.618829113629072,2001,Niger,1.47,1.47
21.4747553610618,18.3160180686728,60.2092265702654,21.24099925222738,2000,Fiji,4.7,4.7
68.2389895642809,7.47337520609206,24.287635229627,21.745868569749014,1996,Mali,1.424,1.424
24.3255089698013,18.8641821761375,56.8103111748047,26.699838447172233,2021,Philippines,3.398,3.398
14.3093608290084,19.8441298687863,65.8482335293205,20.617905322399697,2002,St. Lucia,20.39,20.39
8.0434763460844,24.9469317291008,67.0095919248148,22.03499951155161,2020,Maldives,5.434,5.434
55.1904778169881,10.066174210215,34.7431682004246,20.865098822618265,2015,Guinea-Bissau,3.157,3.157
19.4548962483615,10.7567589176194,69.788309767389,23.932116619818096,2019,Papua New Guinea,2.634,2.634
17.146275423462,20.0475410868333,62.807757697878,20.108577649456905,2022,Sao Tome and Principe,8.992,8.992
53.0921641615229,6.26560806672007,40.6422277717571,19.967057874860675,1995,Solomon Islands,1.856,1.856
36.9406298681489,17.3168698921326,45.7425134291829,23.779660043955122,1994,Kazakhstan,7.54,7.54
26.3938710508296,20.2309978074997,53.3751311416707,21.556389052754504,2003,Fiji,4.738,4.738
3.75688071929927,26.1040970605648,70.1390179055967,28.37268950375877,2018,Italy,10.61,10.61
18.6782774242451,16.2333198187876,65.0875213735479,21.247106398382137,2009,Belize,8.328,8.328
4.76309684592386,18.8158138556986,76.4210892983775,26.70331855730127,2018,Ireland,5.741,5.741
64.9754364403723,12.0018603885374,23.0227005376203,24.079593425006497,1999,Viet Nam,2.33,2.33
9.29988050294638,22.3084284977573,68.3917028954689,26.413143969347946,2018,Chile,7.623,7.623
40.4536715345448,18.295618546858,41.2507099185972,27.01405705476762,2009,Indonesia,6.106,6.106
36.2004392353607,17.0432314530495,46.7564542363226,22.6295747991504,2012,Mauritania,9.864,9.864
15.740869408321,23.6226461910628,60.6364844006162,27.50682450942332,1997,Brazil,9.003,9.003
39.9542483744938,10.8209990359201,49.2247525895861,22.465067296164484,2001,Azerbaijan,10.91,10.91
27.8582247596435,17.0251869648936,55.1165882754629,26.145254497992635,2021,Peru,5.097,5.097
18.5420528956544,17.1796921506931,64.2779147886725,21.225946410214537,1998,Fiji,4.747,4.747
9.35303440216434,24.2276017737365,66.4193638240991,26.348708388081267,2013,Chile,6.074,6.074
13.4074745920198,18.9690447309072,67.6234806770731,24.960896934884797,2022,Costa Rica,11.325,11.325
0.767149662153161,15.7097053375557,83.5231450002911,26.9870088173095,2022,Israel,3.695,3.695
36.939068198384,22.1759635079659,40.8849682936502,22.758123408321747,2001,Honduras,4.0,4.0
51.521835206116,15.5953272230156,32.8828375708684,23.245624063431467,2018,Armenia,18.966,18.966
25.2139800285307,22.5730159921916,52.2130039792777,20.48613604492507,1996,St. Lucia,16.33,16.33
16.9066746046393,32.2364487096667,50.856876685694,25.336953584413024,1996,Malaysia,2.52,2.52
73.3709902218761,7.1786803620247,19.4503294160992,21.65842134120155,1998,Malawi,4.935,4.935
6.17154481947775,46.9849751780744,46.8434800024479,25.19288885302559,2021,Oman,1.9,1.9
89.8496583225322,2.32576828606357,7.82461828693904,21.402073553466806,1993,Rwanda,12.154,12.154
84.2968542179961,3.98268392231403,11.7204618596898,21.92316572009822,2006,Rwanda,11.632,11.632
2.36242912006488,29.751380946088,67.8861899338471,26.74938628745716,2014,United Arab Emirates,2.002,2.002
39.7694552878879,22.4929321322185,37.7376125798936,23.68279714293714,2000,Guatemala,2.606,2.606
11.5541453362714,31.0161657363942,57.4295646424386,23.237815178243633,2020,North Macedonia,16.575,16.575
3.35618520173619,18.4383752958731,78.2053964506416,24.518822582017062,2019,Jordan,16.801,16.801
54.146461614249,14.6600163179852,31.1935220677658,20.298381138531955,2005,Comoros,4.522,4.522
5.18763393524594,23.9295978204894,70.8827474791103,26.268661535310528,2021,Portugal,6.577,6.577
1.99441634779196,25.6776644992106,72.3279191529974,22.991171688191002,2012,New Caledonia,14.051,14.051
3.58696039336944,37.9266011164012,58.4863960866593,25.21574856062356,2009,Slovak Republic,12.023,12.023
39.3290607339569,14.843641253502,45.8272980125411,21.80914661121018,1998,Somalia,19.169,19.169
20.3939877106821,26.1148005806214,53.4912117086965,23.534917257461597,1995,Dominican Republic,6.45,6.45
6.57773668966644,30.114144270423,63.3081190399106,24.91672518133051,2018,Bulgaria,5.211,5.211
3.16976617016114,23.7122832939006,73.1179535496929,29.24825816961269,2021,Japan,2.828,2.828
70.7816575446718,10.2594910800384,18.9588513752899,23.755145088216697,1995,Viet Nam,1.955,1.955
7.16598533721936,22.0989441595322,70.7351160568108,25.64462498679598,2007,New Zealand,3.661,3.661
50.0828044392572,20.9122991180878,29.004896442655,20.72126810251881,1997,Lesotho,15.896,15.896
39.3699840736226,16.3088388279681,44.3211770984092,24.735177871073887,1996,Peru,4.931,4.931
43.4854939599379,22.0067919357922,34.50771410427,24.562666722969798,1998,Morocco,13.393,13.393
15.0463482695577,40.6588902788024,44.2947911506464,22.996343849965236,1994,Bulgaria,12.8,12.8
64.9812764884232,9.11612963358938,25.9025938779874,19.907584563623296,1997,Equatorial Guinea,7.832,7.832
36.7246353173835,16.5818349684648,46.6935442767001,23.82182235541951,1997,Kazakhstan,13.01,13.01
6.66114578926156,31.8620128210013,61.4768413897372,23.61967488926084,2021,West Bank and Gaza,26.39,26.39
31.0114437206019,28.3150661197069,40.6734901596912,25.85944273574056,2010,Romania,6.959,6.959
35.9689901892462,16.0087159369749,48.0222938737789,25.189623199218808,2003,Philippines,3.527,3.527
5.02425794461193,33.1728743233168,61.8028677320713,24.5140402396356,2016,Slovenia,8.0,8.0
9.36141810808332,31.9458783257644,58.6927035661523,22.821302194731793,2007,Mauritius,8.475,8.475
63.436070381,9.76606288407896,26.797866734921,22.61081798604122,1991,Ghana,3.489,3.489
16.195029642259,26.9926111064876,56.812364196204,25.855137959647003,2011,Ukraine,7.851,7.851
11.0936774793415,21.9189687853882,66.9874301985675,23.762955747427025,2001,Uruguay,15.052,15.052
32.4361640189636,14.164518007153,53.3993179738834,20.25806046391379,2009,Samoa,5.647,5.647
67.9771151123136,10.1465088454621,21.8763760422243,23.83116770248537,2022,Mali,2.387,2.387
34.0139242043732,20.6464137533841,45.3397012212084,22.360310922253003,2008,Kyrgyz Republic,2.642,2.642
6.79680399429522,23.6117379882819,69.5914698826059,26.65524609145756,2006,Saudi Arabia,6.254,6.254
29.0370843829952,17.9487628124213,53.0141528045835,23.290153466684924,2018,Nicaragua,5.2,5.2
5.77703671681125,17.2300485095876,76.9929667333137,26.217567482465494,2013,Ireland,13.735,13.735
3.00731239250706,23.0570689511101,73.9356257498703,27.20788122483745,1997,Canada,9.1,9.1
6.85587259920601,29.894935068809,63.249192331985,24.65049106401585,2015,Bulgaria,9.143,9.143
10.0942537430958,23.8002346199156,66.1054985895014,26.31060730934588,2012,Chile,6.562,6.562
11.9988321748916,30.5402669233847,57.4609009017237,26.973588193484414,2013,Poland,10.293,10.293
71.593326202864,6.03320558708138,22.3734682100547,21.52121399285128,2018,Central African Republic,5.517,5.517
27.9127579737336,17.1646341463415,54.9249530956848,18.731473666892015,2005,Sao Tome and Principe,16.47,16.47
13.4962184591819,27.0122742860337,59.4915072547844,26.032807242824788,2009,Malaysia,3.66,3.66
13.9589056362234,28.6735215619232,57.3675728018533,26.16486769254727,2008,Malaysia,3.32,3.32
38.2920643119175,22.3030920437278,39.4048436443547,22.37481048386625,1996,Honduras,4.37,4.37
82.2450085547524,2.56579602906875,15.1891954161788,21.158088806673383,1997,Chad,0.732,0.732
55.498235404908,16.9047213533797,27.5970432417123,21.25113458213268,1992,Benin,1.51,1.51
15.1969196896938,23.715411013976,61.0876744670653,25.75945871909617,2019,Ukraine,8.194,8.194
65.5016367490893,5.89866152173625,28.5996715642447,22.756407459438737,2012,Guinea,4.884,4.884
7.17817245785892,23.590175607228,69.231651934913,25.968213368628643,2002,Saudi Arabia,5.265,5.265
46.9047512319689,11.7218735891033,41.3733751789278,25.374736941646574,2003,Nigeria,3.648,3.648
2.80076236519152,16.7023056898475,80.4969319449609,22.386290401701288,2021,Barbados,9.433,9.433
18.6574139755329,28.3596695360133,52.9829230398973,26.890253299801962,2022,"Egypt, Arab Rep.",7.344,7.344
21.8579165070141,31.6475529052611,46.4945197007766,25.58018193870883,2002,"Iran, Islamic Rep.",12.8,12.8
34.3795811798444,21.7581106469104,43.8623081732452,22.290706452799444,2010,Kyrgyz Republic,2.887,2.887
11.3438142619212,27.5119543729753,61.1442313651036,26.93288961554533,1999,"Korea, Rep.",6.342,6.342
42.0556526065537,8.91104415739283,49.0333535940231,21.894842208371394,2015,Liberia,2.557,2.557
8.28645111799834,28.2527987397345,63.4607501422671,25.446555255508155,1992,Finland,11.595,11.595
10.2328626716989,41.9644152837625,47.8028363105338,23.789955022298486,1996,Slovenia,6.886,6.886
12.0512361051438,26.4762298436771,61.4725340511791,23.514856369983892,2005,Latvia,10.033,10.033
7.86035671749327,28.8667676336955,63.2728756488112,22.90083735089859,2001,Trinidad and Tobago,10.88,10.88
6.78851649631553,23.5085705844587,69.7029129192257,24.365664785705075,2021,Latvia,7.513,7.513
13.4893111433386,31.2819828073286,55.2287060493328,23.257465575967178,2019,North Macedonia,17.414,17.414
14.3106143117163,36.8533766298169,48.8358253912571,22.126368149961504,1998,West Bank and Gaza,10.422,10.422
59.6504933866965,12.1161735584837,28.2337508250963,21.633436252271576,2003,Equatorial Guinea,8.11,8.11
12.9353739664141,23.7391253978291,63.3255006357569,26.2763484763159,1995,Argentina,18.8,18.8
23.416250618218,30.9741024560156,45.6096469257665,25.458754941030435,1997,"Iran, Islamic Rep.",9.681,9.681
11.1507442631078,15.3188524910962,73.530403245796,26.057460110662277,2019,Greece,17.045,17.045
32.0741142977316,24.4064923773263,43.5193933249422,23.24376433733393,2015,"Congo, Rep.",19.978,19.978
58.0577753633735,11.0677936049598,30.8744353191137,24.712088571340004,2001,Bangladesh,3.61,3.61
68.0426722857335,6.22058665654702,25.7367410577194,21.65750465933189,2005,Sierra Leone,3.716,3.716
3.90160843495517,35.267232306987,60.8311592580578,23.91550751725657,2008,Estonia,5.455,5.455
21.9444278696024,18.4696779839688,59.5878831274738,19.238056817557286,2011,Sao Tome and Principe,14.224,14.224
21.9266551983715,26.3774068271511,51.6959425718484,24.52007619806652,1996,Ukraine,7.65,7.65
2.78636045597241,36.0961387235992,61.1175008204284,25.3852274089761,2019,Slovak Republic,5.761,5.761
31.3262826465824,15.9912282943832,52.6824417262823,22.76336442938583,2003,Paraguay,6.814,6.814
20.3209268528984,23.5305990634587,56.1484740836428,21.956674868406996,2010,Guyana,11.636,11.636
26.3308090554791,22.0809216619565,51.5881925490193,23.565058258474366,2022,Mongolia,6.211,6.211
9.71667175068788,31.777500244623,58.5058356671175,27.169724039988406,1992,Spain,17.697,17.697
22.0206627533008,27.0356305414315,50.9437067052676,24.085686544820913,2005,Syrian Arab Republic,8.809,8.809
49.644284907933,14.8862933827043,35.4694217093627,23.784565717288068,2003,Sudan,15.515,15.515
47.5525762940184,21.8479627595102,30.5994630080665,25.386843219290693,2009,Viet Nam,1.737,1.737
29.6272487861437,25.8347555616725,44.5379956521838,25.067078767451815,2013,Sri Lanka,4.186,4.186
78.1207636418312,7.36196596120314,14.5172703969657,23.24105419686578,2005,Ethiopia,2.497,2.497
4.03201859144019,16.7187399134982,79.2498870311794,22.762389163568017,1999,"Bahamas, The",7.45,7.45
71.4553879289052,7.61654607093642,20.9280520849988,22.522428721131384,1996,Uganda,3.213,3.213
76.1942146430933,6.54575227651141,17.2600330803953,20.856323200333136,2003,Central African Republic,5.433,5.433
28.6688058031046,18.2498841486979,53.0813100481975,23.60562744555256,2007,Paraguay,4.713,4.713
76.5066454535775,4.84290429528769,18.6504502511348,23.095856143137706,2008,Madagascar,3.438,3.438
1.38907735268281,10.7648138493512,87.8457517086723,24.908550138617276,2017,Luxembourg,5.523,5.523
22.2671102358066,23.5050051360551,54.2278846281383,24.20065494957508,2000,Ukraine,11.707,11.707
66.0151347233239,15.2830143684797,18.70186659705,23.821654194127145,2013,Nepal,10.687,10.687
1.25058599112073,27.6190042422787,71.1304097666006,29.100805491400774,2021,Germany,3.594,3.594
2.16574291031958,16.6609412572999,81.1733158323805,23.971855844937117,2018,Cyprus,8.504,8.504
67.9480519141376,14.6839143634456,17.3680337224168,23.27699754698112,2009,Nepal,10.587,10.587
62.0381765603422,13.2438561296621,24.7179673099957,22.67860234146512,2005,Cambodia,1.064,1.064
23.372809191421,24.7243013144282,51.9029070018861,24.572169137736307,1996,Algeria,28.308,28.308
14.494858763653,23.6488391095162,61.8563082281746,27.941814833191376,2014,Mexico,4.819,4.819
14.8672966763635,33.5463964286567,51.5862784751992,24.64071037768894,2014,Tunisia,14.259,14.259
15.9043313495527,31.6008163274618,52.49486373058,25.094590674289,1999,Malaysia,3.43,3.43
59.0978321160321,16.1355436695519,24.7666242144161,20.800941948557153,2001,Tajikistan,3.75,3.75
43.1279698061172,16.9781733373553,39.8938568565276,21.5869206153953,1993,Moldova,3.7,3.7
62.641477702514,9.53609908643763,27.8224232110484,23.49037090914819,2016,Lao PDR,2.881,2.881
20.7928815636692,23.6852502902851,55.5218681460457,21.875628397840757,2009,Guyana,11.314,11.314
21.5285962576234,22.6258293491238,55.8455542701355,24.047702117535422,2022,Senegal,2.837,2.837
77.5722291796827,7.40357846941472,15.0241923509026,22.718256082386194,2009,Niger,1.209,1.209
71.8748076713678,5.52249475682559,22.6026975718066,19.235929151510792,1993,Bhutan,1.433,1.433
78.066101629955,6.90062120524423,15.0332870089508,22.877779055138525,2003,Ethiopia,2.995,2.995
10.7711882954599,31.4320804595462,57.7967404120836,27.068472321135204,1997,"Korea, Rep.",2.608,2.608
65.6205407096363,8.3025731799584,26.0768861104053,23.74258874469855,2019,Mali,3.29,3.29
26.8862657521136,19.2115967458925,53.9028021481363,20.51656199734963,2003,Cabo Verde,13.592,13.592
15.3249604763627,23.1762829134113,61.4987566102261,25.606450070692784,2001,Greece,10.764,10.764
12.4786912533555,22.5520770976751,64.9692316489694,26.402957101470275,1997,Argentina,14.82,14.82
34.910362601074,24.4118950294525,40.6777285182657,23.751587555618404,2004,Sri Lanka,8.38,8.38
15.1983762857565,43.3427376374629,41.4589143802641,22.755188331269867,1991,Bulgaria,11.1,11.1
78.7303976461308,7.97842930438685,13.2911730494824,21.74650525934272,2002,Niger,1.813,1.813
60.9565377463444,9.95675384373224,29.0867084099234,19.785101611156264,2000,Guinea-Bissau,3.557,3.557
1.38009665895634,51.7151511542402,46.9047521868035,26.015201095942423,2013,Qatar,0.28,0.28
1.07916070122288,35.2019986677365,63.7188406310406,24.27209344632397,2014,Bahrain,1.141,1.141
21.9904231075923,24.2478334608363,53.7617434315714,21.590289847626426,2006,Guyana,10.7,10.7
34.7914512157764,12.0439830756368,53.1645657085868,23.62525363030049,2011,Gabon,19.941,19.941
6.31184300609173,20.6474141434707,73.0407039951757,26.054756674878174,2017,New Zealand,4.736,4.736
55.7079057237706,17.9894501723816,26.3026441038478,21.453793996314044,2004,Tajikistan,3.616,3.616
2.21884437247461,24.9384840159169,72.8426716116085,26.63464418830499,2004,Belgium,7.363,7.363
52.0301940103021,11.3593461441973,36.6104568407148,24.761411255731083,1993,Nigeria,4.038,4.038
41.3037638062698,19.0799337819394,39.6163024117909,22.793381126829583,1997,Bolivia,2.08,2.08
51.394265616453,18.7988143656449,29.8069200179021,20.37275097740917,1991,Lesotho,15.59,15.59
13.7662879508756,34.0473902680201,52.1863217811043,23.336059752666625,1999,Bulgaria,14.1,14.1
12.3509227187138,19.6229979706566,68.0260793106297,24.351827634934356,2010,Costa Rica,7.171,7.171
7.92584112635852,24.222060332139,67.8506117958401,21.796178460829907,1992,New Caledonia,18.616,18.616
10.8939258735901,20.2325597399588,68.8734379217506,23.33966335346205,2004,Uruguay,12.98,12.98
5.51349010745226,23.2501811631813,71.2363287293664,25.51557274911897,1993,Norway,5.965,5.965
25.2979231105157,24.0513981171816,50.6506536887934,23.81820334219719,1992,Cuba,8.778,8.778
14.2711280087299,29.0597957921222,56.6690761991479,23.98540063774845,2005,Lithuania,8.325,8.325
18.6910326845038,19.8193995542041,61.4895677612922,26.172021270569847,2009,Colombia,12.066,12.066
55.6645950650492,14.4915967654842,29.8438081694666,23.293716860124636,2007,Equatorial Guinea,7.877,7.877
38.4978465423878,17.5830538831496,43.9191398410597,21.623527493816688,2005,Kyrgyz Republic,2.362,2.362
70.2514398361099,3.02526638578589,26.7232293559069,20.326316647425873,1998,Sierra Leone,4.161,4.161
31.9079353403255,25.9044716529646,42.18759300671,23.06898528140169,1992,Guatemala,2.639,2.639
12.0402358591634,18.1686388775157,69.7911252633209,24.782816408300462,2011,Dominican Republic,6.087,6.087
6.8978775031049,33.7577583657354,59.3443641311597,27.727921085622626,1994,Italy,11.086,11.086
45.9449321716287,10.4455849595145,43.6094933934498,24.823971701420035,2019,Cote d'Ivoire,2.401,2.401
22.0382347431243,33.9117014728316,44.0500637840442,22.32190497191539,2003,North Macedonia,36.69,36.69
1.12106646107832,18.4747314621342,80.4042020767875,28.62023012311078,2016,United Kingdom,4.867,4.867
2.54662838274154,22.594185416379,74.8591862008794,26.534628515450773,2003,Sweden,5.555,5.555
42.5685842141776,21.7931007621515,35.638315023671,23.184358181241734,1994,Sri Lanka,13.03,13.03
18.0138803875402,32.8303421990284,49.1557897865282,26.414821731650402,2022,Romania,5.614,5.614
26.9768594286907,25.6025742174001,47.4205446195509,23.806466014754907,2003,Syrian Arab Republic,10.28,10.28
85.3131341868726,3.1218109154076,11.5650358548561,21.744204361997735,2021,Burundi,1.118,1.118
70.7329477625203,8.64956027707526,20.6175075157687,23.464928686623573,2019,Mozambique,3.646,3.646
3.90583720889244,26.3491527459239,69.7450176751132,27.33162555205938,2017,Saudi Arabia,5.89,5.89
43.1496302927995,15.1094848754044,41.7408944625974,24.431291849711396,2020,Cameroon,3.87,3.87
10.8894212201923,20.9617273175809,68.1488514622267,24.14901644957168,2009,Costa Rica,7.824,7.824
29.5296189220363,31.4056763340832,39.0647047438805,25.885699233955872,2007,Romania,6.413,6.413
28.7239298174986,22.2977652142744,48.9783125836612,27.74354579181301,2019,Indonesia,3.59,3.59
2.0759416418288,23.111998597391,74.8120597607802,24.026004042993815,1995,Kuwait,0.694,0.694
67.5862621332752,8.97265923219544,23.4410786345294,20.817142887276262,2005,Eritrea,5.579,5.579
72.1161954427756,7.74583082616296,20.1379825981538,23.50883160260667,2015,Mozambique,3.426,3.426
33.4930291068811,23.5536882356771,42.9532826574417,26.732911698219354,2014,Thailand,0.576,0.576
33.2623832708891,15.5605123226331,51.177108812493,25.421048557417897,2021,Kenya,5.693,5.693
20.0592821076964,10.4410926745793,69.4996252177242,23.90588343366166,2018,Papua New Guinea,2.635,2.635
27.6938564236401,18.5525991370193,53.7535571354608,25.372141721191163,2017,Ecuador,3.836,3.836
31.897322233676,22.272543919394,45.83013384693,26.95018715317846,2021,Thailand,1.215,1.215
7.24428031241176,24.9998816861148,67.75575912555,23.584013599575933,1994,Uruguay,9.04,9.04
33.8679967126704,29.7928415563805,36.3391617309491,19.1377811848564,2000,Tonga,4.12,4.12
63.8309904669575,6.85591371788657,29.3130958151559,20.32385185481445,2010,Vanuatu,4.685,4.685
21.6775375257576,9.41396601290437,68.908496461338,23.80165756125651,2015,Papua New Guinea,2.503,2.503
30.7895597210113,28.7788796861378,40.4288360941587,19.49306097540784,2006,Tonga,1.09,1.09
8.83654254222803,23.1294102048312,68.0340472529408,26.162926558154687,2007,"Venezuela, RB",7.279,7.279
5.18666221238569,22.87509917735,71.9382386102643,23.400673278277566,2003,Cyprus,4.153,4.153
0.317310388594536,14.8471744616792,84.8355151497262,22.32245137311822,2010,Guam,8.2,8.2
35.5197961688315,16.3357659503927,48.1444378807758,23.821224733782977,2001,Kazakhstan,10.43,10.43
9.7828357258955,31.0371201301254,59.1800441439791,26.986093598976144,1993,Spain,22.156,22.156
66.6584118622742,7.90275984824637,25.4388282894794,21.80895665342677,2000,Mali,1.414,1.414
17.7929469951665,23.9957489857857,58.2113040190478,20.774074016587953,2003,Maldives,5.134,5.134
2.51529636718206,20.3920053768982,77.0927091209743,28.632679496841433,2019,France,8.415,8.415
4.43206763302553,16.0713097851394,79.4966225818351,22.92661495438408,2004,"Bahamas, The",10.2,10.2
21.1140411228379,27.3881893401824,51.497870417261,22.44749721600353,1995,Latvia,19.0,19.0
39.891772320315,8.00614348146106,52.1020622791378,22.21354199286307,1994,Angola,17.4,17.4
13.0483472777903,24.9807092715164,61.9709359292084,26.274052520194367,1994,Argentina,11.76,11.76
3.06169908560887,26.8325798232605,70.1057210911306,23.90868025166008,2021,Trinidad and Tobago,4.446,4.446
4.11796561044691,28.1434468930513,67.7385890518849,29.15266572837398,2007,Japan,3.888,3.888
21.0392779618101,19.7931635577302,59.1675584804596,24.30927334921987,2016,Paraguay,5.255,5.255
2.56731073360932,19.9990109938299,77.4336782725608,24.808217937804336,2004,Kuwait,1.7,1.7
6.4951291723987,27.7419076516012,65.7629099167185,25.827213991839375,2003,Ireland,4.478,4.478
3.47267045745607,11.8001126991445,84.7272168433994,23.194546743237076,2015,"Bahamas, The",12.0,12.0
47.1888559097369,16.7204939432938,36.0906501469693,21.23077418638325,1995,Kyrgyz Republic,1.474,1.474
8.82360240123685,20.4642407788385,70.7121568199246,24.77818201644766,2015,Uruguay,7.488,7.488
0.487448737817174,19.25096824798,80.2615830142028,24.72883076508796,2014,"Macao SAR, China",1.67,1.67
11.2010898517035,38.4848618840369,50.3140482642596,22.20536870742688,1999,Mauritius,9.28,9.28
5.04067875406787,24.0946071594607,70.8647140864714,21.91650167342183,2001,New Caledonia,17.441,17.441
38.3022530737102,14.8479322313077,46.8498146949821,18.693287875187067,1994,Sao Tome and Principe,14.424,14.424
2.39449719235703,20.0348690235585,77.5706713018632,26.564824501833403,2011,Denmark,7.769,7.769
35.6938714404922,14.1512343690431,50.154889290843,25.03828616353166,2016,Kenya,2.757,2.757
92.021432368579,2.38391730726456,5.59465032415642,20.659934707179886,1993,Burundi,3.08,3.08
45.9541616780433,12.0438325066472,42.0020058153095,21.165376946117966,2018,Timor-Leste,3.778,3.778
73.3727952210326,6.65361637279582,19.9735884061716,21.485281933964853,2010,Central African Republic,5.291,5.291
27.2950381409353,14.460268360943,58.2446934981217,22.679787413840817,1991,Panama,6.445,6.445
56.4004287688998,22.4000130192949,21.1995582118053,26.824833540819277,1993,China,2.69,2.69
1.35984376517263,21.7035506527812,76.9366055820462,26.984942669392797,2013,Belgium,8.425,8.425
2.48435545647831,17.8442139990702,79.6715278061458,24.591850558196885,2003,Kuwait,1.3,1.3
18.1104974881509,22.1773178059007,59.7121847059483,23.877634713554613,2015,El Salvador,3.998,3.998
29.2854404606048,18.1341453711674,52.5804141682278,20.105647707207048,2000,Cabo Verde,13.088,13.088
22.3683899487034,21.6923149658417,55.9398860600903,21.223811849872483,2007,Cabo Verde,13.323,13.323
58.2982783976917,9.49245095438549,32.2092706479228,24.361358836519,2017,"Congo, Dem. Rep.",4.601,4.601
50.4583246595572,20.4539516792663,29.0877236611765,20.667872035215687,1996,Lesotho,15.788,15.788
44.6089986475105,11.5703400533931,43.8206612990964,22.624460839252023,2020,Sierra Leone,3.508,3.508
65.055,7.60733333333333,27.338,20.572897496471978,2005,Bhutan,3.1,3.1
46.5878230132384,18.6353431394595,34.7768338473021,23.380723932302487,2021,Afghanistan,11.994,11.994
30.4315036040406,14.5142885979988,55.0542077979607,22.26709369862153,2015,Fiji,4.291,4.291
10.6398896500129,19.6759638089449,69.6841465410423,20.553711323599835,2017,St. Vincent and the Grenadines,19.006,19.006
27.9113286310638,18.1535195048222,53.935151864114,20.43937656406161,1993,Belize,9.78,9.78
1.07006696063793,18.1250070589985,80.8049168963976,28.68580005674384,2018,United Kingdom,4.12,4.12
42.1811049846427,15.7006994042112,42.1181956111461,21.582986650873874,2004,Mauritania,9.791,9.791
5.3607558070113,24.7789281104929,69.8603368487067,26.15968626383131,2020,Portugal,6.801,6.801
1.50263311878291,15.3586892919836,83.1410181392627,22.056686708722808,2017,Virgin Islands (U.S.),12.217,12.217
5.27650389312128,26.6976434116589,68.0258526952198,25.868507007999426,2003,Finland,10.469,10.469
10.3971826387107,19.723861277608,69.8766238309583,20.600340436425096,2018,St. Vincent and the Grenadines,18.984,18.984
53.06525537808,18.4471648508297,28.4875800306627,27.43303807200833,2005,India,7.552,7.552
16.2287460025884,25.5346072282865,58.2366467691251,22.947784544274096,2002,Latvia,13.829,13.829
39.0311073466551,24.944931100147,36.0239496134939,24.224184629456442,2018,Cambodia,0.13,0.13
6.58300370049,33.6616495367788,59.7553418284156,27.794303767742942,1995,Italy,11.661,11.661
7.11357511090509,28.256421042834,64.6300038462609,25.621037550441596,1998,Finland,13.214,13.214
61.215265730538,6.98493978706462,31.7997678953854,23.36863845053567,2020,Guinea,6.018,6.018
14.8723074797535,23.8994555882795,61.2281991832692,24.09204814781393,2021,El Salvador,4.327,4.327
12.8528466098557,26.407263893621,60.7399536606603,24.580509293689733,2005,Libya,18.639,18.639
56.9180947414861,9.98756835456278,33.0943369039512,24.609293099231483,2020,"Congo, Dem. Rep.",5.345,5.345
6.23294542266306,29.7575446249674,64.0095099523695,26.100495160388288,1999,Austria,4.699,4.699
4.84923055310032,22.3821303347635,72.7686391121361,26.713916107022012,1998,Australia,7.684,7.684
40.0377208894442,22.1722811527696,37.7899979577862,25.337052092516657,2010,Morocco,9.09,9.09
57.380573335822,10.3983267640891,32.2209901077063,18.893181259631103,1993,Liberia,2.493,2.493
53.070560137802,10.478388293872,36.451051568326,21.037849177990072,2000,Kyrgyz Republic,1.858,1.858
11.5808705252826,25.4354372426952,62.9836922320222,25.438702706589485,2009,Iraq,8.414,8.414
18.4416738693851,23.4740114269009,58.0843178813839,26.632142032093924,1993,Brazil,6.03,6.03
3.69915934562791,25.6801440526772,70.6206981914136,29.460902485275376,2011,Japan,4.55,4.55
3.59948978416884,38.7046933516699,57.6958195734637,28.392470468216175,1992,Germany,6.323,6.323
6.44648386551718,30.0190420500865,63.5344424425717,25.228717747971295,2022,Bulgaria,4.268,4.268
5.03143793927218,28.385108406254,66.5834257431325,26.317611699436494,1991,Switzerland,1.818,1.818
38.2418655715192,21.2516150881744,40.5065282721841,26.58471182734695,2019,Bangladesh,4.441,4.441
18.6878788387451,23.4645772995671,57.8475008210011,23.61290899620126,2008,El Salvador,5.88,5.88
3.10532134788252,17.5624669518819,79.3320194202759,23.899639626058125,2013,Cyprus,16.131,16.131
19.3471156769989,24.8480439515886,55.8048403714125,25.398854453344,1993,Greece,10.177,10.177
6.17551239419447,38.4088459460295,55.4156416597761,24.285551446467043,2002,Slovak Republic,18.541,18.541
7.32721096834035,23.9314615906542,68.7413274410055,22.268786921572737,1991,Lebanon,8.609,8.609
20.9083205175197,20.6615699078175,58.4301095746628,23.59125678026595,2009,El Salvador,7.33,7.33
7.28829245719574,22.2441660606862,70.4675414821181,20.35450457358991,1995,Suriname,8.39,8.39
36.4398747810104,28.3810563198254,35.1790688991642,19.218640888345668,1996,Tonga,2.408,2.408
23.5556797876531,26.0277357590655,50.4165844532814,27.503819233048276,2012,Turkiye,9.21,9.21
30.297282810374,34.0115140395003,35.6912031501258,21.66180611878088,2018,Lesotho,16.625,16.625
43.8656897729861,8.46063320932351,47.6736770176904,20.61582948589768,2010,Solomon Islands,1.617,1.617
14.7442919419903,30.724432694276,54.5312816701787,26.786388342696096,2007,Poland,9.551,9.551
47.6130356162622,14.0777886915466,38.3091870950145,24.31746489234699,2014,Cameroon,3.534,3.534
85.4525655839493,3.61580490079128,10.9316295152594,21.799571085733515,2005,Rwanda,11.854,11.854
67.5485280864896,8.84523442260961,23.6062374909007,21.186695057144576,2010,Eritrea,5.675,5.675
36.4516539749527,19.0752878188977,44.4730582061496,23.48576284577111,2010,Honduras,4.119,4.119
22.1299356815496,31.8755376940515,45.9945671859492,23.61535149196726,1995,Tunisia,16.339,16.339
36.3030936736286,14.442578573974,49.2543277523974,22.415336404223346,2007,Somalia,18.981,18.981
6.73607808559238,34.5953614007829,58.6685620734249,28.925218214472093,1991,Japan,2.059,2.059
83.1414253705005,4.35741768943559,12.5011908430694,22.12703361869306,2007,Rwanda,11.626,11.626
30.5346986565276,17.954916619618,51.5103847238544,22.39515791568039,2003,Nicaragua,7.6,7.6
43.2978236475313,8.8700389794472,47.8321373730215,20.785202878761957,2011,Solomon Islands,1.292,1.292
71.3497412587839,6.18854861456571,22.4617101266504,21.56772577482982,2020,Central African Republic,6.196,6.196
46.2956534021837,12.0932915974429,41.6110550003734,23.39798139594601,2020,Haiti,15.546,15.546
72.7277271979881,5.29690234535649,21.9753704566554,22.407013903617408,1995,Guinea,4.481,4.481
87.1949811286898,3.23118134861127,9.57383752269889,21.570567126809532,2012,Burundi,1.593,1.593
1.36956254246446,17.7288801151289,80.9020923277748,23.670251220794267,2012,Brunei Darussalam,6.482,6.482
14.5610499664135,17.8335830792814,67.6053669543051,20.710593286705397,2003,St. Lucia,22.18,22.18
39.8470030068027,20.5941638466574,39.5588305839823,26.364146246964538,2009,Thailand,1.49,1.49
31.9872110695102,22.2936061766891,45.7191827538007,22.71592785679121,2013,Kyrgyz Republic,3.153,3.153
30.3008890169446,33.972467722779,35.7266432602764,21.559101834701483,2017,Lesotho,16.401,16.401
9.01582530812257,27.6270180374444,63.3571454696002,25.839722886804946,2016,Iraq,10.82,10.82
36.7908021349013,18.9926484715412,44.2165082523159,22.57851926050878,2014,Togo,2.142,2.142
73.836979003895,7.94539716319159,18.2176263939356,24.122253790797586,2010,Ethiopia,2.3,2.3
29.9017072388484,18.659199234718,51.4390935264336,24.156130088607593,2003,Ecuador,5.662,5.662
24.6318706892904,19.2101375965041,56.1579917142055,22.417058808883066,1993,Jamaica,6.236,6.236
35.2916404006668,21.6834982697126,43.0248613296206,24.5644077204124,1993,"Egypt, Arab Rep.",10.92,10.92
28.1264301702938,26.345291793535,45.5282653164799,25.13640995793542,2014,Sri Lanka,4.157,4.157
35.212705561307,14.6954567790505,50.0923147383939,20.984890838041636,2021,Comoros,4.394,4.394
43.8952979921826,20.1811339785677,35.9235791769165,24.7842149841302,2003,Morocco,11.92,11.92
85.0538433333936,2.33599763479231,12.6101590318141,22.072599602173717,1991,Mozambique,2.842,2.842
29.8182473250557,16.8140491051087,53.3677035698356,23.540562994792364,2005,"Yemen, Rep.",12.215,12.215
72.3426074839444,6.50552011349015,21.1518557383234,23.42408714743104,2012,Mali,1.482,1.482
13.2845463330758,31.1105086732333,55.604951032832,26.812064587431475,2009,Poland,8.131,8.131
0.328043829335056,19.6085655397256,80.0633590335757,26.451989220473827,2013,Singapore,3.86,3.86
35.3031256555486,19.7717319391328,44.9251424053186,23.597410855328487,2011,Honduras,4.474,4.474
48.1433279856814,14.2514014849738,37.6052705293448,22.230671714331258,2002,Albania,17.891,17.891
8.58809636754509,31.6286330436655,59.7832705887894,22.473667103121166,1999,Estonia,11.573,11.573
48.9888174460637,13.6696782330925,37.3415957189144,22.124218250518545,2001,Albania,18.57,18.57
19.3911884664004,32.9128829755934,47.6959285580063,26.7492745420117,2009,"Iran, Islamic Rep.",12.113,12.113
0.306425794648982,14.7541733363823,84.9394008689687,22.329498618632204,2011,Guam,13.3,13.3
1.95336242211011,20.7630615361048,77.2835760417851,23.32367405881017,2019,Brunei Darussalam,6.6,6.6
7.40957799499497,18.5707869013753,74.0200628836652,22.491659012597054,2021,Montenegro,16.543,16.543
65.3479607149601,9.20786306552223,25.4441762195177,21.98212960364772,2000,Afghanistan,7.935,7.935
21.8194772247375,19.54114256622,58.63941613812,24.312641144489557,2015,Paraguay,4.556,4.556
50.2373280670755,6.21408525992249,43.548586673002,19.855390616276726,2000,Solomon Islands,2.45,2.45
15.7378904163504,17.0947541536645,67.1673554299851,23.408223865034156,2021,Jamaica,5.188,5.188
24.2201989586165,23.4388080007424,52.3409694863227,24.17090274307045,2022,Honduras,8.774,8.774
64.065359885602,11.8003161983294,24.1343239160686,24.17986243433279,1992,Bangladesh,2.234,2.234
84.7268843578465,4.34930321771056,10.9238327559853,21.883403073607113,2001,Burkina Faso,2.74,2.74
3.27171198289871,23.692445840468,73.0358421766333,26.252639984979847,2004,Denmark,5.204,5.204
67.1927768009155,4.65544670518295,28.1531720114991,19.368186702412025,2001,Vanuatu,8.434,8.434
4.33790289438149,14.2458756531439,81.4154875829273,21.955534510718824,1995,"Bahamas, The",10.83,10.83
12.2758063811971,31.0714528725849,56.652740746218,25.967032623238985,2004,Portugal,6.319,6.319
17.4841424732458,33.3348266405102,49.1810260742982,27.16752786009395,2011,"Iran, Islamic Rep.",12.491,12.491
56.4293449040944,19.6911182292495,23.8796125915324,21.221992480034142,1993,Tajikistan,2.65,2.65
33.655726412764,15.8750064090923,50.4692543759618,26.028606952899214,2020,Peru,7.179,7.179
45.2461954758049,21.2632632223607,33.4905383705817,24.670849005307588,1993,Pakistan,0.61,0.61
55.4400666745874,8.15366764634992,36.4062656790627,25.608633473160918,2013,Angola,16.492,16.492
33.2935579480025,23.1495529100554,43.5568891419421,25.57013552345336,2018,Morocco,9.271,9.271
53.1987915884304,12.0241879444683,34.7769219017205,20.295823476268637,1992,Albania,30.007,30.007
1.44623947429666,27.7784413950409,70.7753092586701,28.968147893179534,2013,Germany,5.316,5.316
1.86253011722028,22.4983531407636,75.6391167420161,23.032960562982726,2021,New Caledonia,11.54,11.54
3.88986846738604,25.8672063052326,70.2429123679578,28.333923953237715,2019,Italy,9.951,9.951
30.515004483376,17.6160604717623,51.8689350448616,24.419092329438154,2005,Ecuador,3.779,3.779
18.4839788564876,11.5071523513016,70.0088363176879,24.178104642511872,2022,Papua New Guinea,2.689,2.689
47.0881568092011,24.6920332739296,28.2198099168694,28.234045314607094,2012,India,7.666,7.666
12.9631993400843,32.6644389299436,54.3723421827063,25.830581133047133,2003,Portugal,6.132,6.132
1.88443391113969,4.7652767039748,93.3502893848855,20.72237077676726,2008,Djibouti,26.194,26.194
34.9601637787091,22.912853166662,42.126983054629,26.204942021613935,2002,Turkiye,10.358,10.358
3.11228725920581,22.7503939647691,74.1373187760251,27.169950261004846,1996,Canada,9.62,9.62
51.9445581987011,12.1082044307604,35.9472373705385,23.66089178935655,1999,Cote d'Ivoire,4.415,4.415
46.9457674873259,6.00592254688683,47.0483099657872,19.83046834987921,2001,Solomon Islands,2.642,2.642
1.37033474641682,19.5545818341586,79.0750834194246,23.26049738423913,2006,Brunei Darussalam,5.997,5.997
13.4468016194332,23.9808906882591,62.5723076923077,22.279548488071576,2022,Eswatini,35.359,35.359
33.9933575497299,21.8901124868223,44.1165360162355,24.82026096766375,1995,"Egypt, Arab Rep.",11.04,11.04
19.2478799970523,32.2372479127489,48.5148720901987,24.035774153722297,2003,Tunisia,14.51,14.51
68.4618105898924,6.50804857456179,25.0301408355459,21.52855827447483,2004,Sierra Leone,3.42,3.42
3.23040635832161,20.9767784256494,75.7928061668408,27.76977231592065,2010,Australia,5.214,5.214
10.6964687410238,30.7723448992567,58.5311863597195,24.725593894711697,2017,Belarus,5.648,5.648
84.120892034515,2.64818471517951,13.2309232503056,23.135440306211965,1997,Tanzania,3.338,3.338
2.04745134796647,29.3923959336953,68.560148836958,27.69059928193662,1993,United Kingdom,10.346,10.346
2.10560910630652,25.2343579164562,72.6600329772373,25.516470725889246,2017,Kuwait,2.227,2.227
8.93145346549583,21.5297506991779,69.5387958353262,26.772120184398716,2010,Argentina,7.714,7.714
11.7510341634849,17.8412490604171,70.407716776098,26.369518345605854,2011,Greece,17.973,17.973
68.5485100128596,7.00699121987136,24.444498767269,24.288650817024283,2019,Uganda,3.06,3.06
7.37171968557684,38.453843250061,54.1744370643622,24.140870290996073,1999,Slovak Republic,16.099,16.099
10.6744766164454,21.6790986523173,67.6464247312373,23.89285784288448,2007,Uruguay,9.403,9.403
4.28437692622502,34.1041752765468,61.6113472438831,24.710580393215583,2019,Slovenia,4.446,4.446
6.98453608247423,21.6554783025653,71.3599856149604,23.15944896124345,2003,Iceland,3.997,3.997
6.53015241108381,21.6924576652093,71.7779736505694,23.54779232802091,2005,Iceland,2.547,2.547
28.2828656658971,18.7155717085625,53.0015626255404,25.7207979800985,2010,Kazakhstan,5.77,5.77
0.40006566142157,23.969232933893,75.6307014046854,22.72091320136497,2002,"Macao SAR, China",6.267,6.267
43.9807783606042,18.418424450469,37.6007960066591,26.032186928384355,1995,Indonesia,4.611,4.611
10.136317875509,21.9691266767643,67.8945554477267,21.53286331895242,2022,Cabo Verde,12.246,12.246
66.805111947908,7.81352881896359,25.3813592331284,21.958947957827444,1999,Mali,1.364,1.364
8.06454329318441,30.5167337062851,61.4187230005305,24.590945116509378,2008,Lithuania,5.826,5.826
0.907770508441164,19.0653732642267,80.0268364742965,27.10949608093564,2022,Belgium,5.57,5.57
13.1242179456084,27.1473868340189,59.7283952203727,24.68250591492536,1993,Ireland,15.571,15.571
25.4505885559843,33.0072579467663,41.5421469320613,25.171793159448978,1991,Poland,13.611,13.611
7.78402791622265,25.1338512884576,67.0821207953198,24.589386558958882,2017,Lithuania,7.073,7.073
10.5378314239351,21.9508510669402,67.5118048076876,21.442004065263635,2021,Cabo Verde,13.976,13.976
2.93520140574329,21.7779944966183,75.2868040976384,28.617959332090205,2012,France,9.841,9.841
39.6125028981971,16.3442327292468,44.0432534975203,24.699442170992207,1995,Peru,4.717,4.717
64.7593088390967,11.5841706903284,23.6565204705749,24.026835764535214,1998,Viet Nam,2.29,2.29
4.92649865317393,24.9120384328391,70.1614889496735,26.438512394991722,1998,Switzerland,3.568,3.568
19.3596195363335,33.9736382782093,46.666647786969,22.86320191673349,2003,Bosnia and Herzegovina,28.447,28.447
46.5864354164953,18.7715090773165,34.6420103071815,22.743010830044607,2017,Tajikistan,11.487,11.487
8.50884636513142,28.3229828733632,63.1681707615054,25.15937187440537,1999,United Arab Emirates,2.197,2.197
67.9394856948881,8.73859363368881,23.3218199418387,20.375650893524657,2000,Eritrea,5.608,5.608
65.8875049253467,9.7970524991666,24.3154270991418,23.116923539377254,2001,Cameroon,7.46,7.46
6.49942191922816,18.0401068452737,75.4604712354981,22.14861992964426,2009,Montenegro,19.09,19.09
56.2465530072676,14.3611184434504,29.392328549282,23.128298044419633,2021,Rwanda,15.775,15.775
4.42878785777679,18.7693275737741,76.8018412330819,26.732385668405154,2019,Ireland,4.95,4.95
17.1694692619169,16.8155715014601,66.014959236623,21.215581960705535,1993,Fiji,4.702,4.702
54.7452624064168,15.8332756145101,29.4214706640371,24.18469730466016,2008,Myanmar,0.703,0.703
71.0425778106326,10.8504273348652,18.1069948545022,22.468561080791837,2003,Zimbabwe,4.735,4.735
62.9712836130016,9.53049493506682,27.4982214519316,24.56139435130922,1996,Bangladesh,2.51,2.51
2.54211014304789,35.8780058180944,61.5798840388577,25.475857790312823,2022,Slovak Republic,6.143,6.143
2.30748892487214,24.7956479031951,72.8968631719328,25.883286857565185,2013,Kuwait,2.471,2.471
17.7582719918373,18.0739377596385,64.1677902485242,23.122937503840298,1998,Panama,6.23,6.23
3.56069372108222,26.2554425891521,70.1838456013135,26.42767828875834,2010,United Arab Emirates,2.811,2.811
0.935135501946129,34.8948411832851,64.1700233147688,24.302264378779594,2020,Bahrain,1.781,1.781
47.9953407020216,14.0832218643226,37.9214374336557,22.481418890508184,2003,Albania,16.985,16.985
41.2569039630818,14.1057909225276,44.6373051143906,22.106847320932452,1996,Namibia,22.835,22.835
7.75116577879798,24.1774582412982,68.0713759799039,21.760798072888136,1993,New Caledonia,18.803,18.803
5.42122744920129,32.3764723754905,62.2022953433523,27.858160462580855,1999,Italy,11.681,11.681
76.4960658224535,6.93765816880009,16.5662760087464,20.658984897581515,1997,Central African Republic,5.449,5.449
36.4258485038886,8.83256879868752,54.7415826974239,23.450176546616692,2002,Angola,16.488,16.488
2.06949425975956,25.1119589674328,72.818505795969,25.65519204048069,2018,Kuwait,2.204,2.204
71.7619446361379,9.89975627729783,18.3383106911639,23.513598299698618,1994,Viet Nam,1.972,1.972
30.3050836880465,18.3749151678571,51.3200011440963,22.47990453558795,2004,Nicaragua,6.41,6.41
28.7592251837386,18.4954202059505,52.7454112804099,22.786448669967598,1994,Paraguay,4.41,4.41
18.482486117044,18.2651644596326,63.2524384166311,23.04316662964391,2004,Jamaica,6.539,6.539
14.028460079736,21.2763733556315,64.6951665646324,20.960958385405057,2006,St. Lucia,16.0,16.0
4.38212049899718,21.6857126094354,73.932177756338,26.704146309861304,2002,Australia,6.375,6.375
23.1893414964316,33.7008218938624,43.109836609706,24.635437402787485,2021,Turkmenistan,4.459,4.459
20.5795047556317,32.4700293159581,46.9504659284102,23.673623927982664,2008,Bosnia and Herzegovina,23.405,23.405
57.091937628137,8.74435591572712,34.1637064561359,21.40521488160789,2011,Bhutan,3.23,3.23
27.1524587258524,31.3414677373178,41.5060735368298,24.496583184063176,2014,Turkmenistan,4.0,4.0
52.5422347965842,15.0741747457765,32.3828498211363,20.364348086758085,2006,Comoros,4.473,4.473
18.0616054770959,20.0065315109849,61.9318630119192,25.392879154784666,1997,Colombia,12.14,12.14
42.2331956725682,22.8731892453091,34.8936150821227,26.326824487410846,2014,Pakistan,1.827,1.827
3.27981903499069,18.412622893379,78.3075151319451,24.558323564293307,2021,Jordan,19.837,19.837
1.63715984572531,4.99986608099421,93.3636436683094,21.026057883488697,2012,Djibouti,26.187,26.187
32.4669630149984,18.3683697952779,49.1647242090282,22.400689827462486,2001,Nicaragua,7.203,7.203
8.83476688460494,31.23106185391,59.9341616430253,25.957011911741766,2015,Algeria,11.206,11.206
2.57050860964237,5.07748139692659,92.352009993431,19.959800200049703,1993,Djibouti,26.728,26.728
46.9627184183368,15.1280883694977,37.9092865234277,22.83428577249921,2005,Albania,15.966,15.966
74.094671162211,7.15891198475867,18.7464168530304,23.0480915083961,2013,Niger,1.397,1.397
27.5161364825953,17.547983514799,54.9359027797708,23.798295710269667,2007,"Yemen, Rep.",12.488,12.488
50.4166883853554,17.1489900123872,32.4343360412748,23.71435383144207,2012,Afghanistan,7.856,7.856
3.51203623783067,25.4672344076648,71.0207293545045,26.310712366018027,1995,Sweden,8.897,8.897
89.1342862767261,3.33334979664285,7.53236392663103,21.362638034747075,1994,Burkina Faso,2.58,2.58
0.399949841274032,30.5704235112428,69.0296266474832,22.049080020591447,1991,"Macao SAR, China",3.01,3.01
37.5456403795825,21.7948920992104,40.6594675212071,26.754603883884577,2021,Bangladesh,5.327,5.327
13.60445833469,24.4459597463107,61.9495819189993,27.73739126943883,2016,Mexico,3.853,3.853
13.4979801727954,23.857389467157,62.6446478963144,24.97552606738484,2002,Chile,10.168,10.168
1.36304267741323,18.4021924781478,80.234764844439,23.200888063803227,2009,Brunei Darussalam,6.411,6.411
5.48880064634796,18.5544267386359,75.9567726150161,23.44598281489971,2011,Iceland,7.028,7.028
77.7622677999854,4.6463765820009,17.5913449858406,23.28206872548317,2008,Mozambique,3.114,3.114
32.4626649593544,20.9680787234661,46.5692563171795,23.264998202852787,2017,Benin,1.659,1.659
18.0427390030707,15.1597018793538,66.79677376287,21.370054894051933,2012,Belize,8.379,8.379
44.3742386824564,11.9453796288539,43.6803693321461,24.611877024318115,2014,Cote d'Ivoire,3.285,3.285
50.0176702580521,13.9331782185172,36.0490962174587,22.205136967999973,2007,Moldova,2.723,2.723
35.586902587574,11.6275991847205,52.7857388651059,23.388588967612527,2010,Gabon,20.39,20.39
71.8704746488984,8.21211469102035,19.9174106600813,23.20520847062034,2005,"Congo, Dem. Rep.",2.948,2.948
72.3675955911613,6.73364320477472,20.898761204064,21.6435989924965,2012,Central African Republic,5.243,5.243
14.925585258754,26.7582502613491,58.3162697564637,22.772409576695406,2000,Latvia,14.211,14.211
72.2110242357047,7.36769265851849,20.4212394205239,22.003427429575826,1996,Zambia,15.3,15.3
34.3538344722855,31.1201767101539,34.5259888175606,21.243327745911667,2007,Lesotho,15.997,15.997
17.9286980994085,33.1380022611804,48.9332996394111,23.403938054368602,2002,Belarus,10.908,10.908
39.9687134358506,23.4117853438542,36.619586376975,22.617882944469095,2005,"Congo, Rep.",19.796,19.796
31.3096413692061,22.5226141031971,46.1677445275968,22.73390677620116,2014,Kyrgyz Republic,3.262,3.262
34.8853081793687,25.0162047335996,40.0984870870317,23.47408069335061,2011,"Congo, Rep.",19.464,19.464
34.4542392027918,21.867548867327,43.6782119298812,19.738624373316267,1992,Guyana,11.9,11.9
10.5851733658712,25.1259278378738,64.2889639762953,25.250916957937438,2012,Libya,19.03,19.03
18.0813335725227,15.4215022010018,66.4964742572481,21.508559106395836,2015,Belize,7.578,7.578
46.4883306663446,13.3171930195344,40.194476314121,23.297080729869634,1997,Kenya,2.827,2.827
7.54433395930367,35.5002854632685,56.9553499975383,24.517209048111585,2007,Bulgaria,6.878,6.878
15.6425714976295,23.4186706071998,60.9386954395533,23.49436434549238,2001,Costa Rica,6.051,6.051
42.2682554389655,25.2623110203201,32.4694316284129,28.60613692680345,2017,India,7.618,7.618
2.77697481963934,24.50177348253,72.7212516978306,29.448794113571463,1991,United States,6.8,6.8
29.6773766914029,20.9488523315106,49.3737709770864,24.219779405968016,2015,Bolivia,3.111,3.111
44.0791914844375,24.4704808705081,31.4503256486145,28.78389133081679,2021,India,6.38,6.38
49.8590329125852,15.6087169081979,34.5322501792169,21.741680919741654,2021,Bhutan,4.803,4.803
34.3625765845646,17.3002987070563,48.3371247083791,22.609204207356967,2014,Mauritania,10.028,10.028
9.13966908944812,21.0075848886616,69.8527460218903,24.84224100942868,2014,Uruguay,6.547,6.547
52.339154870644,15.4653505205783,32.1955738564951,23.17509070652287,2014,Armenia,17.498,17.498
79.1709725550676,8.89982341677082,11.9291861118437,22.03563554585217,1992,Madagascar,6.268,6.268
77.232762526382,6.8770529720947,15.8901879069676,22.78388248433726,2002,Ethiopia,3.06,3.06
3.54828763352054,25.3913298829057,71.0604191902507,25.828493443644042,2001,Denmark,4.164,4.164
29.6092630600627,17.2844252908537,53.1065882574228,21.77779548647966,2009,Fiji,4.305,4.305
17.8865311857263,31.4545439156305,50.6589248986432,22.84390629906854,2007,North Macedonia,35.231,35.231
73.9552751283269,6.60858414536167,19.4361501385863,23.56806318298971,2013,Mozambique,3.346,3.346
18.0201937918211,23.3971835913583,58.5826661322966,23.55717011877955,2007,El Salvador,6.41,6.41
44.037527119395,14.7804814795694,41.1820034074087,24.485024356777586,2013,Sudan,16.3,16.3
15.5560435078719,22.7832542437345,61.6607022483937,27.119598687977913,1999,Brazil,11.125,11.125
77.7094069647595,6.46120694466666,15.8293767883521,22.926145932881894,1993,Ethiopia,3.235,3.235
48.6208746121559,10.9425389113941,40.43658647645,23.462510425634086,2011,Georgia,19.632,19.632
17.6663894458258,24.4442154965953,57.8893950575788,23.06830665693765,1996,Iraq,8.527,8.527
48.9298726356518,11.1392122968834,39.9309150674648,24.251924903016196,2008,Cote d'Ivoire,6.379,6.379
69.265971168085,7.13103469105296,23.602994140862,22.77013477366659,2008,Malawi,4.814,4.814
24.2113434535919,24.6809348918766,51.1077216545316,22.96091502482885,2019,Kyrgyz Republic,4.295,4.295
14.0616355118736,18.4555606292326,67.4828038588938,24.767366492594952,2020,Panama,14.663,14.663
8.90290999960463,27.1956209273384,63.9014690730569,26.149833351894912,2018,Iraq,13.49,13.49
5.56757113208959,24.7370959746954,69.695332893215,26.712954104361856,2009,Austria,5.371,5.371
6.26667077262793,24.6557173736831,69.077611853689,27.856792840569106,2011,"Korea, Rep.",2.992,2.992
2.44586233565352,4.56654714195317,92.9875905223933,20.099794239754242,1999,Djibouti,26.74,26.74
24.341978649386,30.9864867908984,44.6715345597156,24.997727600004623,1994,"Iran, Islamic Rep.",10.448,10.448
56.6461502564846,13.8600665339758,29.4937832095396,23.03446657840819,2006,Equatorial Guinea,7.924,7.924
12.6278523105149,29.3469785575049,58.0251691319803,22.475972119565203,1991,Cyprus,3.0,3.0
11.1028154100942,26.1526348654739,62.7442782287623,22.728213322470918,1994,Cyprus,2.7,2.7
1.21582286176094,54.5547891671205,44.2293368861244,25.74538284232568,2016,Qatar,0.15,0.15
72.0900076744538,8.24761922953324,19.662373096013,24.491666049043754,2012,Ethiopia,2.255,2.255
1.36798396486732,17.3866349083137,81.2459127956743,23.618854413577377,2013,Brunei Darussalam,6.655,6.655
63.1983935960203,14.6544435375883,22.1471628663915,26.386948522475823,1992,India,7.733,7.733
28.7042543422441,31.6016831736049,39.694062484151,26.090717081330155,2008,Romania,5.787,5.787
62.7597496867176,12.0589005425171,25.181345172968,22.58881181385368,1998,Myanmar,0.776,0.776
18.0438518169859,20.4585572478965,61.4975958960222,26.537295273529846,2011,Colombia,10.288,10.288
6.04720111657993,24.4217039046824,69.5310949787377,27.87635388459184,2012,"Korea, Rep.",2.812,2.812
3.50947689027665,37.8111533884118,58.6793669649152,28.362886103127895,1993,Germany,7.675,7.675
58.5789574716856,14.0751793099838,27.3458632183306,19.762121533575908,1999,Comoros,4.546,4.546
56.3584530062744,10.9971205189938,32.6444264747318,19.22492197649217,1992,Liberia,2.623,2.623
49.0791045489437,23.5336146632396,27.3872807878167,28.231533042321054,2011,India,7.616,7.616
1.46304233973707,56.3716895457604,42.1651895956199,25.552557546655,2010,Qatar,0.45,0.45
6.58568866607309,30.3211253996519,63.093185934275,24.97959676350332,2020,Bulgaria,5.125,5.125
2.04335453519261,32.7457196352649,65.2109258295425,22.11872057977407,2000,Malta,6.324,6.324
5.5872717153693,18.4417834745738,75.9715185697319,23.344389160669873,2010,Iceland,7.564,7.564
49.2478945916563,12.9436541033731,37.8084513049707,22.517220396030158,2000,Senegal,2.668,2.668
4.81754353666226,25.1268888081856,70.0555941828912,26.409522965446754,1997,Switzerland,4.127,4.127
9.19599811454818,38.9047069755668,51.8993414412725,23.988262446290378,1995,Slovak Republic,13.109,13.109
15.1318193365467,33.1074790685994,51.7606908258721,25.253539480842676,2001,Malaysia,3.53,3.53
38.1609804036611,8.94154834545881,52.8974712508801,24.333396977594024,2005,Angola,16.36,16.36
42.8557816002554,20.7486256461433,36.3955927536012,26.29520167595316,2007,Thailand,1.18,1.18
56.8499019175073,7.79835874643459,35.351729039224,25.22857613446782,2015,Angola,16.49,16.49
14.538486538451,23.0475428371669,62.4139706243821,25.735591701801397,2002,Greece,10.346,10.346
72.9991247575342,6.65923499077447,20.3416402516913,21.614436774510658,2011,Central African Republic,5.281,5.281
11.7764962196683,26.6357683700056,61.587735410326,24.82452840815222,1992,"Venezuela, RB",7.69,7.69
10.7842355437307,25.1567721964057,64.0589702914354,26.101025777768445,2012,Portugal,15.531,15.531
1.90788828649554,25.8134549578829,72.2786567556216,26.190449899556924,2000,Belgium,6.586,6.586
19.0413297569641,33.02746275748,47.931207485556,22.64915212166405,2006,North Macedonia,36.392,36.392
12.0449970396684,19.8555358200118,68.097098875074,20.40859973986696,2012,St. Vincent and the Grenadines,19.867,19.867
35.640847997783,21.1775301779296,43.1816218242874,23.615414305636808,2021,Albania,11.474,11.474
70.6999692134569,2.34216588638704,26.9578649001561,20.460429710325275,1993,Sierra Leone,4.285,4.285
31.9999340785207,32.636625699214,35.3634402222653,21.670826380612095,2011,Lesotho,16.157,16.157
43.3954172195222,20.3128245271617,36.2917582533161,25.05246936690433,2006,Morocco,9.67,9.67
9.42110038640239,23.098772853947,67.4801267596506,24.796765659718922,1999,New Zealand,7.023,7.023
16.3842116697661,30.3991080224689,53.2166803077651,23.09093309149323,2016,North Macedonia,24.312,24.312
0.24190241902419,13.7283039497062,86.0297936312696,22.572507741745184,2019,Guam,5.401,5.401
46.4675597490761,18.5773017843958,34.9551342479586,25.09279107432029,2020,Myanmar,1.476,1.476
49.5226799233531,19.2826832673686,31.1946509309651,23.709308076087353,2013,Cambodia,0.438,0.438
42.7099717644807,15.2612716086802,42.0287566268392,21.28459408433529,1995,Moldova,5.3,5.3
65.6103062501644,12.2665913695186,22.1230788891102,22.623873453916666,2000,Zimbabwe,5.684,5.684
1.01157425510284,19.0310471572691,79.9573785876281,23.516746882485393,2019,Malta,3.616,3.616
17.7979668591489,25.5916845973712,56.6103485434799,25.72542438060978,2007,Ukraine,6.351,6.351
0.831317133877808,24.725344021277,74.4432924776673,25.468490036583553,2004,Singapore,5.84,5.84
46.5890700291054,18.3400733643662,35.0708566065285,23.397224390590964,2022,Afghanistan,14.1,14.1
2.90149476501454,38.0713192975211,59.0271859374643,26.012343949256312,2016,Czechia,3.952,3.952
16.88672965777,22.487499188259,60.625744095937,23.256792388666035,2016,Syrian Arab Republic,13.795,13.795
28.7541650194838,26.9017902524425,44.3440447280736,20.023811417406133,2020,Tonga,2.699,2.699
26.571707328152,32.1653624898626,41.2629301819854,22.012682752220847,1993,Bosnia and Herzegovina,19.454,19.454
5.54183525306375,41.3548785527978,53.1032655603809,24.930748848059284,1998,Czechia,6.455,6.455
56.0953035701703,10.0215006255939,33.8830053646822,20.827340068317536,2013,Guinea-Bissau,3.162,3.162
21.2406688881613,30.0725313588078,48.6867997530309,26.251412684229145,2019,Romania,3.912,3.912
5.89339200755227,24.6140371835349,69.4925746951031,27.946293760258364,2013,"Korea, Rep.",2.747,2.747
57.3146024903994,10.3460794360527,32.3393180735478,24.09619343874494,2022,Zambia,5.995,5.995
3.75705833606352,17.4829925417719,78.7599491221646,23.93121357432297,2017,Iceland,2.742,2.742
40.1263803076634,7.97613017243989,51.8975121136302,22.475716129028065,1993,Angola,17.399,17.399
13.2511460570012,27.5753157744756,59.1735457312591,26.474068808113227,2012,Malaysia,3.1,3.1
16.2868876464506,20.7288138613346,62.9842984922148,25.645276235469368,2016,Kazakhstan,4.96,4.96
3.65511327967499,20.5423720595516,75.8025784587431,24.179965039447442,2020,Lebanon,13.284,13.284
50.2809268503192,10.6039471654442,39.1151259842366,22.67347384145211,2005,Haiti,14.587,14.587
1.36521688015405,22.1886501127621,76.4461330070838,28.759357307798137,2007,United Kingdom,5.342,5.342
2.9643133136505,29.1425775563925,67.893109129957,24.18338510515916,2020,Estonia,6.956,6.956
52.7057452167348,17.5970798002487,29.6971749830166,22.025470186025768,1999,Benin,0.949,0.949
10.1722054751686,39.6972871662568,50.1304601246409,23.740179187132217,1994,Slovak Republic,13.654,13.654
2.70584884661577,23.2551863049872,74.038964848397,26.5953257992883,2008,Denmark,3.683,3.683
8.70463913168945,27.4495220105015,63.8458273424871,25.921203582105413,2020,Iraq,15.778,15.778
4.0941394763518,23.6620193982122,72.243841125436,26.457582115499754,2002,Switzerland,2.924,2.924
34.693515215901,18.447278066116,46.8592791850069,22.07475784079938,1994,Nicaragua,7.685,7.685
33.6093039978563,30.6119636643377,35.7787341615815,26.747790889601394,2022,Viet Nam,1.523,1.523
61.6371750441572,11.0745405522403,27.2882844036026,22.5483402394431,2005,Afghanistan,7.885,7.885
10.4004162515822,20.5706441734191,69.028864276232,23.577599145814215,2005,Uruguay,12.009,12.009
56.6507809617513,10.8221620956832,32.5267494773091,21.459989409548324,2014,Bhutan,2.63,2.63
11.5341710294291,30.5377663101794,57.9280626603916,26.897164681543643,2015,Poland,7.475,7.475
1.11131759364618,17.6818745818729,81.2068078244809,26.475892722293423,2014,Israel,5.789,5.789
3.99295133497108,22.6468268823945,73.360277161838,24.570859181052278,2013,Lebanon,8.458,8.458
37.4164177019422,24.9887919083133,37.5947903897445,26.598556521844067,2018,Pakistan,4.083,4.083
3.23498814356824,37.0610886052446,59.7039232511872,25.235357120797126,2010,Slovak Republic,14.387,14.387
36.366611194266,13.9358439411299,49.697544864604,24.973480270308226,2015,Kenya,2.762,2.762
5.27458162771133,27.5731585516464,67.1522860693938,26.472506955692143,2005,Austria,5.682,5.682
40.6864307725003,9.82294655190734,49.4909547338221,22.262923147116688,1999,Gabon,17.572,17.572
37.202098725883,16.893058659414,45.9049702433751,22.634973070728964,2011,Mauritania,9.968,9.968
16.017893309164,20.7608785101379,63.2212225634101,26.50272924262223,2016,South Africa,26.536,26.536
5.78359536877402,23.5730568780349,70.6433477531911,25.52624096181816,1991,Norway,5.407,5.407
76.7626187603957,6.80517073954238,16.4322211042999,22.831212958641764,2001,Ethiopia,3.176,3.176
52.3890515221171,11.5513329132784,36.0596603465857,20.945658296673596,1999,Kyrgyz Republic,1.743,1.743
13.301356200582,26.9405801124855,59.7580636869326,23.349894129349426,2004,Latvia,11.708,11.708
12.2271301844168,22.0190869252687,65.7537828903145,26.423536318437826,1998,Argentina,12.65,12.65
20.4458997168106,24.5547249728253,54.9993705087528,25.21458248925738,2005,Ukraine,7.18,7.18
0.921139727879885,23.1180339200343,75.9608263520858,25.724707575269488,2006,Singapore,4.48,4.48
43.4698596724635,11.0781146061009,45.4528176375558,20.705470650568543,2021,Vanuatu,4.766,4.766
23.5998587307763,31.5926812875811,44.8074599816426,30.338832232900167,2020,China,5.0,5.0
12.5370790625639,37.674478634501,49.7886574098971,22.168714400181223,1997,Mauritius,9.39,9.39
29.3773895218304,21.0130048685008,49.6096056096688,24.91372939368399,2016,Guatemala,2.583,2.583
46.1299086672281,11.9174121114202,41.9527028319227,23.432388191787172,2019,Haiti,14.057,14.057
47.3910471629541,13.0020040298384,39.6069488072075,22.567697340770334,1991,Georgia,2.7,2.7
19.4086541606654,24.4582972283428,56.1330120643966,24.444065638481998,2015,Serbia,17.66,17.66
1.37038533551108,18.806376161669,79.8232385028199,23.491247493721236,2008,Brunei Darussalam,6.216,6.216
3.71185733403419,22.3372512195878,73.950891446378,26.335916660099226,2018,Finland,7.361,7.361
21.5577486710314,16.5781978166068,61.8641825697652,23.25453503395547,2022,Namibia,19.695,19.695
37.854962194929,22.8121268536262,39.3329109514448,23.51631960067591,2000,Sri Lanka,7.74,7.74
22.9897410974115,21.1445071011917,55.8657738025175,23.87617261366812,2019,Senegal,2.863,2.863
4.80523070876038,29.4034980125348,65.7912712787048,27.86359738556463,2006,Spain,8.452,8.452
60.6094375847848,9.86283700806274,29.5277254071524,20.13197969808393,2003,Guinea-Bissau,3.244,3.244
73.2536199125688,7.39140660940503,19.3549734780262,21.923751315802036,1991,Uganda,3.464,3.464
1.09257020407868,34.9940998892372,63.9133299066841,24.18785746832721,2012,Bahrain,1.2,1.2
18.7558823054873,32.463435589091,48.7806821054217,24.163167299690723,2004,Tunisia,14.23,14.23
0.291123714689386,16.8319189704684,82.8769573148422,25.924903300635325,2005,"Hong Kong SAR, China",5.58,5.58
3.52383379524917,12.1250252195428,84.3511409852081,23.133727278325498,2014,"Bahamas, The",13.8,13.8
0.122980779860976,14.8341673458462,85.0428518742928,26.57881288564395,2020,Singapore,4.1,4.1
3.70135281933065,21.0393655284777,75.2592942587215,27.257248986867396,2005,Netherlands,5.872,5.872
41.0100096445042,24.0196454643565,34.9703448911393,26.42692693935654,2015,Pakistan,3.566,3.566
2.67860225798179,28.250550420291,69.0708209637581,26.386315161737215,1995,Belgium,9.337,9.337
5.45125434111613,26.0115391892904,68.5372064695935,26.785268991502477,2008,Austria,4.198,4.198
9.33004527364395,19.5885244160833,71.0814303102728,25.16585511563786,2018,Dominican Republic,5.861,5.861
3.73691693455002,26.238075651154,70.0250446720646,25.87795163675566,1997,Denmark,5.4,5.4
63.49849630949,6.1194931188656,30.3820105716444,22.89735844852059,2015,Guinea,5.224,5.224
41.5779985217219,21.6842429727841,36.737758505494,23.48295755218463,1998,Sri Lanka,9.17,9.17
15.0852365286532,34.2378730492119,50.6768942511229,26.700536682856214,2022,"Iran, Islamic Rep.",9.085,9.085
24.9846279899949,31.3624640807428,43.6529079292623,25.603319022779484,1991,"Iran, Islamic Rep.",11.1,11.1
30.5923825197169,26.3388615274568,43.0687332158438,23.730779670841972,2001,Syrian Arab Republic,11.63,11.63
56.7754012754324,10.6285044029963,32.5963905204511,21.580869592315413,2016,Bhutan,2.705,2.705
49.6903542996324,12.2199478108828,38.0896713571426,22.99325715425489,2000,"Yemen, Rep.",11.557,11.557
66.824023233119,8.27679862670633,24.8991781401747,18.77030441909941,1995,Equatorial Guinea,7.738,7.738
55.6571348242213,9.66859177863946,34.6742733971393,20.764920701494116,2011,Timor-Leste,3.384,3.384
44.4137148530298,11.0874729638691,44.4988121831011,19.3366028869957,1996,Samoa,3.516,3.516
10.2852996982852,20.6494494849335,69.0652603871282,25.703534631651305,2005,"Venezuela, RB",10.663,10.663
1.00871588483398,30.5431337076162,68.4481504075498,25.329673129565435,1997,Singapore,2.5,2.5
1.66542857827514,16.2517073638302,82.0828640578946,22.041816546247304,2013,Virgin Islands (U.S.),12.55,12.55
42.0339345106667,12.3296586585108,45.6365066499503,21.648901410304696,2005,Mongolia,7.017,7.017
16.7346980814152,24.9990112511381,58.2662906674467,23.756527830180705,1997,Iraq,8.286,8.286
20.39863600519,34.0802577234826,45.5210822657869,23.44596506190205,1998,Belarus,14.0,14.0
24.3563025210084,18.6712526871214,56.9724447918702,24.242431089552227,2011,Paraguay,4.67,4.67
49.7566128575142,16.6405621137525,33.6028292224604,25.04162165696573,2019,Myanmar,0.407,0.407
1.27662149309967,27.4052348471393,71.318143659761,28.956262145908937,2017,Germany,3.781,3.781
9.49560849139376,20.7334770601716,69.7709155343129,28.14423233125044,2021,Brazil,13.158,13.158
33.6800549578931,15.4744161773204,50.8455316630499,25.893606389210618,2009,Philippines,3.858,3.858
41.7356139798862,16.6454040605409,41.6189819595728,25.273431475939827,1996,Philippines,3.613,3.613
20.0799387385368,19.1572813357987,60.7646476532004,19.496089719982162,2014,Sao Tome and Principe,11.435,11.435
5.58427411033563,23.9383062292575,70.4774196604069,23.393014959226093,2019,Mauritius,6.331,6.331
2.50618339059219,18.3034021382929,79.1904144711149,23.042437607393204,2006,"Bahamas, The",7.54,7.54
14.6288553040332,31.768360619208,53.6027840767587,23.263533721610894,2018,North Macedonia,21.208,21.208
2.45789873334491,22.7091572563178,74.8329440103373,29.8960260373449,1999,United States,4.219,4.219
3.68074588613524,28.28856969008,68.0306888177189,28.46695783379937,2011,Italy,8.359,8.359
2.72485916923008,16.5101044667233,80.7657884642865,22.557015178619736,2022,Barbados,8.365,8.365
60.3435677683652,5.28315584531908,34.3732763863158,20.348442409696712,2001,"Gambia, The",9.708,9.708
6.24347016099593,24.2702314867263,69.4875571164231,21.99198787468132,1998,New Caledonia,18.623,18.623
25.8978839629631,24.1797430038117,49.9223807496234,25.224140790421448,2022,Uzbekistan,4.49,4.49
1.00494891890614,18.0561063330652,80.9389417503734,28.766942828022362,2022,United Kingdom,3.73,3.73
9.7432301594001,30.850998486007,59.4057713545929,26.142199805576492,2022,Algeria,12.346,12.346
74.9932171276369,7.1939274836766,17.8128791257726,21.82633241020953,1993,Malawi,5.002,5.002
70.8922607603148,7.37081551552738,21.7369339527641,23.45982916207595,2022,Niger,0.418,0.418
68.7596522787268,8.67592878208985,22.5644189391834,20.347102349186326,1997,Eritrea,5.328,5.328
9.11274864224102,37.0585181510938,53.8288382963698,24.305337529335244,2005,Slovenia,6.506,6.506
18.6142978994681,17.205418278603,64.1802838219289,25.068991491906925,2013,Cuba,3.29,3.29
90.2330216367484,2.2176233704184,7.54940959661457,20.440420543669187,1994,Rwanda,12.222,12.222
27.636611791139,26.063311084131,46.30007712473,23.761995090898804,1999,Serbia,13.7,13.7
2.88147341320923,16.0627435447889,81.0557830420018,23.024045300873,2009,"Bahamas, The",14.25,14.25
26.1267844333381,16.316215592753,57.556999973909,26.12862884236535,2018,Peru,3.492,3.492
24.769468625484,18.3004112200884,56.9301201544276,26.61422236887344,2020,Philippines,2.522,2.522
31.8757319932155,18.8946380482037,49.2296299585809,24.85339677234556,2015,Guatemala,2.506,2.506
1.95359409847315,19.2764625150112,78.7699433865157,22.22378134237934,2006,Virgin Islands (U.S.),10.36,10.36
73.3571582289302,5.98857152699561,20.6542702440742,23.02412056763375,2010,Madagascar,4.28,4.28
27.1661714901122,22.73442828105,50.0994087816022,25.01618851465582,2013,Uzbekistan,4.86,4.86
8.30059099604578,18.9184093634286,72.7809996405256,24.85397951222868,2019,Uruguay,8.836,8.836
7.57875534975093,23.9668841647372,68.4543604855118,21.834704970732236,1994,New Caledonia,18.948,18.948
57.7968301957422,18.6122380438133,23.5909349566108,25.711544943112603,1994,Thailand,1.347,1.347
15.051310755712,23.5508696448721,61.3978195994159,27.484503780324722,1998,Brazil,10.15,10.15
9.79260498354977,20.7789772608117,69.4284177556385,24.64211362185777,2011,Uruguay,6.307,6.307
10.6137182156443,39.6469419908941,49.7393397934616,23.540945853185068,1993,Slovak Republic,12.2,12.2
54.1130312126162,11.136159954707,34.7508088326768,22.756575124298788,1999,"Yemen, Rep.",11.46,11.46
56.7075062685015,5.7175689214527,37.5749248100458,24.920544924320446,2021,Angola,15.799,15.799
32.8034331435309,22.1289928141813,45.0675180037736,23.419627338042613,2021,"Congo, Rep.",21.96,21.96
59.194847361396,9.25678344854225,31.5483766874697,24.35868402986113,2015,"Congo, Dem. Rep.",4.439,4.439
20.1602055971831,17.8535787594079,61.986215643409,21.384127394189704,1999,Fiji,4.702,4.702
44.6560325183224,17.7779146394038,37.5661475926303,23.30790517406639,2008,Albania,13.06,13.06
71.6786696245792,8.05640305270281,20.264927322718,23.213910264009492,2016,Mozambique,3.457,3.457
8.31174438687392,23.3642221336522,68.3245870422036,22.141423459537066,2015,Maldives,6.604,6.604
9.71052012238174,19.9199811720405,70.3671452106378,20.71239586213812,2022,St. Vincent and the Grenadines,19.417,19.417
67.3324289172521,8.73093414149963,23.9366369412482,21.342064159844863,2009,Eritrea,5.583,5.583
45.7353987656211,18.2528497686529,36.0117514657259,22.999365930078636,2009,Benin,0.949,0.949
32.5952505057701,32.2379450673833,35.1669419578082,21.29249396945822,2008,Lesotho,15.907,15.907
8.48611163209423,24.5580760718707,66.9558122960351,24.488793826514964,2011,Lithuania,15.39,15.39
42.7877147189869,12.592236812608,44.6200414474581,23.65381380829046,2005,Kenya,2.745,2.745
27.4221230236236,29.695781681681,42.8820952946953,30.06953682853316,2016,China,4.56,4.56
68.6242327195089,7.65612489991994,23.7189751801441,18.524193819975757,1991,Equatorial Guinea,7.25,7.25
2.4966501907483,20.232669694062,77.2706910245476,28.65403890483614,2018,France,9.018,9.018
45.1701436145309,11.8175183435704,43.0123252290111,24.478874430235177,2013,Cote d'Ivoire,4.255,4.255
72.0344303228417,7.5488389174241,20.4167307597342,22.473477152837702,1995,Uganda,3.235,3.235
47.2185489495172,7.86869458331413,44.9127564671687,24.976139994431087,2009,Angola,16.431,16.431
14.4356891975652,36.9204240237758,48.643886778659,23.14949474694674,1997,Bulgaria,13.7,13.7
34.4117572015411,14.9610049413586,50.6272378571003,20.004080577855476,1995,Cabo Verde,12.969,12.969
37.3574763513946,21.4075880342537,41.2349356143517,22.831099401862367,2003,Honduras,5.3,5.3
6.87845216607059,23.7253086258542,69.3962267717585,26.517679710736292,2005,Saudi Arabia,6.051,6.051
36.6408340676478,26.5674926215365,36.7916733108157,24.41200860573452,2022,Cambodia,0.231,0.231
59.6447285589934,16.3199193126825,24.035352403983,26.872578907683742,2000,India,7.624,7.624
36.0594762410758,22.1037180501285,41.8368481445395,22.695489309625458,2000,Honduras,3.881,3.881
72.9713906990229,10.9270692620419,16.1015400389352,22.707563703370752,2004,Nepal,10.71,10.71
43.4608057432294,12.0754807286476,44.4637135281231,24.547877498214504,2015,Cote d'Ivoire,2.579,2.579
70.7054804234444,7.00496002642701,22.2895735297129,24.148976102607225,2017,Uganda,3.428,3.428
4.30925595545267,30.1955580456974,65.495087703778,24.816404718415566,2022,Slovenia,4.011,4.011
3.64304646775169,26.9014233322483,69.4555391846057,28.407247393349326,2014,Italy,12.683,12.683
36.8041005877645,11.1275087043183,52.0686455927857,23.468698417972707,2008,Gabon,19.191,19.191
13.0440897514642,24.5354501274629,62.4204546507175,27.896539020827802,2019,Mexico,3.477,3.477
29.2955133442266,16.1878744553377,54.5166122004357,23.740791680839262,2022,Gabon,20.399,20.399
50.9119959622249,10.5017117977221,38.586292240053,21.353824427398287,2021,Guinea-Bissau,3.031,3.031
33.4660129659749,27.2505325473826,39.2834675033827,24.429833582173483,2008,Sri Lanka,5.22,5.22
12.4597348592096,25.3307627649517,62.2095023758387,25.210069712062026,2007,Iraq,8.646,8.646
2.60567145894032,20.4110167522658,76.9833007954354,28.582241955356526,2017,France,9.409,9.409
56.3452289715993,10.8500771939178,32.8047493696756,22.974212089176458,2013,Moldova,1.873,1.873
30.4969622166542,14.3419307842383,55.1611069991075,22.70404312050887,2005,Namibia,22.107,22.107
83.8737762554938,2.69000997835862,13.4362071205541,23.22246897464446,1998,Tanzania,3.28,3.28
2.87190030699713,20.2938086171976,76.8342910758053,28.535404281203025,2016,France,10.057,10.057
10.7794154384212,21.8392823029786,67.3813757329062,23.957459225784106,1998,Uruguay,9.362,9.362
22.2118167588605,26.7808807513159,51.0073096413448,25.853034705148225,1997,South Africa,22.518,22.518
50.6929932177496,12.5712830721511,36.7358163005486,21.912310218237806,1999,Albania,20.835,20.835
2.02718758247911,23.4357026747694,74.5371097427515,25.628555723521867,2001,Israel,11.812,11.812
80.7892701255145,3.20639301784973,16.0043368566358,21.260252289385573,2001,Chad,0.787,0.787
52.0421296464874,10.6937134646249,37.264191901226,22.14727157198055,1999,Haiti,7.2,7.2
1.36985577126422,16.9585078035782,81.6716364251576,23.562215483560344,2014,Brunei Darussalam,6.862,6.862
72.2047860366892,8.08832156393704,19.70688545284,22.98767510554585,1991,"Congo, Dem. Rep.",3.267,3.267
75.8100471503917,6.51635636117413,17.6735964884342,23.369933818818772,2017,Burkina Faso,4.656,4.656
19.9120180870109,20.2410003759195,59.8469755156128,25.48622934599319,2004,Colombia,13.717,13.717
2.52136752136752,33.8100501031536,63.6685823754789,21.719916840622297,1993,Malta,6.346,6.346
8.75078536228251,24.3430837878037,66.9061308499138,23.969427219786766,2009,Latvia,17.515,17.515
31.8349649569764,19.9568271555957,48.208207887428,25.089956315824846,2004,"Egypt, Arab Rep.",10.32,10.32
32.4538061247937,27.2323763896547,40.3138174855516,24.1998872384356,2007,Sri Lanka,5.97,5.97
66.0701692361799,5.80544090899852,28.1243898548216,22.638000351743088,2011,Guinea,5.094,5.094
14.1502466812471,25.5966464913619,60.2531068273909,23.810736896819627,2003,Iraq,8.955,8.955
2.79831847781267,20.9802309629334,76.2214505592539,28.015102790295714,2014,Australia,6.078,6.078
0.249110320284698,13.7996167533534,85.9526416643854,22.52348938475186,2018,Guam,5.449,5.449
49.1987536908261,11.7624311905737,39.0388428587439,23.288887740497096,2011,Haiti,14.485,14.485
25.0449194346593,26.2206317451979,48.7344488201428,24.716327506890334,2008,Serbia,13.67,13.67
57.1901599647784,6.36771108502104,36.4424346932785,21.259104450001978,2010,Bhutan,3.32,3.32
40.4634496425215,9.73217103320971,49.8040399995928,22.223651385190898,1998,Gabon,17.176,17.176
44.0481829715696,11.0177020296762,44.9341149987542,23.446125576798035,2015,Georgia,16.506,16.506
55.8493824189707,14.6269083212789,29.5237776216089,20.90668082096025,1993,Armenia,5.3,5.3
47.3063798039789,17.6272294077902,35.066392616015,25.470591099931802,2010,Bangladesh,3.379,3.379
38.2023807906943,12.8959538653574,48.9016397181469,22.707903868958674,2003,Azerbaijan,9.17,9.17
48.0893403343673,18.3223875883447,33.5883020971581,22.67403719627647,2006,Benin,0.889,0.889
6.81973023921485,20.278035711224,72.9022340495611,25.896930627206597,2012,New Zealand,6.931,6.931
26.0184292940708,17.7969789806153,56.1845917253139,26.02744371496274,2013,Peru,3.575,3.575
19.2411903681267,26.7771810000727,53.9816971919148,23.17001150831078,2000,Lithuania,15.931,15.931
13.5715933777811,29.07621544685,57.3521612105776,24.92493246112597,2022,Serbia,8.439,8.439
74.3184966193893,7.60262224111663,18.078881139494,22.273221103768925,1999,"Congo, Dem. Rep.",3.22,3.22
14.1844887514038,17.2317697721441,68.583787108777,24.674825060658783,2014,Costa Rica,8.499,8.499
8.51775238398701,22.8729987828454,68.6092402676883,26.478860534943554,2008,"Venezuela, RB",6.245,6.245
45.5146941324047,12.9288181778421,41.5564876897532,23.26528900932506,2000,Kenya,2.889,2.889
31.8040709820057,19.8389390048928,48.357026275033,22.72478423760636,2020,Togo,2.225,2.225
13.2850386990092,31.018936057913,55.6960252430778,25.48558108794617,1997,Portugal,6.571,6.571
8.21844642224443,21.1331630521579,70.6483905255977,24.474594912222233,2006,Oman,4.383,4.383
17.4054240517721,27.065266831616,55.5293144681133,27.33269773134785,2000,Mexico,2.646,2.646
27.1330777944278,23.1715970940398,49.6953168888544,24.967512384400777,2017,Uzbekistan,5.83,5.83
3.88444905469711,26.1223289326616,69.9932220126413,28.2660683038318,2016,Italy,11.688,11.688
27.9054213849593,17.948563087588,54.1460155274528,25.092544662483615,2011,Ecuador,3.458,3.458
68.899725868241,9.35016771664252,21.7501064151164,23.507153900107657,1993,Cameroon,9.089,9.089
46.293750148038,18.2495541942957,35.4566674599621,23.004395859890902,2008,Benin,0.894,0.894
1.04457295842013,12.5235950155295,86.4314560098667,24.818802758311357,2015,Luxembourg,6.796,6.796
17.4779410495053,20.2027178699083,62.3210678086095,20.60964081255902,2001,St. Lucia,18.546,18.546
19.8382767127813,32.1836731304571,47.9780501567616,25.88966348096198,1998,Poland,9.935,9.935
39.6483361684867,10.0427316833894,50.3089321481239,22.337346040107775,2001,Gabon,17.762,17.762
14.6743533173802,26.879089980232,58.4465567023877,23.96356568717525,1995,Libya,19.443,19.443
45.8188347830156,15.5253585838096,38.6558066331748,24.850989228302627,1993,Philippines,3.863,3.863
10.6668412101802,32.0416225392504,57.2915362505694,27.08068150003349,1991,Spain,15.929,15.929
3.87184539459638,25.2563641132943,70.871180464475,23.760768161268405,1995,Luxembourg,2.918,2.918
84.5830709337608,2.60176010878942,12.8151609166049,22.62268280229858,1992,Tanzania,3.679,3.679
20.3194885055505,25.2012689598537,54.4787537210928,20.868349004237803,1991,Eswatini,20.684,20.684
17.0239214719179,23.5033703224946,59.4727082055875,27.3687898089061,1995,Brazil,7.092,7.092
38.5943125814827,13.7700687987205,47.6356139224841,26.88556431595129,2019,Nigeria,5.206,5.206
24.0580462820036,26.7706220515048,49.1713413179657,27.045967796027167,2006,Turkiye,10.227,10.227
86.4316862319352,3.2835410282702,10.2847727397946,21.58889299948803,2004,Rwanda,11.731,11.731
18.4678901028634,32.9430091909778,48.5891007061588,26.381277272577325,2021,Romania,5.59,5.59
4.04578701838922,27.8299221146951,68.1242908669157,28.123345918620288,2008,Spain,11.254,11.254
32.659529065574,22.0071368341859,45.3333341002401,23.360653042750727,2019,"Congo, Rep.",20.392,20.392
30.1854113976682,15.8227666615052,53.9920131063052,23.453875395729288,2020,Gabon,21.27,21.27
15.9409683691318,27.1615472549697,56.8974893250113,25.93051864433371,2012,Ukraine,7.529,7.529
32.5521574952388,20.6849869206337,46.7628555841275,23.384050399984865,2005,Uzbekistan,7.092,7.092
61.4648399714138,10.8131513758192,27.7220239101499,22.509832336076727,1993,Ghana,5.239,5.239
18.3238564747401,23.7959984942724,57.8801450309875,26.559637025199276,1991,Brazil,6.894,6.894
90.2696631334535,2.19121769541819,7.53911917112829,21.047039848718278,1996,Rwanda,11.586,11.586
6.62174987904013,30.0217682095229,63.356481911437,24.95205394555365,2019,Bulgaria,4.23,4.23
24.0151638384904,34.1124869567977,41.8723492047118,21.747888980167907,1996,Bosnia and Herzegovina,21.725,21.725
14.555842283265,30.1257623004477,55.3183954162873,25.549573352612914,2004,Malaysia,3.54,3.54
5.19328425456332,34.0741776920399,60.7325380533967,23.370113553812434,2005,Estonia,8.033,8.033
4.73762599359917,22.8055572920332,72.4568604298897,25.761712745441674,1998,Norway,3.737,3.737
2.04486283230837,22.0139706052686,75.9412058255484,25.665250948017654,2004,Israel,13.029,13.029
72.7985569093089,7.08484922939784,20.1166066983511,23.064962212371636,2016,Niger,0.548,0.548
8.36800215440135,44.9684287438496,46.6635691017491,24.126827564116983,1991,Czechia,2.27,2.27
3.66644068330285,22.7908814236755,73.5427024920816,26.813748843767204,2006,Switzerland,3.995,3.995
18.4513242916992,14.9626219307792,66.5859712105474,23.355098393551103,2014,Jamaica,9.046,9.046
4.12441679983274,24.5841746141249,71.2914137961523,28.03420869299653,2009,Spain,17.857,17.857
23.4775270267955,26.7478004872718,49.7746677397475,27.24729958011196,2007,Turkiye,10.285,10.285
0.587907535979003,22.6195573281329,76.7925351358881,25.99189835473809,2009,Singapore,5.86,5.86
40.1965300168893,14.2791340396131,45.5243359434976,18.36793145984007,1992,Sao Tome and Principe,14.662,14.662
26.886132101658,17.1080284747329,56.0058825253481,22.88140579402841,2019,Somalia,18.828,18.828
5.52260355491386,20.1178467601896,74.3585741322459,21.42665226854046,1991,Barbados,22.323,22.323
21.8228394229473,21.0678171767561,57.1093434002966,19.48344834613241,1994,St. Vincent and the Grenadines,19.967,19.967
40.3830333336828,16.7091084544549,42.9078695678622,25.267691018011963,1997,Philippines,3.598,3.598
35.495289068814,20.816945626906,43.687798618269,23.403430576131022,2009,Honduras,3.292,3.292
46.357760432955,15.3300119708882,38.3123220783049,22.93707743404096,2006,Albania,15.626,15.626
63.9316149892018,9.71954402340804,26.3488409873901,22.06500767041874,2002,Afghanistan,7.93,7.93
39.3174259077938,12.0772994713188,48.6052746208874,23.306917811321274,2005,Azerbaijan,7.26,7.26
61.8760698577891,9.9932566539353,28.1309464982377,20.177444582416932,1999,Guinea-Bissau,3.539,3.539
3.32081335302302,21.9081050202671,74.7710816267099,27.474376029337783,2007,Australia,4.381,4.381
0.418996541374004,13.6211966541222,85.958283180717,22.07626191292325,2004,Guam,7.7,7.7
36.1555716487064,8.90877730888939,54.9356510424042,23.60317778051997,2003,Angola,16.498,16.498
59.7958134077101,16.5125456081174,23.6916409841725,20.765994642747607,1996,Tajikistan,4.05,4.05
2.35268606746191,51.8630871355539,45.7841132667971,25.101687078909553,2007,Qatar,0.52,0.52
6.52129622293404,24.3276664138813,69.1510373631846,23.339947351547192,1996,Lebanon,8.435,8.435
11.8520254346716,23.1091556108626,65.0388189544658,25.873611338948393,2007,Chile,8.427,8.427
18.7020423864381,32.8540712466204,48.4438863669415,24.38465471066749,2007,Tunisia,12.365,12.365
7.72597614284656,28.1421797436467,64.1316588871601,23.167212759723256,2011,Mauritius,7.447,7.447
71.8234768544069,5.49097921555182,22.6855388317527,23.807944210827294,2007,Tanzania,3.023,3.023
34.8151164376066,18.5620907839767,46.6227622085392,23.663414981911192,2013,Senegal,4.986,4.986
2.59348440578276,24.8508151630802,72.555700431137,22.887098859341265,2009,New Caledonia,13.97,13.97
53.9755670525634,14.8729179729835,31.151502801437,22.542348252961812,2002,Ghana,8.695,8.695
21.2193318810437,22.6358071543337,56.1448609646226,22.739711956216173,2003,Botswana,23.8,23.8
50.4568383960718,18.0655644272977,31.4775971766305,22.157002475009893,2002,Benin,0.69,0.69
63.6924286359251,12.6467295661227,23.6608417979522,22.495383183345254,2004,Cambodia,1.003,1.003
60.6796474397554,15.4222788624345,23.8980987746455,23.637054001447332,2013,South Sudan,12.727,12.727
10.8155183549866,25.5320669610241,63.6524146839893,23.019142189487784,1995,Cyprus,2.6,2.6
7.66750429738262,25.9310404366902,66.4014552659272,25.64388780155935,1992,Saudi Arabia,7.2,7.2
50.099446224944,23.0005363579121,26.9000172743676,27.729819027951045,1999,China,3.25,3.25
17.491606063492,25.7562648046345,56.7520278170091,22.714448800214566,1999,Latvia,13.79,13.79
43.8548961857976,20.2327652606403,35.9123412111002,25.966696135386663,2005,Thailand,1.35,1.35
36.100036219738,19.6700144739467,44.2299725539007,23.297411852848263,2007,Bolivia,2.616,2.616
2.57678955030899,4.76059578713743,92.6636327540393,20.01805548550138,1996,Djibouti,27.153,27.153
1.32441170876774,25.0894755952072,73.586112696025,22.939644539733184,2017,New Caledonia,11.676,11.676
71.4697124779008,5.51921466455755,23.0110728575416,19.487083100438305,1995,Bhutan,1.404,1.404
40.2492596601608,8.18259425410502,51.5681460857341,21.878928146857984,2020,Liberia,4.109,4.109
43.0927971632787,14.9201064848372,41.987096351884,24.403804541734157,2019,Cameroon,3.622,3.622
1.13619321080336,18.6625913246499,80.2012123283173,28.705310363519878,2015,United Kingdom,5.517,5.517
0.399813620718161,27.2684913799582,72.3316949993236,23.42288719446893,2006,"Macao SAR, China",3.822,3.822
43.7895111380128,22.7940988521002,33.4162877653119,21.895106188893607,2000,"Congo, Rep.",19.87,19.87
51.3248226713806,6.71652991795077,41.9586474106686,21.118396991188195,2016,"Gambia, The",6.285,6.285
22.6134111562378,32.1519129287992,45.2346692874503,25.68498064819726,1995,Poland,13.695,13.695
28.0798117686211,26.4040142245036,45.5161740068753,23.767982419750087,1998,Serbia,13.7,13.7
43.4934211919614,21.768139329913,34.7384394781256,26.163892251677364,2011,Pakistan,0.796,0.796
27.4951673233859,19.0396105400034,53.4652221366107,22.949021890021644,1998,Paraguay,4.417,4.417
22.8580655583275,19.1162860515098,58.0256483901627,26.655042485575994,2019,Philippines,2.237,2.237
54.0049829215613,20.5305232229708,25.4644845053605,25.854813585512236,1995,Thailand,1.1,1.1
29.3758396276929,16.8183452853887,53.8058085458515,25.517592390127195,2009,Peru,3.96,3.96
12.2037789854406,31.27013383776,56.5260871767994,25.53243826003599,1996,Portugal,7.298,7.298
6.46603889121934,28.2373589072271,65.2966624718538,24.783077111542788,2020,Croatia,7.507,7.507
7.44570437589566,21.3259306069486,71.2283650171557,26.639482400223823,2013,"Venezuela, RB",7.54,7.54
68.4525528557143,7.91319457015607,23.63428063998,22.832140702188987,2014,Rwanda,11.844,11.844
41.3464509036768,10.2601857973998,48.3933632989234,26.628601573297786,2010,Nigeria,3.746,3.746
27.3464398682504,32.2347201876094,40.4188399441402,22.53531134351661,1991,Bosnia and Herzegovina,17.55,17.55
62.8162011990057,10.3065750353366,26.8772237656577,20.768237766105052,2000,Equatorial Guinea,7.955,7.955
20.8534026089288,16.9936302199377,62.1528747214955,22.92105297556314,2000,Jamaica,6.762,6.762
3.44216693153371,26.4052313573123,70.1525771636986,26.082899556406954,1993,Sweden,9.33,9.33
8.53257360260383,28.6656602330459,62.801771768517,28.138349466339463,2008,Russian Federation,6.205,6.205
51.4501183308899,16.2696635153455,32.2802098153184,24.871125288940487,2016,Myanmar,1.058,1.058
3.90160149196294,30.662206565821,65.436191942216,23.872227555489953,2015,Estonia,6.412,6.412
50.68860011543,11.2217148149624,38.0896850696076,26.10966825697505,1998,Nigeria,3.935,3.935
50.7835483226979,11.209037761719,38.0073632463951,22.047675471001767,2007,Togo,3.817,3.817
70.8064627193933,6.97653672782676,22.217008144868,24.201028617633742,2015,Uganda,2.679,2.679
38.1247995624807,12.6691340797568,49.206116624225,24.514079555501166,2009,Azerbaijan,5.74,5.74
4.7477543463901,38.8230932727003,56.4291523809096,24.859196152342278,2005,Slovak Republic,16.276,16.276
29.7132444685211,22.2727710890706,48.0139836579359,27.67242361359429,2018,Indonesia,4.387,4.387
30.8913690386459,17.8268531527566,51.2817778085975,23.26932216770807,2015,Nicaragua,4.7,4.7
8.86986711361188,23.8255716509039,67.3045612354842,21.68887247521239,2006,Suriname,9.096,9.096
69.1968541468065,4.34597575922647,26.457170093967,19.269554372837526,1994,Vanuatu,8.103,8.103
19.5748164371247,22.502197112069,57.9230101585169,25.656055385686958,1997,Greece,10.472,10.472
3.72207827293603,28.574871366645,67.703050360419,23.959313672783885,2011,Trinidad and Tobago,3.425,3.425
1.14083650190114,34.534144486692,64.3251711026616,23.856070268477445,2009,Bahrain,1.07,1.07
15.3721146233434,22.5861982127971,62.0416942357181,27.208585162179507,2000,Brazil,10.889,10.889
55.4983069514581,11.677055384363,32.8243447492062,21.67544790350944,2017,Bhutan,3.016,3.016
2.0223807126055,28.5658457399238,69.4113977799656,22.6180602475891,1995,Bahrain,1.047,1.047
28.7193595818895,26.4682179428088,44.8124224753017,23.87075006576962,1996,Serbia,13.2,13.2
49.5792508990784,11.4207295128385,39.0000195880831,23.17401252544786,2009,Haiti,15.351,15.351
39.0961165419219,13.2059335861287,47.6979441392818,24.57063240818653,2011,Kenya,2.704,2.704
0.399868299065097,23.6710769150789,75.929054785856,23.08819205928482,2004,"Macao SAR, China",4.904,4.904
5.82485309687881,41.6037120584978,52.5714348446234,24.85906843399832,1997,Czechia,4.674,4.674
16.4689288496214,31.7700938768185,51.7609890187331,25.002255628889994,1998,Malaysia,3.2,3.2
3.17081033042984,22.8973816173752,73.931808052195,27.36699202640986,2020,Saudi Arabia,7.66,7.66
6.05444107199862,23.1833129804257,70.7622459475756,23.5716786604695,2000,Lebanon,8.603,8.603
6.5964855013329,29.8006433273489,63.6027011588053,22.720699773745682,2002,Estonia,10.026,10.026
4.35032840093026,20.5337217920213,75.1159498070485,22.791680657798025,1998,Jordan,13.838,13.838
13.3701979045402,23.0759451014031,63.5537038171681,22.712563828910074,2008,West Bank and Gaza,22.913,22.913
39.8275802890061,18.5314005240095,41.6410191869844,20.833216598515783,2013,Comoros,4.118,4.118
27.5477652732057,24.4071476962939,48.0450907842745,26.44552787088072,2014,"Egypt, Arab Rep.",13.105,13.105
15.5507942699427,29.8231278935132,54.6260162150737,24.010088957585715,2002,Croatia,15.053,15.053
17.7175101234485,30.5537055615036,51.7287843150479,23.032282201265964,2015,North Macedonia,26.395,26.395
65.3505893287947,12.9250437227728,21.7243669484325,22.633026502419877,1992,Zimbabwe,4.938,4.938
0.495132727091246,14.2230487567834,85.2815558462436,23.955789147259694,2020,"Macao SAR, China",2.566,2.566
9.41652148820724,24.9566732296968,65.626805282096,24.973770990626807,1996,New Zealand,6.29,6.29
37.2107317900312,24.0640669535798,38.7252517218826,22.25847160896431,1994,Honduras,3.136,3.136
3.36511440162686,24.7105470226964,71.9243385756768,22.66619374193888,2006,New Caledonia,15.236,15.236
34.278908569462,14.7218586137596,50.9992328167784,25.247258287879127,2018,Kenya,4.284,4.284
3.78281400800269,26.0027828866141,70.2143856938421,28.30942053315228,2017,Italy,11.211,11.211
26.1460679619517,15.0572831423895,58.7966488956588,20.49596806955507,2014,Samoa,8.72,8.72
29.8167135007057,20.4191524346659,49.7640478405614,23.255542802543488,2013,Mongolia,4.231,4.231
10.6792190560435,16.6197005117837,72.702344095533,21.3484255933045,2016,St. Lucia,19.933,19.933
3.76818699709686,28.6090783727727,67.6227302250993,28.3941309497019,2010,Italy,8.363,8.363
3.37125474793997,22.2478095507809,74.3809357012791,24.262903712656655,2013,Jordan,12.6,12.6
5.92843575205019,23.7706908946587,70.3008733532911,27.26489363721706,2015,Saudi Arabia,5.6,5.6
57.9772249758143,9.86839581832827,32.1545922955298,20.606920580855526,2009,Guinea-Bissau,3.152,3.152
14.4915439047684,26.5155673868197,58.9928051542869,24.147557737882906,1997,Libya,19.437,19.437
30.5654457021815,18.0195174969605,51.4150368008581,24.28416835813806,2004,Ecuador,5.002,5.002
3.92946456502124,21.8217193735568,74.2486352384242,23.98321373514924,2009,Cyprus,5.594,5.594
1.042971076197,22.1667529316169,76.7902759921861,22.98602137056319,2012,Malta,6.197,6.197
20.4941888479849,20.2686814563537,59.2371296956614,20.507502394170633,1997,St. Lucia,20.47,20.47
86.343398619126,3.0335364991507,10.623002040456,20.7509665774685,1991,Lao PDR,2.498,2.498
62.3022102378991,12.2272145626066,25.4705706555411,22.86178171724325,1999,Myanmar,0.754,0.754
54.7054546287337,11.2487425076696,34.0458028635967,23.80227263631679,1993,"Yemen, Rep.",8.344,8.344
3.05916965008076,25.8918461888671,71.0490087970066,26.324977087470632,1998,Sweden,8.941,8.941
31.740053634904,18.9030196643486,49.3569267007474,23.701329115269882,2010,Bolivia,2.608,2.608
20.0205992004858,18.1340108549912,61.8453692209813,24.611732065979936,2006,Cuba,1.913,1.913
65.4188855235352,15.4662112950012,19.1149031814635,23.84702243239849,2014,Nepal,10.617,10.617
52.4135223257217,6.34065290003926,41.2463937998964,20.05107048817282,1996,Solomon Islands,1.89,1.89
89.7211508681028,2.34542611547655,7.93342301642067,21.371206549001084,1991,Rwanda,12.31,12.31
34.292767619771,16.219955509739,49.4872768704899,18.09613279735015,1998,Sao Tome and Principe,14.402,14.402
62.2658622197484,8.26061558732693,29.4735221929247,23.46945803956386,2015,Mali,1.401,1.401
4.55611171270599,25.6815722816629,69.7623160056311,27.258912637721277,2016,Saudi Arabia,5.6,5.6
6.22099389894144,32.6092385889896,61.169767512069,23.67637762471594,2022,West Bank and Gaza,24.42,24.42
15.0733887620265,25.7943023612243,59.1323088767492,22.301782005820453,1996,Botswana,21.593,21.593
29.1529974099845,19.2960771924678,51.5509253975477,22.634831831211173,2006,Nicaragua,5.31,5.31
28.7820614038733,16.7460785753134,54.4718600208133,22.75423926216279,2017,Somalia,18.523,18.523
3.24651629529956,34.8669806372158,61.8865030674847,23.05107949921916,1998,Qatar,0.87,0.87
1.18500673988479,34.3283494488424,64.4867090254459,24.677031757367843,1992,Singapore,3.09,3.09
3.10089157935833,23.5516575956172,73.3474508250245,29.080868352705853,2022,Japan,2.6,2.6
45.2779835441989,17.437066549471,37.2849488484806,25.829338648671367,2000,Indonesia,6.077,6.077
45.5551609062463,11.7909629335761,42.6538761601776,25.634189310289564,2004,Nigeria,3.601,3.601
3.98195642622326,26.3719180809811,69.6461298694569,28.276804688695606,2020,Italy,9.164,9.164
13.2383574329482,21.5001527468133,65.2614898202385,26.007039227566874,2021,Kazakhstan,5.546,5.546
19.0284175522158,27.051304677167,53.9202777706172,22.665470981264427,1998,Latvia,14.454,14.454
11.3072119985121,25.915093830659,62.7776941708289,25.045818770114483,2010,Libya,19.276,19.276
4.0297250761575,16.7924921004333,79.1777828234092,23.99134509612165,2018,Iceland,2.704,2.704
58.0385790857463,15.6234920907206,26.3379438182805,23.249226547984115,2009,Cambodia,0.579,0.579
4.64032887975334,30.3230421377184,65.0366289825283,23.309546967995114,2004,Trinidad and Tobago,8.33,8.33
19.992303478375,22.2114823047913,57.7962142168337,23.410977267121126,2005,El Salvador,7.22,7.22
37.8818432409227,11.385254976389,50.7329017826883,21.143813242626877,2021,Solomon Islands,0.884,0.884
40.6721332732757,19.1358814590357,40.1919852676886,22.863037210305215,1998,Bolivia,2.121,2.121
31.9833835815056,17.7679455018296,50.248785988815,22.64020843411822,2017,Mauritania,10.336,10.336
66.8142193386625,8.58724240211442,24.5982151511822,19.583746240743995,1997,Timor-Leste,3.433,3.433
68.8728786485411,7.68920261727378,23.4379187341851,23.172456795929516,2012,Madagascar,0.599,0.599
2.17766891838632,20.1597630731743,77.6625680084394,26.797033162554342,2009,Sweden,8.351,8.351
2.54227563400411,5.19825994429318,92.2594644217027,19.985243261826792,1992,Djibouti,25.985,25.985
1.24953993817278,27.3399848303874,71.4104752314398,29.03023378701778,2018,Germany,3.384,3.384
52.6788148190803,16.3973502877048,30.9238264497466,24.816573138886948,2012,Myanmar,0.767,0.767
8.87727711966754,20.4026286210366,70.7200953107712,28.25871640105062,2019,Brazil,11.936,11.936
61.9846912861913,9.6648022637749,28.3505133801267,24.634979984130073,1998,Bangladesh,2.893,2.893
60.5821103643762,8.05330773099255,31.3645819046313,20.010811672278905,2003,Timor-Leste,3.503,3.503
33.2315010392911,22.8094941555655,43.9590048051434,24.115901566310377,2006,Guatemala,2.948,2.948
44.6772061614165,16.8488830142257,38.4737799531481,20.99908674168225,1992,Mongolia,5.843,5.843
23.9619892042772,22.4555138230405,53.5824969726823,20.344659017801366,1993,St. Lucia,16.8,16.8
36.4099576096264,28.9997806174322,34.5902617729414,21.589845170552202,1996,Turkmenistan,10.3,10.3
51.31901596418,12.2140082605771,36.4670661931181,21.678914580319592,1998,Albania,20.042,20.042
1.2320908475773,5.78976787973287,92.9781412726898,21.868805030429673,2020,Djibouti,27.713,27.713
51.6456991608276,12.714391620381,35.6399092187914,22.604212561952757,1996,Senegal,2.84,2.84
0.935983610522019,19.3705844650885,79.6934116864685,27.117729825307592,2021,Belgium,6.248,6.248
16.3581525335771,20.1356652812097,63.5062416979704,24.572338318389825,2013,Panama,3.674,3.674
0.922921996268241,17.0988522808182,81.9782519475036,26.653650097948354,2018,Israel,3.917,3.917
34.0279268651662,12.4238916566886,53.5481814781452,23.56645653636304,2012,Gabon,19.728,19.728
50.4203358642793,11.1150622036417,38.4645861347299,23.90285676469525,2005,Cote d'Ivoire,5.999,5.999
57.7885084471863,10.1860597922061,32.0254317606076,23.818681302597568,2021,Zambia,5.199,5.199
3.83889107924716,14.646579928479,81.5152206843601,22.568938831581505,1997,"Bahamas, The",9.76,9.76
41.6827298920145,23.0354968018319,35.2817733061537,21.977091979713048,2003,"Congo, Rep.",19.871,19.871
38.2063780553146,25.4908926881055,36.3027292565799,24.102751410953708,2017,Cambodia,0.141,0.141
26.3679433518678,17.3280544841443,56.3039897785256,26.025506749232054,2014,Peru,3.208,3.208
4.18586142722589,24.5372387450144,71.2768998277597,26.61903701869122,1992,Netherlands,5.555,5.555
69.3182920128002,4.42027345896499,26.2598183404984,19.381447759958526,1996,Vanuatu,8.108,8.108
82.9682439316076,4.22304931685967,12.8087067515327,20.970264842507554,1998,Lao PDR,2.294,2.294
3.79980986753313,20.0696415317728,76.1305486006941,28.000166680857134,2022,Spain,12.917,12.917
79.0016020709682,8.75669926233071,12.241698666701,22.318982246609817,1996,Madagascar,6.087,6.087
31.2081481064656,26.3575488154859,42.4343030780485,19.946686715981087,2017,Tonga,2.131,2.131
31.0495721777701,15.5751828250403,53.375237375563,26.37189786370687,2013,Philippines,3.497,3.497
7.6918531358336,24.1140525965613,68.1940942676051,24.023430548764384,2016,Latvia,9.643,9.643
36.697682203861,19.9323130612633,43.3700047348756,23.157003862662684,2001,Uzbekistan,11.3,11.3
3.07228336244691,25.9667205500448,70.9608409530222,23.767375794733645,2020,Trinidad and Tobago,4.206,4.206
17.0923984134461,26.1197684380559,56.787833148498,23.79929688758987,1998,Dominican Republic,6.301,6.301
46.6488413547237,15.8045528817588,37.5467914438503,21.388464447488424,1994,Mauritania,9.991,9.991
55.4000243403031,13.5470867432888,31.0528889164081,23.295649959811985,2018,Equatorial Guinea,7.967,7.967
32.8933263040629,26.0944271347908,41.0122691487761,23.66438629192034,2000,Syrian Arab Republic,9.587,9.587
8.14191076702051,28.2045654082529,63.6533242876526,22.522280035972898,1998,Trinidad and Tobago,14.21,14.21
43.9890310514772,18.0264530201044,37.9845159284184,23.6546439189766,2017,Afghanistan,11.184,11.184
20.7659224381411,17.1489644584663,62.0851131033925,22.941896095007596,2001,Jamaica,6.646,6.646
38.4974718298577,20.011536537331,41.4910039371387,23.561084207633314,1999,Uzbekistan,13.3,13.3
51.617333698655,10.5498847317067,37.8327815696383,22.642181476415892,2000,Haiti,8.454,8.454
31.7990266713792,27.8676490579375,40.3333242706832,19.720565481510064,2010,Tonga,1.513,1.513
21.1647446376984,19.3889014665398,59.4463538957617,24.366179883532894,2004,Cuba,1.854,1.854
4.03888810773429,23.2281261567863,72.7330813870627,23.045224803135692,2003,Jordan,14.5,14.5
15.212188640584,25.1568803227252,59.6305308317859,21.998748198315774,2009,Eswatini,27.383,27.383
7.36856688511951,22.5478267154973,70.0836063993832,22.95525624650811,2002,Iceland,2.988,2.988
0.108319878549099,14.2378190566168,85.6538334322121,26.955748904253095,2022,Singapore,3.591,3.591
3.71124856476166,16.695062780103,79.5930713483215,22.90719801616228,2002,"Bahamas, The",9.05,9.05
39.0553912274049,17.6429781317153,43.3016306408798,23.547853238926027,2008,Senegal,2.822,2.822
46.3716350377671,15.4263064447507,38.202032802407,24.895081854128485,2008,Sudan,15.566,15.566
5.76577864954431,32.7293452295187,61.5048712333791,27.872185148241734,1998,Italy,12.117,12.117
5.52699004089471,27.1472068924496,67.3258457052877,25.667483254357464,2002,Finland,10.423,10.423
15.2306252954648,16.1880019362674,68.5813727682679,23.48522113241793,2019,Jamaica,4.987,4.987
5.18697389951072,26.8292163074686,67.9838141606309,27.957315143318052,1994,France,12.593,12.593
19.1294032533851,23.6903252241841,57.1802715224308,23.342471046542173,2004,El Salvador,6.8,6.8
28.0995772285143,18.7399596018939,53.1604631695918,23.76762459196969,2017,Senegal,4.078,4.078
1.20414876282371,27.1821248997843,71.613726337392,29.006559855978335,2019,Germany,3.163,3.163
49.5764591446897,11.2298794129288,39.1936614423815,24.959854065723636,2000,Nigeria,3.963,3.963
13.6036881233773,23.9241554701134,62.4721741412823,24.994008049257296,2001,Chile,10.39,10.39
18.0396412456718,19.1733407876034,62.7870179667248,24.047985818535242,2009,Panama,5.864,5.864
18.1136343861481,19.6728443400331,62.2117810841382,19.76541671664333,2018,Sao Tome and Principe,8.714,8.714
9.29430594626055,32.9655317360235,57.7400006466841,22.459174368488885,1998,Estonia,9.51,9.51
30.6526297640374,11.9147583791156,57.4326341905841,24.167453269998944,2016,"Yemen, Rep.",18.416,18.416
2.05364531773716,27.4250575307647,70.5213085871313,27.92685004499617,1995,United Kingdom,8.694,8.694
46.0182061602176,10.5004500763748,43.4813537784583,25.010908117050963,2021,Cote d'Ivoire,2.63,2.63
20.866449010244,19.0709961370001,60.0625612955991,25.31027858186178,2001,Colombia,15.04,15.04
22.687919346123,22.9722789230669,54.339778647802,24.143134487238246,2000,Cuba,5.45,5.45
15.2206382452506,21.5516619520917,63.2276998026577,24.02418019019565,2002,Dominican Republic,6.779,6.779
37.1231640240405,15.0965248956584,47.7803761108849,22.26725739337364,2005,Somalia,18.997,18.997
69.2186351837485,7.32308211372756,23.4582534149987,21.763780463453074,1992,Mali,1.483,1.483
3.98576898123981,23.3476428323344,72.6665881864258,26.66261631142711,1994,Netherlands,7.159,7.159
38.0787295838553,12.153073758119,49.7682019008044,27.076215327348358,2014,Nigeria,3.902,3.902
4.23117546694592,23.0456880286712,72.7231365043828,24.049906549957157,2008,Cyprus,3.756,3.756
1.64715967121532,28.3099996449354,70.0428509905143,28.874643678758783,2010,Germany,7.043,7.043
10.745285095961,32.9170577322564,56.3376571717826,23.98741109719499,2004,Bulgaria,12.037,12.037
1.78329799635895,27.5769233059699,70.6397947928542,26.579692186286568,2020,United Arab Emirates,4.294,4.294
8.65461887732551,17.5448025073331,73.8005786153413,22.02637197933166,2007,Montenegro,19.4,19.4
12.1244885291667,32.894507511326,54.9810122881817,26.855123772464072,1992,Russian Federation,5.181,5.181
32.190664032058,16.1282732436043,51.6810627243378,22.46870204786405,2014,Somalia,18.861,18.861
0.241955948796663,13.931204208459,85.8268398427444,26.342567837668618,2013,"Hong Kong SAR, China",3.4,3.4
79.02202480357,8.55723690168074,12.4207382947493,21.839283715726797,1993,Niger,1.539,1.539
16.9170333449703,29.2208906970287,53.8620759580011,23.8919856901272,1999,Croatia,13.559,13.559
71.656238156605,5.42636583133813,22.9173960120568,22.342021560145437,1999,Guinea,4.509,4.509
73.2554931416098,6.86801403744077,19.8764724744733,22.350018665057814,2002,Malawi,5.233,5.233
40.4133875955034,14.5433338974617,45.0432694857928,24.66808270449448,2022,Sudan,7.53,7.53
1.25137555005698,21.264384307925,77.4842618812525,26.88504592019562,2016,Belgium,7.83,7.83
4.01384316217101,18.9106451799226,77.075030324034,23.97249002871025,2021,Iceland,6.029,6.029
34.780834436685,27.8769265071417,37.3423078722883,22.218869456853778,2002,Turkmenistan,10.153,10.153
68.7533005956661,9.61201325625263,21.6347073567282,23.19476570760394,1991,Cameroon,8.936,8.936
51.2976220963373,11.1309292697013,37.5714486339615,20.647464124608877,2002,Liberia,2.318,2.318
50.9256014874439,16.5309386161054,32.5434598964507,22.755751624557337,2012,Tajikistan,11.444,11.444
45.0163144382889,19.6908732043881,35.292812357323,22.839619371078456,2019,Tajikistan,11.419,11.419
48.5713111960574,21.0692350055032,30.3594516764672,25.31970102467669,2008,Viet Nam,1.889,1.889
39.4835497993223,14.9804499859056,45.5360002147721,21.15163733601611,1995,Somalia,19.747,19.747
3.0502256759024,38.1239846630411,58.8257896610565,26.072101507325836,2012,Czechia,6.979,6.979
46.6380048457909,10.5058932832966,42.8561018709125,18.64859056989047,1991,Samoa,2.1,2.1
5.30126218915271,37.36521220292,57.3335256079273,25.252624489922198,2014,Oman,3.449,3.449
2.48709621334854,32.3668159555046,65.1460850683635,28.37407726233105,2002,Germany,8.482,8.482
11.8634014401689,25.4287488087565,62.707454317541,23.412363466686685,2022,Guyana,12.013,12.013
22.5646178273858,31.9457702335195,45.4896119390947,23.404858134874814,1993,Tunisia,15.954,15.954
2.74976737930742,30.3592218527628,66.8910107679298,26.072803742434466,1991,Belgium,6.984,6.984
4.05954127484227,20.1879454371999,75.7525082774157,28.010309860832635,2021,Spain,14.781,14.781
73.1278806002755,7.91620398949599,18.9559154102285,23.09409444825507,1993,"Congo, Dem. Rep.",3.433,3.433
44.9163688945122,12.7900017257017,42.2936293797861,23.287138262946765,2001,Kenya,2.881,2.881
78.838585652845,8.20378533254901,12.9576290146059,21.654559390237726,1999,Niger,1.393,1.393
77.9187725023631,7.18599278410186,14.8952315589613,23.03888435094959,2004,Ethiopia,2.767,2.767
45.9960247784437,23.7681159024168,30.2358593191394,23.81619124229656,2014,Cambodia,0.692,0.692
13.9339518841736,33.2348616622388,52.8311657561159,24.830067590963132,2008,Belarus,6.698,6.698
13.9565349701994,24.9987010962747,61.0443928181757,22.219473723922935,2013,Eswatini,24.448,24.448
58.1269490566686,14.7203926520515,27.1526582912799,23.038561453982688,2007,Cambodia,1.257,1.257
2.02316752251052,23.0487901170324,74.9280423604571,27.657361383345265,2004,Canada,7.185,7.185
76.7486205336952,7.18480325644505,16.0665762098598,20.96917332268046,1993,Central African Republic,5.521,5.521
18.7644350547107,20.8892830805413,60.346281864748,23.840926763465173,2014,El Salvador,4.154,4.154
34.9244454830756,22.3787250566231,42.6968294603013,22.905861626239112,2004,Honduras,5.99,5.99
16.2610903217201,16.1238949986735,67.6149413915065,23.47888595816686,2018,Jamaica,5.47,5.47
52.7978240066401,10.9625268071683,36.2396491861916,21.790565497288785,1996,Haiti,7.325,7.325
70.5300619585439,9.007285420888,20.4626526205681,23.50630324829153,2021,Mozambique,4.053,4.053
62.7356629716857,6.31510449735674,30.9492325309575,22.874557606720227,2016,Guinea,5.013,5.013
73.3285308066143,9.2263838601479,17.4450853332378,23.30168662997499,2017,Madagascar,2.119,2.119
43.3885925192546,20.731239168153,35.8801683125924,25.81006794023886,2006,Pakistan,0.582,0.582
35.0831599888541,20.5196835086219,44.397156502524,22.81295465060376,2003,Bolivia,2.664,2.664
51.1022140863603,8.25703010969481,40.6407676110202,25.439885691061683,2011,Angola,16.77,16.77
27.8150966513843,20.8529582060868,51.3319451425289,23.376955519518212,2019,Mongolia,9.269,9.269
13.1845282703999,24.1295050336279,62.6859647266458,27.745300034801414,2020,Mexico,4.44,4.44
33.7346661506015,25.3012793676622,40.9640544817363,23.596429904630266,2012,"Congo, Rep.",19.512,19.512
1.83095028108067,18.165155514384,80.0038942045354,27.007556590662073,2017,Sweden,6.718,6.718
23.9235287287197,33.2982091885456,42.7782620827347,22.114141126575635,2002,North Macedonia,31.94,31.94
43.4977413109616,17.4671952306321,39.0350634584063,20.746090830214726,2011,Comoros,4.207,4.207
63.7263066204599,10.4735421400612,25.8001589515818,24.24279901653908,1994,Bangladesh,2.371,2.371
24.7756946003256,7.86381932654987,67.3604860731245,23.612811590842675,2011,Papua New Guinea,2.62,2.62
24.8482203474328,22.7316458642142,52.420133788353,23.971169495971917,1998,Cuba,6.23,6.23
70.8163804484395,7.67727755320043,21.5063419983601,22.60803220630301,1998,Uganda,3.437,3.437
3.07468625152551,21.3053214172326,75.6199923312419,28.666366113459734,2013,France,9.913,9.913
75.8057715190093,6.72999722745284,17.4642312535379,20.653539059522032,2001,Central African Republic,5.405,5.405
2.86402459842639,21.180255167265,75.9557202343086,26.721316797157836,2007,Norway,2.493,2.493
18.9573823193844,18.2770470952257,62.7655705853899,25.180851461336445,1999,Colombia,20.06,20.06
55.010672103426,9.80725007498729,35.1820778215868,21.093128085595872,2014,Timor-Leste,3.618,3.618
42.1971508543214,15.3562785837307,42.4465705619479,24.515315546503416,2022,Cameroon,3.653,3.653
12.2534590961837,27.9116376290859,59.8349032747304,24.775954094107473,2012,Croatia,15.935,15.935
2.52071409480097,4.58336789522677,92.8959180099723,20.058254836113804,1998,Djibouti,27.013,27.013
35.9512039823032,3.64045249041019,60.4083435272866,21.98210735075985,2000,Papua New Guinea,2.92,2.92
46.7613209372641,13.4414946177909,39.7971941832391,23.21198731743381,1996,Kenya,2.783,2.783
31.390280813597,17.6450788184579,50.9646788366151,23.198159088367856,2014,Nicaragua,4.52,4.52
1.02574954336882,12.0494943645031,86.9247560921281,24.853892269897628,2016,Luxembourg,6.669,6.669
1.23081010523398,5.81732490845453,92.9518649863115,21.851065160152846,2019,Djibouti,26.256,26.256
65.6297558343287,4.42432804418871,29.9459161214826,20.442282577379483,1993,"Gambia, The",9.986,9.986
42.0914592409904,20.7602479393154,37.1482928196942,25.307450384822495,2002,Pakistan,0.635,0.635
0.219185592243571,13.6433318368422,86.1374825709143,26.633938272053324,2021,"Hong Kong SAR, China",5.174,5.174
75.5063908756571,6.69970217278491,17.7939774598949,20.719326232771504,2002,Central African Republic,5.437,5.437
35.9473005821549,30.6388907987506,33.4138086190946,21.8889443618913,1991,Turkmenistan,1.4,1.4
31.6778717559459,16.3793613977221,51.942766846332,23.07768571481397,2012,Nicaragua,5.208,5.208
82.602711311893,2.41581887006884,14.9815076000382,21.197849808380298,1996,Chad,0.703,0.703
44.5550203775128,19.9907581134309,35.4542215090563,21.174591488198622,1993,Azerbaijan,4.5,4.5
3.17017809446839,36.0043306867686,60.8254939949866,28.5838570971336,1995,Germany,8.158,8.158
69.4363929900796,13.842101979116,16.7215050308044,23.057893830503776,2007,Nepal,10.683,10.683
26.4119074497949,27.041991449477,46.5461134412819,25.02926177114446,2022,Sri Lanka,4.528,4.528
10.6127923950427,22.6659063689421,66.7213012360152,26.47338148188107,2007,Greece,8.351,8.351
38.7417403844084,15.2032887798369,46.0549708357547,20.379785713647106,1992,Somalia,19.536,19.536
9.49024559491485,30.2595037042903,60.2502507007949,26.99648929615259,1994,Spain,24.209,24.209
5.25429153457232,23.1816392818681,71.5638529308727,23.158652080128817,2002,Cyprus,3.336,3.336
10.9248803906691,26.1972336343283,62.8778998391345,25.947665714057823,2011,Iraq,8.191,8.191
70.9756956208707,2.22873962392004,26.7955647552092,20.337516315505862,1992,Sierra Leone,4.266,4.266
82.4190023510579,4.99018663200146,12.5907919784926,22.419191221234232,2004,Burkina Faso,3.473,3.473
2.14706221863096,4.5026742083189,93.3502635730501,20.316908485073395,2004,Djibouti,26.446,26.446
66.9593942774249,15.0813367197368,17.9592849613843,23.794748809361295,2011,Nepal,10.64,10.64
33.6005909901178,30.2995940788004,36.0998167976178,29.79131250636247,2012,China,4.58,4.58
56.8356939671751,8.11980752637334,35.0444985064515,21.462102510749176,2001,Togo,4.124,4.124
1.36526250623189,18.0858932005325,80.5488442932356,23.341181318116195,2010,Brunei Darussalam,6.455,6.455
7.75768455868364,27.5972857080136,64.6450297333028,25.621556710650797,1995,Finland,17.005,17.005
54.5507049996946,15.1487468831739,30.3005481171316,23.78466148328374,2011,Equatorial Guinea,8.045,8.045
3.26564162373623,24.2499277641083,72.4844306121554,29.263783652613746,2019,Japan,2.351,2.351
17.132952145751,23.0287475174089,59.8383003368402,23.339511808035965,1998,Costa Rica,5.33,5.33
3.99517320941793,16.2250633184754,79.7795740376255,23.71445171216874,2015,Cyprus,15.026,15.026
2.6637644673024,37.2499360313669,60.0862995013307,26.271540858000826,2019,Czechia,2.015,2.015
4.93754895570462,26.0255499958883,69.0369010484071,26.784617242301206,2011,Austria,4.637,4.637
54.6003744408846,14.5795373540033,30.8200098701991,21.755403868928163,2003,Armenia,10.705,10.705
15.6332105909744,25.0481578947983,59.3186548833379,23.784844586956254,2013,Syrian Arab Republic,14.5,14.5
11.2728660699307,26.2821600972114,62.4449738328578,24.818234550748617,1993,"Venezuela, RB",6.6,6.6
7.85861100899034,24.7978008756392,67.3435881153705,22.468299599611218,2019,Maldives,4.562,4.562
72.8442037896923,5.24859857279919,21.9071563005215,22.287950311336676,1993,Guinea,4.573,4.573
0.681636733242538,10.8119259592226,88.5064373075349,24.969931336246265,2019,Luxembourg,5.592,5.592
1.86170781353554,17.2457346294194,80.8925388036296,27.086114126640226,2022,Sweden,7.392,7.392
7.16294829662591,18.4874772917475,74.3495744116266,22.552610320408984,2022,Montenegro,14.851,14.851
38.6061835714137,13.3777250099351,48.0160962310237,26.767653072594452,2018,Nigeria,5.067,5.067
72.6415272367047,8.00465996418045,19.3538060353489,22.830729066650026,1992,"Congo, Dem. Rep.",3.36,3.36
34.8648018770294,18.2566737282579,46.8785243947127,21.286562982855568,1993,Nicaragua,7.862,7.862
49.6383681965301,14.4456008325995,35.9160309708705,21.231178122714997,2002,Moldova,6.845,6.845
78.7186511046749,7.74823555882972,13.5331320246399,22.047802802953534,2004,Niger,2.747,2.747
27.4747568785809,19.0756731175788,53.4496669808722,21.986109280812258,1992,Jamaica,6.389,6.389
41.177312590772,9.85609149815663,48.9665959110714,22.39601973268612,1997,Gabon,17.197,17.197
3.24498223946501,27.377127765686,69.377889994849,23.885543105258375,2016,Trinidad and Tobago,3.207,3.207
31.8565121666341,16.9336157042436,51.2099220650295,22.90432773692025,2000,Paraguay,7.61,7.61
61.0288660115398,5.60072002179882,33.3703680937129,22.538361960903977,2012,Sierra Leone,4.552,4.552
1.71304788068422,23.6548341314831,74.6321179878327,22.76450487442941,1995,Brunei Darussalam,4.982,4.982
18.6896138322501,21.3244868195184,59.9858923175914,25.126387126849217,1994,Colombia,8.25,8.25
14.4337701256656,23.4227975388597,62.1434503383735,25.048440145678747,1999,Chile,11.158,11.158
66.5620908720194,6.176947180907,27.2609619470736,21.485294304669278,2003,Sierra Leone,3.879,3.879
9.14415929724932,31.7682230343944,59.0878077242517,23.024886132146204,2008,Mauritius,7.17,7.17
71.1895853059746,9.60718382880036,19.203230865225,23.38734547847685,2021,Madagascar,3.487,3.487
47.5811613451445,19.4542697968858,32.9645688579697,25.513225167572855,2001,Thailand,2.6,2.6
51.9341346954934,11.3089367572619,36.7569256229494,25.11027520049085,1994,Nigeria,4.078,4.078
23.8776748290315,21.3600264725347,54.7595411427311,19.442971790369384,1992,St. Vincent and the Grenadines,19.545,19.545
3.7348243579283,25.6264283041388,70.6387473379329,26.898024462253947,2021,Austria,6.459,6.459
36.7212569627487,17.6263833384238,45.6523596988274,23.876397545158945,1993,Kazakhstan,1.11,1.11
1.30827844690257,27.3817167187336,71.310002439929,28.8945216888833,2016,Germany,4.104,4.104
69.246630974122,8.70688077561343,22.0464780323481,21.4507336138945,1991,Myanmar,0.832,0.832
14.8298016434904,29.27809383825,55.8921045182596,25.91835290803969,2008,Algeria,11.33,11.33
16.865272931245,30.2517029149441,52.8830861343366,24.285598506395452,2003,Croatia,13.924,13.924
6.39293292184596,11.1874087934322,82.4195303876943,23.82603732043843,2000,Oman,4.331,4.331
14.4185088884291,28.0953045896115,57.4861865219594,24.188746121632104,1991,Libya,18.538,18.538
58.897229793367,13.9461224222812,27.1566477843518,23.071503794945738,2003,Myanmar,0.691,0.691
81.7882714438937,4.80522680496591,13.4065346920813,22.368042720151124,2008,Rwanda,11.57,11.57
6.93389863172095,26.1558103680863,66.9107727885912,22.379702989203032,2014,Suriname,6.94,6.94
21.7072953663507,24.8049870015375,53.4877176321119,24.842564821502727,2002,Algeria,25.9,25.9
31.2071403322729,33.2672594284471,35.52560023928,21.584936877637954,2013,Lesotho,15.97,15.97
31.4182503576732,21.025995192537,47.5557544497899,23.57575305572636,2006,Uzbekistan,6.03,6.03
24.1185662235876,25.0677339550744,50.813699821338,24.54570710511256,1991,Algeria,20.6,20.6
35.7003634538721,24.0963199948482,40.203288793996,23.47532243641289,1996,Guatemala,2.625,2.625
32.9162737448025,19.1001439980661,47.9835822571313,25.01821335411041,2018,Guatemala,2.283,2.283
2.02794998423873,4.5842777585974,93.3877722571639,20.460437255243043,2006,Djibouti,26.387,26.387
62.6797936032623,14.8808123616465,22.4394007010711,26.514066154700426,1994,India,7.645,7.645
1.66163858216438,19.7080638780994,78.6302982001894,30.499382297468713,2014,United States,6.168,6.168
1.60047483510053,21.4355526849573,76.9639375861223,25.94189701174816,2007,Israel,9.379,9.379
29.3049257419804,18.9879795580508,51.7070946999688,18.55680376841442,2004,Sao Tome and Principe,16.12,16.12
1.5539871579727,25.8109069730047,72.6351058690226,28.15446506164771,1999,United Kingdom,6.042,6.042
29.6444096490195,18.0325629687912,52.3230273821893,23.346911660497476,2017,Nicaragua,3.3,3.3
12.1611127992167,28.5014123816919,59.3371934681567,22.65654663576382,1992,Cyprus,2.09,2.09
11.7707556338074,33.44109295566,54.788141957796,27.062885895946668,1995,"Korea, Rep.",2.063,2.063
4.21387902908443,22.7969233532942,72.9891976176214,24.372466055923116,2010,Lebanon,6.775,6.775
1.96907954085918,20.0920770211839,77.9388434379569,23.886621904636076,2002,Luxembourg,2.621,2.621
16.0817712534432,22.2895080996793,61.6287206468774,23.212143926541405,2020,Syrian Arab Republic,15.191,15.191
57.5199296386829,8.07028211592372,34.4098521173225,21.523731357585884,1999,Togo,3.925,3.925
41.4148470063366,20.9748470883726,37.6102922326294,23.347946582115455,1991,Uzbekistan,1.9,1.9
54.9698174675418,10.0598859770996,34.9702965553586,20.597599775350023,2010,Timor-Leste,3.301,3.301
3.49772464342973,25.0839074279993,71.4183694940738,29.12278538341505,2015,Japan,3.385,3.385
70.450421333069,5.50118618269063,24.0483575811157,22.182254918401405,2002,Guinea,4.549,4.549
25.9170525141726,23.0568063193811,51.0261444950852,26.618103378158054,1992,Mexico,3.235,3.235
8.37329990233094,23.4770186154317,68.1496814822373,24.02339532643303,2012,Latvia,15.047,15.047
9.20271821995147,23.8293791287924,66.9679153002582,26.282257495475445,2014,Chile,6.483,6.483
3.79839627716134,21.9719035764771,74.2297501845157,24.65797571359289,2016,Lebanon,9.786,9.786
58.1087894924551,8.0805037324905,33.8107067750544,21.403017308776853,2012,Bhutan,2.05,2.05
67.5498019223887,7.97772490127511,24.4724731763362,18.728517640829047,1993,Equatorial Guinea,7.594,7.594
72.7892914943355,5.26855556554577,21.9421529401187,22.319172697793558,1994,Guinea,4.526,4.526
30.4232470567355,22.2352712897184,47.3414841212733,26.929125171473736,2022,Thailand,0.94,0.94
1.90542824431643,22.0128300652407,76.0817416904429,22.969770349385076,2020,New Caledonia,13.558,13.558
26.907322173169,21.8239068198433,51.2687710069877,23.45023211160081,2021,Mongolia,7.747,7.747
23.7340528953324,24.7713167168705,51.4946117604501,24.47378532258378,1994,Algeria,27.74,27.74
14.0603344846084,34.1233189889312,51.8165157486644,22.18503865947403,2000,West Bank and Gaza,10.625,10.625
9.98874705489327,24.3344937932975,65.6761730609183,20.871573117543523,2001,Montenegro,30.741,30.741
2.9218929247039,18.8654303448381,78.212676730458,22.402445898941856,2013,Barbados,11.55,11.55
2.70010760895754,20.2171073235616,77.0827850674809,26.684210351570446,2009,Norway,3.1,3.1
42.0907394039962,20.7618171296986,37.1474434663052,25.44507986543957,2003,Pakistan,0.63,0.63
13.3557270061977,29.823937544417,56.8203249005961,25.736014177522403,2009,Algeria,10.16,10.16
44.3429363069499,19.2920236317378,36.3650400613123,20.899855255842212,1994,Azerbaijan,6.3,6.3
75.4313294610084,7.02287067446933,17.5458433705324,22.163847780854265,2007,Lao PDR,1.067,1.067
32.1613701058395,15.2741057757918,52.5645241183687,26.291307015944433,2012,Philippines,3.504,3.504
72.5925720747912,7.57100503549297,19.8364228897158,22.01985597136971,1994,Zambia,18.648,18.648
2.03945517548976,19.3617524959687,78.5987580196933,26.735459554136515,2021,Denmark,5.043,5.043
1.70408198238338,4.92237036021524,93.3735476574014,20.93768706134429,2011,Djibouti,26.314,26.314
51.7549399360902,12.1118990382547,36.1331610256551,21.553417261355683,1997,Albania,16.872,16.872
9.72404730617608,25.3168581238608,64.958388085852,22.577915648527938,1994,Iceland,5.326,5.326
52.7358711412837,12.2766837893193,34.987445069397,21.3550432654,1994,Albania,20.835,20.835
53.1286648034747,15.6898096209657,31.1814690581084,22.32858977165763,2009,Tajikistan,11.5,11.5
33.3173666909804,21.7044869328157,44.978146376204,22.547454739110737,2011,Kyrgyz Republic,2.999,2.999
67.1257269818018,7.29728038444057,25.5769805725492,25.12718708992483,2017,Ethiopia,2.662,2.662
19.955554681508,21.1543983165844,58.8900470019076,22.479109591253437,2000,Botswana,15.88,15.88
1.36995898745911,17.9571335413602,80.6729074711807,23.642375729883057,2011,Brunei Darussalam,6.442,6.442
5.31298598878218,26.2507278315411,68.4362861796767,24.928515331253276,2021,Lithuania,7.112,7.112
4.83824830828916,23.6946785972879,71.4670730944229,23.064869594616376,2001,Cyprus,4.043,4.043
74.0622509428965,7.11610899847435,18.8216400586292,21.433123368134897,1995,Malawi,4.914,4.914
17.1912729401543,32.3387793385506,50.4699477212951,25.208585960115396,1995,Malaysia,3.15,3.15
7.33360756511422,20.1055159352886,72.5608764995971,26.910634457504624,2021,Argentina,8.736,8.736
81.0806258779476,5.00127198702473,13.9181524111947,21.293464886563996,2001,Lao PDR,1.88,1.88
50.0000009774275,21.4001068842122,28.5998922779928,28.02967755224864,2002,China,4.24,4.24
47.5407329776193,16.7777197054001,35.6815492048993,25.3528862470487,2009,Bangladesh,5.0,5.0
1.0974674623355,35.1522019529247,63.7504783321095,24.121615195239563,2011,Bahrain,1.21,1.21
58.3943247651104,12.2838573854982,29.3218178493915,22.659557265557098,1996,Ghana,7.083,7.083
1.08735982705294,35.053982948921,63.8585172085964,24.24441647449431,2013,Bahrain,1.182,1.182
38.0139694214055,24.7538529165062,37.2321776620883,26.428466005596025,2020,Pakistan,6.127,6.127
2.48023033305329,19.3701348341288,78.1496348328179,26.589259566292128,2014,Denmark,6.925,6.925
46.2013112257312,24.7570409842921,29.041645765938,28.249833418082577,2013,India,7.711,7.711
3.52718113906846,28.743960280944,67.7290064763832,24.075291773907058,2013,Trinidad and Tobago,2.683,2.683
79.0616898541535,8.36834543881045,12.5699885086033,21.60110133009227,1996,Niger,1.498,1.498
2.31980051823109,16.4315702500481,81.2486409664948,27.377087987233264,2015,Netherlands,6.872,6.872
28.2763541482544,25.3827096369711,46.3409324012258,26.112262979792817,2010,"Egypt, Arab Rep.",8.757,8.757
1.97264909806675,18.145019250497,79.8823316514363,27.180328863679847,2021,Sweden,8.722,8.722
4.67525425620693,26.0800701671835,69.2446755766096,26.731465781826866,2012,Austria,4.909,4.909
0.184055019931006,15.8160069947928,83.9999379852762,26.562957435317486,2017,Singapore,4.2,4.2
75.8573971060241,7.66868150587086,16.4739213881051,24.02157788294982,2008,Ethiopia,2.335,2.335
2.81831466147102,25.0375060886508,72.1441792498782,22.92797563676179,2008,New Caledonia,14.367,14.367
47.500638944693,13.2831592748625,39.2162017804444,22.24471363736739,2008,Togo,3.283,3.283
46.1947124060767,10.5784279948814,43.2268595990419,22.578080648184237,2018,Sierra Leone,3.192,3.192
25.5641956247926,24.7809925647896,49.6548622322976,23.04777932569879,1997,El Salvador,7.98,7.98
9.62885623381846,23.0856102132143,67.2855335529673,24.930305731908057,2017,Libya,19.02,19.02
5.34723701022147,26.3819607112436,68.2707690055366,26.126468044434954,2006,United Arab Emirates,2.963,2.963
28.6810068951866,16.9624888654284,54.356504239385,20.561746408957013,1996,Belize,13.82,13.82
0.509360846652753,14.4904731129509,84.9999105936327,23.94210620025933,2022,"Macao SAR, China",2.482,2.482
45.0160398729983,18.2281163769903,36.7558437500114,23.65709315800069,2019,Afghanistan,11.185,11.185
72.6432059692983,9.58100415308327,17.7757898776185,23.302038715389198,1993,Viet Nam,2.038,2.038
2.00447832915157,24.9395010343755,73.0560206364729,25.433205598181296,2020,Kuwait,3.557,3.557
17.5443902876068,25.3012429651031,57.15436674729,23.82049725355189,1999,Dominican Republic,6.308,6.308
61.2166614618808,16.1000119173648,22.6833266207544,23.404429301611334,2010,South Sudan,12.503,12.503
10.8244030719312,23.0927493341306,66.0828487335206,28.592727266363767,2011,Brazil,7.578,7.578
15.8506969709848,33.1229606123711,51.026342416644,24.131441872321485,2005,Belarus,8.728,8.728
25.4262185622079,17.4961050523036,57.0776763854885,18.820442417612973,2007,Sao Tome and Principe,16.024,16.024
11.0816913380001,17.0941026773862,71.824231463632,24.85931867947078,2013,Dominican Republic,7.351,7.351
48.1830673609554,7.45287938958962,44.3640532494549,21.42346749761932,2021,"Gambia, The",6.269,6.269
59.3454708755122,14.2235652938645,26.4300282544019,19.797060635977726,1996,Comoros,4.781,4.781
3.49125696950289,23.8770925092864,72.6316505212107,27.14086002294034,1991,Canada,10.316,10.316
2.03895104447731,24.6860782144349,73.2749707410878,26.67836397529656,2005,Belgium,8.44,8.44
7.56675782967925,22.8486594741767,69.5845338849648,25.366744878982374,2004,New Zealand,4.005,4.005
37.2507119037715,24.2468628010673,38.5024252951612,22.399884714849957,1995,Honduras,3.24,3.24
69.8923273634387,5.89846884987988,24.2092085246053,24.268769604773613,2011,Tanzania,3.47,3.47
34.9549869242222,18.2994545973509,46.7455584784269,21.307044481008777,1992,Nicaragua,7.838,7.838
41.6071090850335,20.082602644389,38.3102882705775,23.280421434376763,1994,Uzbekistan,7.3,7.3
4.82567218099562,23.9911370243197,71.1831907946847,23.57515956699916,2004,Cyprus,4.77,4.77
21.0186524541142,9.67347938312898,69.3078681627568,23.75623979713454,2016,Papua New Guinea,2.472,2.472
2.02755249416731,24.1584268414621,73.8149464874273,22.561351691920848,1991,Brunei Darussalam,4.7,4.7
13.0030751579898,25.3568092336242,61.640115608386,24.89991288882607,2006,Iraq,8.42,8.42
2.74107634688321,27.6347937471831,69.6241299059336,26.355199341151526,1996,Belgium,9.483,9.483
19.9025305594115,26.0004656393316,54.0970038012569,23.626971773151137,1996,Dominican Republic,6.496,6.496
2.71727179073141,23.3205508197695,73.9621873639093,29.71956138832943,1996,United States,5.451,5.451
44.0170528898432,22.5965170777789,33.3864300323779,21.390829215286946,1998,"Congo, Rep.",19.895,19.895
62.9942133417558,16.3852893972243,20.620482969446,24.2231472532298,2018,Nepal,10.559,10.559
85.0635714721977,2.32593298839461,12.6104955394077,21.752419614370474,1992,Mozambique,3.033,3.033
30.3117902126781,18.3357423084865,51.3524674788354,18.260172437417452,2002,Sao Tome and Principe,17.63,17.63
70.5624030339597,5.68436476469574,23.7532322013446,19.711175355682485,1998,Bhutan,1.4,1.4
0.290097196283987,17.3981944999672,82.3117083037488,25.85375472606227,2004,"Hong Kong SAR, China",6.74,6.74
19.6741936385749,25.3217524207152,55.0035879705134,21.07342558178599,1994,Eswatini,21.717,21.717
67.1644504351913,9.51449824785434,23.3210513169544,23.171320592756295,1999,Cameroon,7.601,7.601
1.35477197554948,51.7789960304724,46.8662319939782,25.953483695501813,2012,Qatar,0.48,0.48
21.7028252930638,35.8399620738144,42.4572126331218,22.138335757149765,1998,Bosnia and Herzegovina,23.295,23.295
18.1294167453675,29.3315856319406,52.5389976226919,22.96473803569105,2010,North Macedonia,33.135,33.135
15.5161480878624,22.7565346430233,61.7273172691143,27.516321391859893,2005,Brazil,10.551,10.551
7.424830839836,25.0606907182155,67.5144784419485,25.790045036481978,1996,Saudi Arabia,5.852,5.852
8.82351113284001,22.7415809710057,68.4348561058676,24.922386683883413,2002,New Zealand,5.282,5.282
7.60244065376602,26.9742933172044,65.4232040583367,24.68702429613825,2016,Croatia,13.103,13.103
44.7893793573992,15.3372444820291,39.8733761605717,21.29961000067657,2000,Mauritania,10.033,10.033
7.97016027508775,24.5679512101814,67.461443676852,22.410468941859314,2018,Maldives,4.95,4.95
15.9077713374731,22.5814824291211,61.5107462334058,23.531391855552517,2002,Costa Rica,6.396,6.396
42.1195503056201,15.9553906654808,41.9250716729815,24.30584828993305,1992,Peru,5.071,5.071
70.0208995747486,3.31540625676602,26.6636941684854,20.32187236588966,1999,Sierra Leone,4.195,4.195
40.2183077835688,20.7956444771097,38.9860710568238,23.7409653537176,2002,Guatemala,2.747,2.747
0.67582239786859,30.4614823611734,68.862695240958,25.634535727455457,1994,"Hong Kong SAR, China",1.9,1.9
51.1390579773898,13.1135394931163,35.7474578625185,22.416940898433733,2009,Moldova,2.987,2.987
40.3044082839425,27.2095587327795,32.486032983278,21.13619413042202,2004,Lesotho,16.206,16.206
63.2560905870357,10.121117613035,26.6228122455163,22.231987282204916,2003,Afghanistan,7.88,7.88
1.57745445493315,5.09200725838678,93.3305382866801,21.43838996756555,2013,Djibouti,26.157,26.157
1.44975204938771,15.1654690820767,83.3873089768242,22.090122504428734,2018,Virgin Islands (U.S.),12.407,12.407
44.6017588839377,15.3405822311193,40.057658884943,24.73093655087378,2011,Sudan,17.44,17.44
1.33702948243825,25.5173499095129,73.1462258726402,22.931215382667887,2010,Malta,6.847,6.847
3.08831335497803,23.3310096903728,73.5806769546492,26.370076297605674,2006,Denmark,3.897,3.897
29.4486817255553,22.0799722568484,48.4713460175963,23.476081727221693,2020,Benin,1.502,1.502
1.33677088611368,23.715140134919,74.9480889789673,23.208655675419045,2020,Brunei Darussalam,7.409,7.409
17.6235763297966,26.1070063572243,56.2694173129791,23.073679081619765,1994,Costa Rica,4.05,4.05
77.0145305166114,4.22800279557889,18.7574666878097,23.537060228557724,2004,Tanzania,3.108,3.108
30.7774938519728,24.8091045964151,44.413401551612,24.939138768519314,2011,Sri Lanka,4.118,4.118
11.4738696418086,19.6664709336465,68.8596594245449,20.463069222726677,2014,St. Vincent and the Grenadines,19.249,19.249
18.6674948397168,31.0604644468938,50.2720407133894,25.87628876549553,2000,Poland,14.928,14.928
79.4944409873541,3.8164467199002,16.6891122927457,22.90577206223385,2005,Mozambique,3.037,3.037
44.3389735585988,20.5548974958705,35.1060859974729,22.913555909209744,2021,Tajikistan,12.333,12.333
32.9537610931117,18.3870967741935,48.6591421326947,22.354384425954194,2000,Nicaragua,7.162,7.162
1.46255048650025,29.1242465146746,69.412937803814,23.127939342875123,2003,Bahrain,1.128,1.128
58.8555841570777,6.39848132061214,34.7459345223102,21.009454644112147,2009,Bhutan,3.96,3.96
5.26060028994797,32.9458000674404,61.7935996426117,25.367804447113272,2004,Hungary,5.832,5.832
46.3357625886642,21.4461068776146,32.2181324175171,26.176240053668103,2014,Viet Nam,1.256,1.256
4.41066042054405,26.325819081316,69.2635204981399,28.034421682358726,1998,France,12.074,12.074
57.6980650646495,9.60535575824143,32.696579177109,24.585430518152407,2018,"Congo, Dem. Rep.",4.618,4.618
4.1031588248288,17.9865252926883,77.9103158824829,24.080039369537253,2022,Iceland,3.789,3.789
42.1429860507059,19.8224260203227,38.0345976947175,26.708607490540057,2012,Thailand,0.58,0.58
36.5414475402149,18.9451605928979,44.5134319785098,22.473414986490248,2015,Togo,2.204,2.204
11.8943940069522,20.2029550063968,67.9026580788139,26.372957247459023,2000,Argentina,15.0,15.0
66.3677276582826,8.05220323308107,25.5800691086363,23.666746738947797,2020,Lao PDR,2.361,2.361
49.0994891607196,21.6000336334076,29.3004791477554,28.15213561314353,2003,China,4.58,4.58
43.4600367155782,12.5277782335322,44.0121923429607,23.50179544554972,2004,Kenya,2.848,2.848
55.1408407655084,13.643328788467,31.2158304460246,22.673727539498582,1992,Sudan,15.702,15.702
2.03981361027201,19.4217949565997,78.5383914331283,26.736352044411444,2019,Norway,3.684,3.684
4.31458925866396,32.2234999565525,63.4619107847835,25.78730454835879,2008,Hungary,7.817,7.817
24.1943392943545,19.8247433500325,55.9809057328943,26.189783030586696,2013,Kazakhstan,5.2,5.2
2.40264168551021,33.6226266106744,63.9754495531388,22.0341252183877,1995,Malta,6.34,6.34
3.81280344269531,31.8467706341033,64.3404259232014,23.797884151844134,2007,Trinidad and Tobago,5.54,5.54
16.9703664839414,17.3629305087575,65.6667030073011,23.205376665482607,2000,Panama,6.264,6.264
18.4712188357519,32.3257451742874,49.2030359899607,24.495008797268394,2009,Tunisia,13.29,13.29
45.1731081416509,23.1213489201232,31.7055429382258,21.72568050464531,1991,"Congo, Rep.",19.917,19.917
8.88455574628298,25.2788740282841,65.8365702254329,23.02704168881065,1996,Cyprus,3.1,3.1
18.8634993763689,29.817724651433,51.3186765094957,23.623538888823823,2013,Bosnia and Herzegovina,27.49,27.49
62.9068939880225,10.5021947345612,26.5909112774163,24.05679944432742,2013,Zambia,7.264,7.264
45.8216319595032,15.9203856298835,38.2579824106134,21.480367153997644,1996,Mauritania,9.794,9.794
75.3116076393815,10.4789535397617,14.2094388208568,22.232127411819672,1996,Nepal,10.443,10.443
36.3276961507461,14.3169873403235,49.3553165089304,24.433579609781134,2017,Azerbaijan,5.0,5.0
61.4236968737524,9.84041694550364,28.7358974298402,24.660382738040642,1999,Bangladesh,3.087,3.087
3.00710945391812,24.9856635210392,72.0072270250427,26.337562659304794,1999,Sweden,7.607,7.607
44.7985939684023,22.0467405899225,33.1546654416752,23.743550642874983,2014,Afghanistan,7.915,7.915
8.63368531319138,23.8590344294557,67.5072580732824,26.16168689746881,2014,Portugal,13.897,13.897
38.8905160076045,16.2298525387403,44.8796219599317,24.739675305608166,1998,Peru,5.096,5.096
40.3435066358315,18.7708522818548,40.8856558270496,25.099201518512707,2021,Ghana,3.384,3.384
34.3897295249335,18.4553382530938,47.1549322219726,22.183821279020027,1996,Nicaragua,7.102,7.102
5.24447601663644,28.161403629699,66.5941460732272,26.534125291293275,2006,Austria,5.32,5.32
18.3637094378528,25.2756565956629,56.3606339664844,21.27605485621351,2000,Eswatini,24.502,24.502
56.0875121904645,13.390210801263,30.5222633685919,22.735775216804523,1998,Ghana,8.2,8.2
46.2649031296572,10.4432793981974,43.2918174721453,21.59790089396875,2011,Liberia,2.211,2.211
5.79662191970757,25.976082435243,68.2272956450495,20.828391325887623,1998,Suriname,10.63,10.63
69.5262355903088,7.74059514630258,22.7331571226498,22.488082909091393,2001,Uganda,3.52,3.52
16.2939567497318,22.5086137850785,61.1973916854306,24.014690762453537,2019,El Salvador,4.17,4.17
19.3130306988896,31.4209666884389,49.2658393207054,23.016765021353333,2008,North Macedonia,33.93,33.93
3.93390262021575,21.1216202621763,74.9443803878476,22.98320545923917,2002,Jordan,15.3,15.3
15.9186740432916,23.5832063531717,60.4981196035367,27.469003746502302,1996,Brazil,8.035,8.035
6.42814314951048,20.2832457547431,73.2886553459815,25.975603996813483,2013,New Zealand,5.839,5.839
17.8526360016864,30.6040666328044,51.5432973655092,23.153563636503083,2014,North Macedonia,28.215,28.215
40.0718566747821,8.16334539030656,51.7648217174873,23.08447680662631,1991,Angola,16.855,16.855
32.0261993875468,30.2710672564364,37.7027333560168,19.023707803081006,2002,Tonga,4.838,4.838
84.4748600094462,2.6156219879174,12.9095252101921,22.755541324073373,1995,Tanzania,3.663,3.663
54.8964414928147,14.2246309620754,30.8789275451099,23.762298835118795,2006,Ghana,4.897,4.897
3.7529369382433,22.5165391192747,73.730523942482,26.724465075407487,2004,Switzerland,4.316,4.316
6.55592364766952,31.4590210516905,61.98505530064,27.165485382562228,2001,Spain,10.348,10.348
4.11070231585314,16.9940528689867,78.8952448151602,22.81222073295472,2000,"Bahamas, The",7.12,7.12
20.3546264075943,27.8026792262915,51.8426943661142,25.63172004396327,2001,South Africa,22.605,22.605
1.40660326061034,23.5674015282322,75.0264721875089,23.362787102877967,2021,Brunei Darussalam,4.905,4.905
2.26795908739699,29.6524846636315,68.0795589608292,28.744951728912497,2006,Germany,10.277,10.277
52.2001029446053,23.0000813806317,24.7998233096708,27.327468295074706,1995,China,3.0,3.0
8.35557636060067,28.7623686710449,62.8820966154643,25.573688888075775,1991,Finland,6.503,6.503
2.16014075650182,23.0628245986799,74.7770216402263,27.328539119372376,2001,Canada,7.219,7.219
35.9307263113803,21.0700962485372,42.9991774400825,27.545321510917347,2012,Indonesia,4.468,4.468
54.336968556562,9.29311066873957,36.3698634066306,22.58126738338466,2005,Georgia,13.81,13.81
15.9476250695607,18.0690172554022,65.9834302285508,23.649633107334616,2006,Panama,5.822,5.822
72.540009356782,5.32687219182618,22.1331184513918,22.45337028610746,1996,Guinea,4.5,4.5
40.7277350319505,13.7544319339071,45.5178330341424,23.659944020461733,2021,Georgia,11.791,11.791
40.3292726200515,30.9540872866079,28.7166310388823,24.345742689700618,1995,Romania,8.01,8.01
7.84271897891513,22.3133620147444,69.8439133955895,27.111405784639413,2015,Argentina,7.579,7.579
11.8162219655295,24.1030684950307,64.0807095394398,22.8133629064379,2009,West Bank and Gaza,20.452,20.452
35.3832543804577,28.7597739855031,35.8598253524342,19.07042392114824,1998,Tonga,3.356,3.356
70.4787760666206,5.74843699715423,23.7727869362251,24.189404562363773,2010,Tanzania,3.029,3.029
21.6186160752559,34.7999698574618,43.5813867642586,23.41497295814103,1996,Belarus,24.4,24.4
65.4537391553606,8.23415486731429,26.3121059773251,21.966941337288024,2001,Mali,1.338,1.338
64.1648330866696,12.5331727564515,23.3019913597621,24.155880614619406,1991,Bangladesh,2.2,2.2
1.08769762881917,35.7194061316946,63.1930422391679,24.011890984746,2010,Bahrain,1.13,1.13
6.38065194346524,27.7298086819039,65.8895393746308,25.630274237120933,1999,Finland,11.693,11.693
3.82890239045953,23.3528464046653,72.8182512048751,26.83908585081253,1995,Netherlands,7.157,7.157
17.9572605106358,31.2761968333121,50.7665426560521,23.563333654661935,2016,Bosnia and Herzegovina,25.408,25.408
1.83256392512067,25.7925488581515,72.3748872167278,23.040875782823942,2013,New Caledonia,14.347,14.347
56.2838766816841,8.49453480183921,35.2215297856383,21.6029751675248,2002,Togo,4.104,4.104
40.1554409425251,25.7768332140276,34.0677258434473,26.362878099476827,2017,Viet Nam,1.874,1.874
15.2952337422139,16.7051808074151,67.999585450371,25.05762570790084,2022,Panama,8.086,8.086
12.7700397398562,34.0786833537628,53.1510817204469,22.497348983217286,2003,Mauritius,8.311,8.311
58.8035750941531,9.13829506466086,32.0582345720905,18.886927330593913,1996,Liberia,2.354,2.354
41.6450221628929,16.5558111534345,41.7991666836726,23.12198199444845,2005,Senegal,2.703,2.703
63.3733512787078,9.9836667920685,26.6429819292237,24.35926517965109,1995,Bangladesh,2.441,2.441
38.9747778789421,21.3487364780833,39.6764856429746,21.429338745991522,1993,Kyrgyz Republic,1.248,1.248
4.90014251821475,30.3291532200626,64.7707042617227,25.553530682592616,2015,Hungary,6.813,6.813
4.33642311370329,19.395551852448,76.2680250338487,19.920526981988015,1991,Suriname,17.085,17.085
9.70368471913682,27.270809872846,63.0255097965729,27.16460613374834,2002,"Korea, Rep.",3.046,3.046
2.70731157058524,37.1569534259912,60.1357745141075,25.287386197629207,2017,Slovak Republic,8.142,8.142
8.64337067530989,24.0411944843043,67.3153784126773,24.914058467945118,1997,New Zealand,6.857,6.857
8.83047748491174,24.5594874035241,66.6100351115642,24.324355298348088,2010,Lithuania,17.814,17.814
2.34144093736629,31.5255241417898,66.1330349208439,22.217321494288104,2002,Malta,6.902,6.902
1.75761512960444,19.4449934349203,78.7973914354753,30.378274850549357,2011,United States,8.949,8.949
12.0462196540245,30.388967992277,57.5647925915752,26.00775745024819,2005,Portugal,7.582,7.582
3.38371104232752,24.7750105425376,71.8412784151349,29.241194283505376,2016,Japan,3.132,3.132
0.219389291738867,13.450033021843,86.3305776864181,26.566645456605396,2020,"Hong Kong SAR, China",5.808,5.808
2.49157081621059,19.4244545930752,78.0839745907142,26.432894265131935,2015,Denmark,6.278,6.278
29.9686004634692,14.8272022310725,55.2041973054583,22.611729361926752,2004,Namibia,22.09,22.09
18.2721932115777,19.8954151311615,61.8323848092057,25.313183883981978,1998,Colombia,15.0,15.0
11.7608864894987,19.5928991235837,68.6462216505576,26.31684925722489,2001,Argentina,17.32,17.32
14.6355580193577,23.0377649335775,62.3266814732334,27.731250303528558,2010,Mexico,5.303,5.303
46.9403140430056,15.8909237165326,37.1687622404618,21.49536209345225,1992,Mauritania,10.058,10.058
46.3283740250644,17.1849688649664,36.4866571099692,25.57550675509065,1992,Indonesia,2.734,2.734
1.38861863291703,29.5773766657761,69.0339890594821,26.943322932969537,2022,United Arab Emirates,2.872,2.872
44.5528574422551,12.6035271375146,42.8436075502121,23.29951548186347,2002,Kenya,2.919,2.919
15.6552175241232,20.6157231199988,63.729064907094,26.727796459626674,2018,South Africa,26.906,26.906
5.45602723813184,23.0585057845302,71.4854669773379,25.747341156750956,1995,Norway,6.307,6.307
46.3646796851009,11.4473118244751,42.188008490424,24.315147016378464,2012,Cote d'Ivoire,7.223,7.223
1.83714068278615,32.5766340948901,65.5862415044129,26.63475418272654,2016,United Arab Emirates,1.64,1.64
42.9637403947258,22.9316106428096,34.1045514222341,21.751707634233266,2001,"Congo, Rep.",19.877,19.877
1.64341270438564,19.9230612336162,78.4335206084423,28.0734664909419,2015,Canada,6.945,6.945
16.4345634802215,17.822208959183,65.7432275605955,20.787804359021486,2004,St. Lucia,20.97,20.97
79.06254793905,4.1919969544987,16.7454551064513,21.74982173536599,1994,Cambodia,0.995,0.995
21.2228976414504,31.4770150048625,47.3000873536871,23.59195698713755,2009,Bosnia and Herzegovina,24.068,24.068
2.56764536557283,4.88826084681007,92.5440937876171,20.02555618731506,1995,Djibouti,27.279,27.279
53.2545720840408,5.79044236776276,40.9549855481964,19.410350541983888,1992,Solomon Islands,1.868,1.868
2.38387901813983,25.0540097590047,72.5621112228554,22.96017577138589,2010,New Caledonia,13.95,13.95
4.41395986643079,20.6333022788414,74.9527378547278,22.703693239158625,1997,Jordan,13.739,13.739
32.634281810297,15.5799122226502,51.7857974029911,25.463394954983915,2022,Kenya,5.707,5.707
68.741629033875,6.12089132076933,25.1374751519327,24.54424441066891,2013,Tanzania,2.93,2.93
12.4868564007143,26.7194075702137,60.793736029072,24.819179693975084,2006,Libya,18.779,18.779
25.8123793221709,24.9173313873702,49.27034024969,22.98360373290557,1996,El Salvador,7.68,7.68
67.1622887283061,9.23570097695017,23.6020102947437,23.211633387800493,2010,Zimbabwe,5.447,5.447
2.61818786659868,20.4516291121862,76.9301917296687,28.08662362593205,2013,Australia,5.663,5.663
54.6381381739065,11.8811067967332,33.4807302150704,23.073938807731043,1991,Cote d'Ivoire,6.603,6.603
9.62710407750471,30.9315670223017,59.4413289001936,24.625530713937557,2014,Slovenia,9.668,9.668
29.3859809172185,5.98512444592318,64.6289375677503,22.97928632663349,2007,Papua New Guinea,2.172,2.172
14.0120158612492,33.3593541265408,52.62863001221,24.52878921533753,2022,Tunisia,15.3,15.3
64.7796223484297,5.03252269307315,30.1890684918208,19.79430121461963,2005,Vanuatu,8.126,8.126
44.0516349157035,19.9406955859942,36.0076694983023,23.23575041710626,2009,Albania,13.674,13.674
12.155947055604,30.011662210525,57.832390733871,26.726977466918772,1997,Russian Federation,11.813,11.813
74.457016941226,7.05919041945792,18.4838167955158,21.265511498114424,1994,Malawi,5.349,5.349
45.5203536395019,12.3055837216456,42.1740626388525,23.731596018650972,2022,Haiti,14.635,14.635
62.169688157951,4.99269257762092,32.8373677180467,20.51836000412862,1999,"Gambia, The",9.804,9.804
44.9381526016078,8.15189980815732,46.9099475902349,25.20670518717564,2008,Angola,16.228,16.228
19.8502259762666,23.0021497224648,57.1476243012686,25.682628777811008,1996,Greece,10.402,10.402
41.5439067653025,13.2670350058022,45.1890582288953,21.41243853424921,2004,Mongolia,6.854,6.854
4.03053052723162,20.4301630894041,75.5393063833643,27.96998765895613,2019,Spain,14.104,14.104
64.5739185254952,9.37424979641906,26.0518316780857,24.656555622471856,2017,Zimbabwe,6.344,6.344
90.3124288996229,2.08144990741431,7.60612119296282,20.98064476795038,1995,Rwanda,11.972,11.972
3.21088853525191,22.328002479355,74.4611218772142,26.827564559033537,1999,Netherlands,3.622,3.622
5.91939750144106,20.8972832615945,73.1833192369645,23.7983870166963,2007,Iceland,2.251,2.251
73.0968857266804,8.70093506832756,18.202179204992,23.25082938879994,2014,Madagascar,1.386,1.386
76.3847056455877,9.56346979707812,14.0518245573342,22.12611626470952,1994,Nepal,10.465,10.465
64.8789122288286,15.6354824397785,19.4856206832497,23.916241172833487,2015,Nepal,10.644,10.644
3.37200670738298,22.7450437267783,73.8828848477475,24.17751608426169,2012,Jordan,12.2,12.2
21.3003587262051,26.4326073247328,52.2669943370695,23.2944298740661,1993,Dominican Republic,6.331,6.331
46.5143016493851,14.3466178955288,39.1390914686817,24.195550034707836,2015,Cameroon,3.518,3.518
1.28675798296313,19.1613479099063,79.5518941071305,28.415110349966394,2022,Canada,5.279,5.279
33.3947820368783,25.0838719571033,41.5213460060184,23.611341666776035,2013,"Congo, Rep.",19.827,19.827
8.20663811054394,27.8708264707084,63.9224878991292,25.21316102927847,1993,Finland,16.201,16.201
23.8527845854813,17.8336009465055,58.3157272035832,19.11716268816082,2009,Sao Tome and Principe,15.134,15.134
26.5653343388449,25.0836069321207,48.3510587290344,23.55580455753266,1991,Ecuador,4.385,4.385
71.2832893808268,7.33205324686021,21.384657372313,23.425633418310294,2021,Niger,0.78,0.78
24.5775358611978,24.5669546459927,50.8555094928095,23.21935399163799,2022,Kyrgyz Republic,4.043,4.043
72.7337034490118,8.10815410486545,19.1581424461228,24.187524495731097,2011,Ethiopia,2.275,2.275
6.33079866496115,23.5312704076836,70.1379217900127,27.246329927966258,2011,Saudi Arabia,5.77,5.77
52.4162233797935,14.0388972734158,33.5448793467907,23.69437270655039,2022,Armenia,13.379,13.379
45.8252793550115,19.4785380311392,34.6961826138494,24.914648561695937,2004,Morocco,10.83,10.83
20.2640531404257,32.3277972748683,47.4081854322678,23.790086765181712,2000,Tunisia,14.94,14.94
31.4288356289128,19.9734051717167,48.5977240396293,22.84459803955242,2021,Togo,2.333,2.333
7.01399459888245,29.8993110360921,63.0866631591233,24.80364073263847,2017,Bulgaria,6.164,6.164
38.0323383992711,21.9404526186599,40.0272089820691,25.474605975358266,2013,Morocco,9.23,9.23
41.4366615470556,20.7193077817517,37.8440174683789,23.284655154304676,1992,Uzbekistan,2.9,2.9
5.27983112473331,26.4036254094173,68.3165434658493,25.75348474259546,1992,Denmark,9.027,9.027
37.1928800903564,19.9904833231347,42.8166365865089,27.517817819871855,2011,Indonesia,5.153,5.153
73.9650915020214,11.6086252341095,14.4262832638691,22.303533411027573,1998,Nepal,10.551,10.551
46.240540074347,10.4643742840823,43.2950753127314,24.8668425736754,2020,Cote d'Ivoire,2.584,2.584
42.8959890884694,22.2983208683285,34.8056916838956,26.245154527723592,2012,Pakistan,3.667,3.667
4.41254104592828,32.4345008250688,63.1529581290029,23.871887243301313,2011,Estonia,12.328,12.328
22.7587471608735,31.9809811667595,45.260271672367,23.463893455180823,1992,Tunisia,15.616,15.616
17.4407083562508,27.1761127574213,55.3831788863278,26.53163988346297,2007,South Africa,22.287,22.287
62.628048329839,8.02648211863543,29.3454695515255,23.239197022676503,2021,Malawi,5.662,5.662
19.5832941938572,32.9775228126549,47.4391829934879,26.729793733871492,2008,"Iran, Islamic Rep.",10.63,10.63
14.3885058596793,33.4263879183339,52.1851062219868,24.574970403833106,2021,Tunisia,16.611,16.611
49.9634889278369,14.0696825183611,35.9668365972171,24.899321625644546,2004,Bangladesh,4.314,4.314
13.0940154126627,15.0921374375819,71.813875742555,26.178209024154942,2014,Greece,26.708,26.708
8.81755585277654,32.5815087267383,58.6009354204851,24.59014747532093,2010,Slovenia,7.236,7.236
68.164432452844,8.78266306918653,23.0528029689362,20.35063358993508,1999,Eritrea,5.553,5.553
65.2921632702792,12.9733802455882,21.7344564841326,22.879839978748763,1991,Zimbabwe,4.813,4.813
47.9834307158903,12.1499904042386,39.8665788798711,23.441060638079474,2014,Haiti,13.755,13.755
22.7767983040132,30.1243262355722,47.0988754604146,26.0710749589027,2017,Romania,4.927,4.927
3.80020483634557,29.8027683570776,66.3971801271948,23.82146085838322,2010,Trinidad and Tobago,4.033,4.033
31.064411311636,33.4970357023007,35.4385529860633,21.615699459673714,2014,Lesotho,16.104,16.104
2.59605414168375,19.4301033123421,77.9738344023592,27.912873220714243,2017,Australia,5.592,5.592
13.2081311840298,24.2495696176118,62.5422991983584,22.219237955014023,2017,Eswatini,24.523,24.523
29.7343385748735,22.6628736051872,47.6027878199393,20.374284084979386,1996,Guyana,11.611,11.611
19.8805115525834,25.8154120649076,54.3040503126815,25.364583400089018,1991,Greece,7.572,7.572
4.43723032668995,20.8711732073146,74.6915964659955,21.758967959532676,1998,Barbados,12.4,12.4
4.61647993868728,43.431837653287,51.9516824080258,25.11594425206975,2017,Oman,2.522,2.522
35.7939423722111,19.9866729711666,44.219362540743,22.994132013252266,2002,Uzbekistan,10.283,10.283
33.3287342132176,18.4741208721384,48.197144914644,22.30348629844775,1999,Nicaragua,7.162,7.162
60.2694310418956,7.86947244382872,31.8610965142757,21.539854618181167,1991,Togo,4.085,4.085
1.14917763322242,33.5727115121357,65.278173306554,24.82762369367087,1993,Singapore,3.07,3.07
7.07775129581887,32.0071317369869,60.9150087794365,24.47768647208084,2015,Slovenia,8.962,8.962
30.9942133369454,26.0702905136411,42.9354961494135,24.978129569788788,2012,Sri Lanka,3.88,3.88
65.2556492906735,12.4356461052468,22.3087019939299,24.162802723237156,2000,Viet Nam,2.26,2.26
4.89016167184107,26.9397653501078,68.1700729780511,28.098032363407988,1995,France,11.834,11.834
44.2020510267876,15.6862394245456,40.1117095486667,22.820242354561447,2001,Bolivia,2.636,2.636
56.2217533928862,7.46302230587522,36.3152342810494,24.68904981684518,2016,Angola,16.575,16.575
70.8958287775764,8.07543990007293,21.0287313223507,23.394091848201185,2006,"Congo, Dem. Rep.",3.174,3.174
29.1229108545061,16.62653821732,54.2505509281739,22.612415604516087,2016,Somalia,18.578,18.578
52.6353428075834,6.41809439761419,40.9465627948023,20.929842286487343,2014,"Gambia, The",8.218,8.218
19.3265777140237,24.9109953169176,55.7624213883467,27.04665856678228,1998,Mexico,3.733,3.733
8.49460245281696,27.662820823314,63.8425767238691,26.177030604221375,2019,Iraq,14.109,14.109
28.6643218132075,17.1608913693158,54.1747868174767,23.67102264134689,2006,"Yemen, Rep.",12.35,12.35
28.2632804702229,18.1490517910613,53.5858193782115,20.361219350642035,1992,Belize,9.697,9.697
48.2803293094893,13.5322198271326,38.187404094434,21.293037895896713,1997,Kyrgyz Republic,1.551,1.551
80.8775685034519,3.20844252255374,15.9139889739943,22.506786363706794,2002,Mozambique,2.903,2.903
53.0782027374815,13.3457186643344,33.5760528025767,22.948195708597567,2017,Rwanda,11.875,11.875
28.2144807807369,30.328996781685,41.4565224375781,23.286816781263393,1991,Syrian Arab Republic,6.75,6.75
1.62408303489325,19.6851456126314,78.6907713524753,30.45719106636316,2013,United States,7.375,7.375
65.1197773989004,5.48844849715523,29.3917741039444,22.097842589087886,2009,Sierra Leone,4.269,4.269
2.30291799691902,17.9572905271148,79.7397914759662,23.085848531785654,2007,"Bahamas, The",7.88,7.88
52.5664987533313,15.5650589387513,31.8683642691868,23.08594088498431,2012,Armenia,17.511,17.511
54.0707465199749,18.6700442836113,27.2592152906285,25.456614586599613,1998,Thailand,3.404,3.404
2.85318447341343,17.9153669780518,79.2312865094347,24.136808122541236,2021,Cyprus,7.513,7.513
5.22765637433249,46.7536141225605,48.018729503107,25.052807583999726,2020,Oman,2.94,2.94
19.6882338250302,17.1413747457669,63.1703914292029,24.957227403518925,2011,Cuba,3.18,3.18
7.75536449808443,26.5239131607821,65.7207223411335,21.857220558390235,2021,Suriname,8.491,8.491
1.57514749735448,21.886129747358,76.538713363361,30.30339080463207,2007,United States,4.622,4.622
55.576747776644,15.4940511798751,28.9292010434809,23.72808061349152,2007,Myanmar,0.687,0.687
5.88262884861951,26.8079075553872,67.3094607974094,28.136228249575055,2018,Russian Federation,4.871,4.871
4.2904543277063,21.7864848730312,73.9230607992624,25.867599521021337,2000,Norway,3.458,3.458
1.84465511418501,16.9210717836264,81.2342731021886,24.66654332103297,2007,Luxembourg,4.065,4.065
76.8551192707092,9.13257864825801,14.0122802145539,22.02074036890326,1993,Nepal,10.517,10.517
58.3084360791134,9.81671009274845,31.8747440276785,18.699826492946155,1994,Liberia,2.402,2.402
30.4201294535757,15.9348804068884,53.6449827615261,26.41862478423303,2014,Philippines,3.6,3.6
3.09584805323813,18.2404827879811,78.6636691587808,22.451360394617787,2018,Barbados,8.322,8.322
33.82807792533,15.5901525170398,50.5817695576302,22.69682737498089,2002,Paraguay,9.393,9.393
12.692982807088,27.9426235652533,59.3643864059914,26.501773013023165,2013,Malaysia,3.16,3.16
54.2921284253287,7.24174179524641,38.4661297794249,20.50551220620408,2016,Vanuatu,5.261,5.261
57.7914827094535,14.2662039820652,27.9423133084812,19.67668582440018,2000,Comoros,4.398,4.398
30.4840418884344,11.2370256765652,58.2789118461469,23.796244326896733,2018,"Yemen, Rep.",17.584,17.584
24.9112786930337,24.2935681163378,50.7951781053454,23.91442327327068,1991,Cuba,8.311,8.311
0.838164516730312,25.7511554215198,73.4106800617499,25.250889237287044,2002,Singapore,5.65,5.65
7.13238310090238,24.9179655455291,67.9501640689089,22.328695728183774,2012,Suriname,8.1,8.1
14.2645219979621,22.2105966949215,63.5248813071164,23.786804778352657,2003,Dominican Republic,6.938,6.938
13.9661248746431,27.3355958093873,58.6982793159696,24.63102984275917,1991,Ireland,15.771,15.771
11.3671021400061,27.4867936705836,61.1461041894103,26.4312263509991,2016,Malaysia,3.44,3.44
5.45733361366406,25.7446530098552,68.797939863177,24.986422846631733,2022,Lithuania,5.955,5.955
18.5251915261202,32.4233780822941,49.0514303915856,24.197471603212318,2005,Tunisia,12.872,12.872
65.7960200816844,5.63186459673233,28.5721153215832,22.148274845496587,2008,Sierra Leone,4.128,4.128
36.4572195373376,16.0695092412486,47.4732712214138,25.157734837998134,2002,Philippines,3.615,3.615
17.813028757763,32.0123441786077,50.1746270636294,24.9263895691126,1993,Malaysia,4.11,4.11
43.8863765537351,15.2616638248449,40.8518051745867,21.29822473351945,2002,Mauritania,10.185,10.185
30.9391047372052,21.5123566090324,47.5485386537624,25.21929436399287,2005,"Egypt, Arab Rep.",11.049,11.049
60.9287505803933,15.752338706816,23.3189060178826,26.766732805363617,1998,India,7.639,7.639
88.288090047336,2.98893501411112,8.72300070523406,21.432352896443824,2010,Burundi,1.616,1.616
15.5597836194902,25.7331486069436,58.7070677735663,23.749401461119405,1998,Iraq,8.087,8.087
62.9614040164552,9.91321905037504,27.1253769331698,20.192763340863003,1992,Guinea-Bissau,3.099,3.099
7.93622659982107,17.0840296416333,74.9797437585456,22.30360433485483,2017,Montenegro,16.082,16.082
15.636454570046,23.9024640076944,60.4610790177632,27.544996728282946,2005,Mexico,3.558,3.558
4.19831045149176,30.6842069196215,65.1174870442986,28.254272657605288,2005,Italy,7.73,7.73
36.2991958325906,11.2486877810129,52.4521163863965,23.21760280362914,2009,Gabon,19.753,19.753
17.9530081085813,22.6547707193503,59.3922269943962,26.479423339660087,2008,South Africa,22.407,22.407
47.6973147130215,19.5361024242991,32.7665828626794,23.72629228116838,2013,Afghanistan,7.93,7.93
50.7591451193298,10.7601270913987,38.4807277892715,20.835701267169853,2006,Liberia,2.283,2.283
65.4015358762516,9.15471909872488,25.4437450250236,23.309468193793887,2014,Lao PDR,2.119,2.119
46.13149646996,19.8304165542027,34.0380869758374,25.623348674637754,2002,Thailand,1.82,1.82
10.1667394285704,21.4919234286819,68.3413371427477,26.172402314740616,2006,Argentina,10.078,10.078
7.55177985519476,25.959625854961,66.4885942898442,27.682870320163715,2006,"Korea, Rep.",3.254,3.254
67.2997850445628,8.2422868464418,24.4579281089954,19.601578764372075,1998,Timor-Leste,3.445,3.445
10.0330984152051,30.94291440086,59.0239871839349,25.950254777775033,2021,Algeria,13.63,13.63
30.0468561488174,26.5677169551921,43.3854268959906,20.01844651110435,2019,Tonga,2.157,2.157
68.5253195811209,8.75054090791075,22.7241395109683,20.429596701614564,1998,Eritrea,5.441,5.441
39.9116046507938,13.8207586891176,46.2676366600886,23.941524229666808,2022,Georgia,11.647,11.647
39.7214566236399,22.2477301839783,38.0308413451387,23.474141008349378,1999,Sri Lanka,8.88,8.88
65.7821365663489,7.53072647438921,26.6871369592619,24.834577833435926,2019,Tanzania,2.496,2.496
13.2907815106357,20.2525537986462,66.4566646907181,21.086332091355594,2008,St. Lucia,12.72,12.72
47.1021592456055,12.0600027822769,40.8378131303596,23.367259358298597,2016,Haiti,13.852,13.852
5.03906731991303,24.0018561405552,70.9590765395318,26.271947583672254,2022,Portugal,6.011,6.011
2.81993969066137,20.8324490973328,76.3476112120058,27.966500443188345,2011,Australia,5.083,5.083
2.64176042461189,23.7475489479441,73.610690627444,26.214264453272218,2001,Sweden,4.73,4.73
69.5909589565884,4.22623504623261,26.181064655998,19.11628417629379,1993,Vanuatu,8.288,8.288
4.43014583945341,16.5174789390393,79.0521856965516,23.8685346584743,2014,Cyprus,16.277,16.277
20.9968608692403,18.2686199035838,60.7345192271759,22.896561456036366,1998,Jamaica,6.86,6.86
6.21589082077449,42.0095998360561,51.7745093431694,24.939888580662238,1996,Czechia,3.852,3.852
27.8778148629147,18.4884310278788,53.6337541092066,24.944996496013996,2010,Ecuador,4.088,4.088
54.3871651049941,11.7989495185293,33.8138853764766,22.853204658831018,2011,Moldova,2.648,2.648
27.9751611647857,20.7204615827143,51.3043772525,23.226872763942254,2014,Mongolia,4.798,4.798
6.98529044990237,21.737148982829,71.2775605672686,25.616896241986318,2008,New Zealand,4.167,4.167
50.4262835704588,10.4135369050775,39.1601460510777,22.346990762086858,2003,Haiti,12.18,12.18
5.70673402004514,33.6961564199549,60.5971126353844,29.34401938420494,1995,Japan,3.15,3.15
7.71994074022279,17.4637164970305,74.8167797817527,22.12314995721246,2015,Montenegro,17.555,17.555
9.97719804171417,23.5108309301858,66.5113003822681,22.728264271508323,1996,Iceland,3.6,3.6
11.4761072482774,32.1812416219277,56.3426511297949,25.49498388852205,1995,Portugal,7.064,7.064
3.16854150464257,36.1455009045844,60.685957590773,25.345421702039932,2014,Slovak Republic,11.536,11.536
7.20246500428519,27.0851732440926,65.7123617516223,23.13973095001197,1991,Uruguay,8.95,8.95
18.6788345678394,21.0988212769721,60.2223441551885,23.90926427519936,2016,El Salvador,4.418,4.418
73.6858459262516,6.19931022395442,20.114843849794,21.24890762399188,2013,Central African Republic,5.243,5.243
2.10204035003541,4.52167157904357,93.3755264620985,20.37884859621703,2005,Djibouti,26.452,26.452
9.70291119939007,30.4006911841419,59.896397616468,23.357485523375583,2022,North Macedonia,14.476,14.476
36.6453442730289,16.3612843716449,46.9933566017267,23.820436994479245,1998,Kazakhstan,13.13,13.13
50.142419562221,17.2099154514333,32.6476649863458,23.043139306588316,2020,Rwanda,11.829,11.829
71.5399790094014,8.32106011465013,20.1389608759485,23.308367733839486,2017,Mozambique,3.539,3.539
38.7829189596075,14.1841839903708,47.032892417974,26.792151732355133,2020,Nigeria,5.742,5.742
5.59119068278417,19.8522067103301,74.5566026068858,26.188973496919363,2009,Ireland,12.609,12.609
34.0640965482424,21.2478454583889,44.6880967093007,22.26871150708069,2009,Kyrgyz Republic,2.744,2.744
40.4035914303494,27.1401902391324,32.4591815568791,18.735975246687783,1992,Tonga,1.35,1.35
31.0267231821213,16.2587890278211,52.7144877900576,23.352823499587284,2004,"Yemen, Rep.",12.132,12.132
8.01133922406288,18.2226653399616,73.7659954359756,24.704056394718474,2020,Uruguay,10.413,10.413
30.7773192047105,33.8324045335938,35.3902762616957,21.581794703756763,2015,Lesotho,16.254,16.254
70.8029674366626,2.56222779673376,26.6347387178888,20.58485431873509,1995,Sierra Leone,4.22,4.22
12.8168899274516,30.8536293902394,56.3294806823091,24.949789697810964,2008,Croatia,8.53,8.53
2.91628929520462,22.2786772420348,74.8050259900583,28.604157112079083,2010,France,9.279,9.279
59.7779918724458,9.94471349762199,30.2772946299322,23.99327221939884,2018,Zambia,5.033,5.033
5.72833414116634,28.3223315257714,65.9493343330623,27.86130848818995,1991,France,9.134,9.134
52.5180417692136,16.4912805269499,30.9906818915622,24.822095871974714,2013,Myanmar,0.775,0.775
12.4171074158369,18.4801274582388,69.102792566985,24.70855888298383,2010,Dominican Republic,5.212,5.212
88.4742136992347,2.58615409763056,8.93963220313478,21.399572364643838,2001,Rwanda,11.76,11.76
45.1711642398104,17.6241222087319,37.2047146434909,25.664917911055298,1999,Indonesia,6.358,6.358
17.6708652555945,16.8888600326076,65.4409961188302,21.48325357489284,2014,Belize,8.244,8.244
31.4511944578837,12.9725067839037,55.5762987582126,22.913672468161174,2009,Namibia,22.254,22.254
23.5076229616317,31.3197486674828,45.1726283708856,25.514118026134653,1996,"Iran, Islamic Rep.",9.1,9.1
0.267652453485499,13.8682231013071,85.8641524951396,26.089465171236476,2009,"Hong Kong SAR, China",5.26,5.26
13.5995227540299,23.3947686734631,63.005708572507,25.060459574970498,2003,Chile,9.765,9.765
36.2363326231895,14.3294867965715,49.434201481165,24.57580355988587,2018,Azerbaijan,4.9,4.9
31.1642805626203,20.0889154032358,48.7468264954694,23.53713302672052,2008,Bolivia,2.603,2.603
24.0961914358923,30.8824130825809,45.0213954815268,25.29197145587705,1995,"Iran, Islamic Rep.",9.896,9.896
0.925946231764342,34.9958941594723,64.0781596087634,24.432933039998094,2021,Bahrain,1.541,1.541
8.61443719002562,23.074314328783,68.3112484811913,23.878917458378606,2010,Latvia,19.482,19.482
79.0310596372668,8.62033984413883,12.3486005185944,21.942983807083156,1992,Niger,1.566,1.566
5.14731125606348,21.4628133132448,73.3898754306918,23.281095121401698,2022,Mauritius,6.322,6.322
14.7118964486198,20.10793032273,65.1801732286502,21.338337949049848,2016,Cabo Verde,12.077,12.077
40.6518195581414,25.2511114638605,34.097078435209,28.673276877357054,2019,India,6.51,6.51
16.0434539644754,22.3880043515936,61.5685353706126,27.229482426550632,2004,Brazil,10.072,10.072
4.26086165553519,22.6451172143378,73.094021130127,23.722629259284172,2006,Cyprus,4.593,4.593
2.44291370857075,39.1039131089036,58.4531731825257,23.68666788905589,2002,Qatar,0.87,0.87
30.9549632915,29.1544410765981,39.890595631902,23.729660364406516,2009,Turkmenistan,4.0,4.0
3.1534910855014,22.9279968184437,73.9185194066163,27.130081613136174,1995,Canada,9.489,9.489
22.6613308072142,20.3149329377764,57.0236417146223,22.72392008034071,1996,Jamaica,6.62,6.62
4.20409895814356,20.3337086083309,75.4622027263121,27.98984371852619,2018,Spain,15.255,15.255
37.6844124883931,29.1349972948191,33.1805902167878,24.780365058846545,2003,Romania,6.95,6.95
51.5834860400298,11.2863305646628,37.1301750905139,25.947561117580857,1996,Nigeria,4.056,4.056
10.5799535498455,21.5549578740142,67.8650885761404,24.16110376431875,2008,Uruguay,8.025,8.025
37.653415810839,19.930750541817,42.4158217679983,23.34506902124777,2000,Uzbekistan,12.317,12.317
36.9700047709189,16.8828970251012,46.1465852019432,20.797853468515783,2017,Comoros,4.03,4.03
13.9526317398097,24.0104180314192,62.036950228771,27.824360476347408,2015,Mexico,4.311,4.311
7.27169949730506,24.1446030231561,68.5836974795389,25.967733662239137,2000,Saudi Arabia,4.57,4.57
73.6838941005021,9.28109452728734,17.0350113722106,23.01246070340531,1992,Viet Nam,2.11,2.11
29.5791138425067,13.2469465058751,57.1739396516182,23.25086149262777,2011,Namibia,19.476,19.476
5.67654457163611,17.560520663788,76.7629347645759,22.247985005997908,2014,Montenegro,18.054,18.054
13.8971559802699,23.6421441670151,62.4607122316888,24.79090131042862,1994,"Venezuela, RB",8.56,8.56
54.7856713912972,15.9732713512723,29.2410572574306,23.3485627308946,2010,Cambodia,0.771,0.771
2.64402200135096,22.9397857763196,74.4161922223294,23.76279079178916,1996,Luxembourg,3.286,3.286
56.6354346880906,10.064581182462,33.2999841294474,24.736553672272063,2021,"Congo, Dem. Rep.",5.28,5.28
55.901386771343,17.4526470337314,26.6459582304147,27.132948306971265,2003,India,7.68,7.68
14.037365665352,21.7664654119559,64.1961142289578,23.846315123033275,2006,Costa Rica,5.926,5.926
74.6715418053777,6.73742690585634,18.5910174205542,23.497903303099598,2019,Burkina Faso,4.71,4.71
42.8609336132324,26.1203240533855,31.018738541353,28.838818782453703,2022,India,4.822,4.822
30.2919716334005,29.4624886650791,40.2455397015204,23.84047023955348,2010,Turkmenistan,4.0,4.0
4.45431467039581,40.3049319928096,55.2407533367946,25.137370786670854,2002,Czechia,7.28,7.28
71.9169020640165,7.0033799014963,21.0797261504712,24.087653529210765,2013,Uganda,1.91,1.91
71.9687298420586,6.0383874703372,21.9928239929613,21.451949053297685,2017,Central African Republic,5.534,5.534
27.0201875831475,20.5505997841542,52.4291950956628,24.507643700441196,2022,Bolivia,3.552,3.552
2.96424931103477,18.6885122126166,78.3472384763487,22.398900357818768,2011,Barbados,11.19,11.19
36.8999764068932,25.1450538094569,37.9549582579505,24.273402453917452,2020,Cambodia,0.172,0.172
10.5299547135894,16.807826597988,72.6622186884226,21.574576271528596,2022,St. Lucia,15.934,15.934
29.9913318218139,14.2389650138776,55.7694208132276,22.40101063172,2017,Fiji,4.324,4.324
25.8944639665258,22.8118398602535,51.2936707832304,23.830863889936897,1993,Cuba,9.261,9.261
1.7313478823004,18.1788114985072,80.0898211182983,27.035567633119758,2018,Sweden,6.365,6.365
1.55635277929941,19.2647202963475,79.1789215001603,28.135235773332898,2020,Canada,9.657,9.657
42.5436976465386,18.9820199329773,38.4743143725509,22.511890875613304,1994,Bolivia,3.08,3.08
3.98524970373957,20.5303294996594,75.484420796601,27.885495752022408,2020,Spain,15.532,15.532
5.44132491123487,17.3014794693632,77.2571956194019,26.309717318134876,2014,Ireland,11.858,11.858
69.330606403698,7.09914932923393,23.570244267068,23.30321956066545,2010,Mali,1.405,1.405
76.698437600439,7.22890443845938,16.0726579611016,21.06821458488239,1992,Central African Republic,5.455,5.455
11.9043219120324,38.2710227767547,49.8246553112129,22.164477736563665,1998,Mauritius,9.269,9.269
0.449790604238973,20.4426790500909,79.1075303456702,24.064068933541922,2010,"Macao SAR, China",2.84,2.84
42.6004922237944,25.1993971424806,32.2001126575917,28.657599654609207,2006,China,4.43,4.43
19.5004832157342,26.7754464165642,53.7240738881426,27.491394478232447,2016,Turkiye,10.899,10.899
48.507786936401,12.1015222063697,39.3906645242124,23.424794056437502,2013,Haiti,13.642,13.642
52.9210840925835,10.3469344303597,36.7319381140473,21.145336553130065,2001,Kyrgyz Republic,1.95,1.95
71.9196151923047,9.35408155209327,18.7262960456849,23.369771407952687,2019,Madagascar,2.469,2.469
19.104474758386,17.2155359481498,63.6809452341577,21.25806186193677,2007,Belize,8.51,8.51
30.1586572433132,21.4434188303507,48.3979144352798,23.82836332344272,2007,Uzbekistan,4.99,4.99
60.175864951029,15.9674540252993,23.8566810236717,20.64153290505013,1997,Tajikistan,4.15,4.15
40.4276336031143,10.0065097208593,49.565532809317,22.348672296668727,2000,Gabon,17.789,17.789
2.99541256715157,19.1148065431279,77.8897808897205,22.370228506174005,2010,Barbados,10.69,10.69
0.256618782622249,13.6599461924742,86.0834350249036,26.15540872854406,2010,"Hong Kong SAR, China",4.329,4.329
9.80082178666644,21.8151012305832,68.3840830780958,26.384594807837598,2007,Argentina,8.47,8.47
91.5657837311579,2.28451636246983,6.14973720825267,20.59178345688238,2001,Burundi,3.15,3.15
18.2742005230319,20.3740502028293,61.3522640693532,21.37198097888929,2012,Cabo Verde,11.142,11.142
35.335249109363,15.0857420883596,49.5790088022774,21.804594471213367,2009,Somalia,19.013,19.013
44.1494093228671,7.9819441626742,47.8686465144587,20.507045221193742,2009,Solomon Islands,2.02,2.02
28.0998564444752,17.0052830602885,54.8948732585636,25.717281327532476,2010,Peru,3.6,3.6
7.33087976070694,20.248568824377,72.4205622258285,26.827511338170268,2019,Argentina,9.843,9.843
2.54375012423951,19.8658700835377,77.5903797922228,26.49889008047397,2010,Denmark,7.746,7.746
12.5560521640694,33.6272472351724,53.8166957663829,26.86233070745504,1994,"Korea, Rep.",2.476,2.476
60.6736681210398,6.27499866882578,33.0513332101345,20.99901537574483,2008,Bhutan,3.842,3.842
22.2450356812797,19.8152650816004,57.9396757153956,23.863821204359045,2018,Senegal,3.455,3.455
38.8858304750461,34.5337188284978,26.580459902384,24.08539783662045,1991,Romania,8.218,8.218
14.4549100507666,22.8968077758738,62.6482759041519,27.858244672424004,2012,Mexico,4.892,4.892
5.44098362518608,25.7689798979557,68.7900364768582,26.321981380328005,2007,Ireland,4.98,4.98
63.6237590058222,9.48306833018648,26.8931726639913,22.86846705307944,2015,Rwanda,11.838,11.838
25.7467100134234,7.53574046428104,66.7175943266885,23.380077947454968,2010,Papua New Guinea,2.002,2.002
28.616967260644,19.9031970220015,51.4798357173545,21.846995185956494,2006,Fiji,3.958,3.958
44.9458740017746,10.9121561668146,44.1419698314108,19.23101403707623,1995,Samoa,3.245,3.245
6.36215726387764,34.9923798278253,58.6454629082971,22.46137480567671,2000,Estonia,13.36,13.36
3.78049551721685,23.1603310675676,73.0591734152156,26.835558886500174,1996,Netherlands,6.421,6.421
55.2500352781845,6.1021179739143,38.6480300111974,21.094927671017132,2009,"Gambia, The",9.823,9.823
43.3456453851365,12.0081239078657,44.6462672485049,22.68680049511209,2022,Sierra Leone,3.175,3.175
59.4140779657549,5.49243519535924,35.0934868388859,20.00385411535696,2003,"Gambia, The",10.032,10.032
16.7277472123723,33.5711223797864,49.7011263322728,26.292320696577637,2020,"Iran, Islamic Rep.",9.687,9.687
2.74818193730141,41.0108264814754,56.2407868444328,24.180656575998192,2004,Qatar,0.87,0.87
42.9039585441348,18.8961381442074,38.1999033116578,22.469801186826054,1993,Bolivia,3.05,3.05
14.8788970483883,22.0691268675816,63.0519760840301,23.646996870937578,2004,Costa Rica,6.445,6.445
52.9873489063028,12.1526267955353,34.8601176090758,20.893274795059604,1993,Albania,25.251,25.251
7.97038170061879,7.63067510255162,84.3990822498783,23.47834189576028,1995,Oman,4.16,4.16
23.6686593781608,26.8099395131063,49.521401108733,27.370239471178635,2008,Turkiye,10.965,10.965
40.6168808957887,8.2215368313497,51.1615822728616,21.944303229735446,2017,Liberia,3.066,3.066
2.25617489228278,13.9489914902471,83.7948336174701,27.68406140071742,2021,Netherlands,4.209,4.209
1.46101880138092,25.0229739463031,73.516007252316,22.890574659677245,2009,Malta,6.889,6.889
6.85275315817188,25.1359477960463,68.0112990457818,22.361438440632476,2013,Suriname,6.6,6.6
7.35105279230374,27.6709115980706,64.9780356096256,25.42207390976894,2002,United Arab Emirates,2.661,2.661
23.4337332020127,24.9086181247244,51.6576486732629,20.38382362594233,2001,Guyana,11.806,11.806
20.2966674172484,21.9080725061923,57.7966674172484,19.804444295198536,1995,Maldives,0.79,0.79
61.3882642965222,17.4569581402028,21.1547647196552,24.441289920204756,2022,Nepal,10.844,10.844
72.8853536906645,9.92897699610103,17.1856466684813,22.473372352684063,2005,Zimbabwe,4.622,4.622
18.8878829150157,31.3848237642903,49.727293320694,24.61800326579022,1991,Malaysia,3.702,3.702
4.00646760827727,22.4615184266196,73.5320139651031,24.596448502820152,2014,Lebanon,8.833,8.833
68.7966990832739,7.71646310324978,23.4868466409675,24.05087857973469,2011,Uganda,3.528,3.528
18.3785833238981,20.2076788802716,61.4137435257565,26.05225566173706,2007,Colombia,11.204,11.204
54.0006621414731,8.83740393486814,37.1619339236588,22.357467616600335,2004,Georgia,12.62,12.62
16.7608347143979,15.7249611246628,67.5142041609394,23.41849993713688,2017,Jamaica,7.399,7.399
3.77829555413292,21.640233139206,74.581471306661,26.310570003657773,2019,Finland,6.695,6.695
3.23427638939884,21.1407497754559,75.6249830765951,27.55711848559742,2009,Australia,5.565,5.565
16.7419087481496,23.6745070672196,59.5835841846308,22.4000445905365,2006,West Bank and Gaza,19.014,19.014
29.1922424496791,18.8928527709284,51.9149047793925,21.940642783252443,2007,Fiji,4.106,4.106
73.4478152841543,6.92195277198032,19.6302527585132,21.638759717686654,2001,Malawi,5.209,5.209
2.2623235957291,16.4834116553827,81.2542647488882,27.40432620260031,2016,Netherlands,6.007,6.007
5.87810126561437,23.0747003900404,71.0471983443452,23.59398752644629,2001,Lebanon,8.464,8.464
48.3264329201195,15.0939136997624,36.5796675241736,24.283820662226464,2005,Sudan,15.546,15.546
73.1997634684297,11.0648212852873,15.735415246283,22.56864080925766,2003,Nepal,10.702,10.702
90.9275081625489,2.42037025240539,6.65212158504569,20.63471581255057,2004,Burundi,3.177,3.177
6.12894521032616,33.3508835417679,60.5201712479059,27.904687811960855,1996,Italy,11.864,11.864
1.94085661831964,21.4598972700744,76.5992575561796,28.071203021774707,2008,Canada,6.284,6.284
7.81152989824497,33.231408432258,58.957061669497,24.581857786713293,1997,Hungary,8.991,8.991
41.2635705407355,16.0700988871215,42.666330572143,21.800320598426705,2005,Mauritania,9.626,9.626
46.3789036245868,17.7093513677374,35.9117439696265,26.181882643000986,2003,Indonesia,6.657,6.657
24.4777235890439,31.155952597773,44.3663238131831,24.878134988252132,1993,"Iran, Islamic Rep.",10.567,10.567
69.1392641858181,8.53096867524636,22.3297671389355,20.35731364235944,1996,Eritrea,5.215,5.215
31.6164603587673,16.6155723210218,51.767967320211,20.073006793091903,1998,Cabo Verde,13.117,13.117
39.3250668027742,14.5374846128441,46.1374485843817,18.649744573836088,1993,Sao Tome and Principe,14.476,14.476
49.0972271157028,11.99048962068,38.9123257130874,21.1967902022025,2002,Kyrgyz Republic,2.065,2.065
3.24413799549375,25.5609199036704,71.1949421008358,26.31519257905114,1997,Sweden,10.359,10.359
32.2904595977556,30.4546218710858,37.254929799013,25.312859131860307,2005,Romania,7.174,7.174
2.66552048818079,19.5388536939085,77.7956258179107,27.613530102793476,2021,Saudi Arabia,6.621,6.621
10.7051313557629,32.663008829656,56.6318598145811,23.52073275521524,2002,Bulgaria,18.11,18.11
0.265508502027669,14.7530025761193,84.981516726702,26.11360958453181,2008,"Hong Kong SAR, China",3.56,3.56
64.7594306476819,5.96257143485076,29.2780276170207,22.848709557626997,2013,Guinea,4.967,4.967
1.36538633718327,20.7340470434749,77.9012061445583,22.69285418400384,2003,Brunei Darussalam,5.663,5.663
67.0752046566609,7.36261635063491,25.5621613045245,23.178412601622565,2011,Malawi,4.842,4.842
60.4478993968041,11.5925605841476,27.9590990863875,21.31479147166606,2002,Equatorial Guinea,8.09,8.09
18.2208374535411,15.2489173798888,66.5303304122481,23.38101910001828,2013,Jamaica,9.698,9.698
11.1562756577061,15.5585741937981,73.2851747971478,26.111792059303735,2022,Greece,12.426,12.426
18.9218136379864,16.7815523759829,64.2966339860306,21.276518566927372,2008,Belize,8.18,8.18
20.7321255894335,22.2824102656019,56.9852428653934,22.28989676736229,1998,Botswana,20.86,20.86
14.191728585624,22.8798555073579,62.9284159070181,26.006116761397323,2003,Greece,9.839,9.839
38.8784525127711,23.7826254270259,37.338922060203,22.811704907943945,2006,"Congo, Rep.",19.587,19.587
7.29886616097282,7.68019110077443,85.0209427382527,23.579855612178424,1996,Oman,4.247,4.247
2.42462617205749,31.3777430341038,66.1976307938388,28.5611025251162,2003,Germany,9.779,9.779
27.3859347566509,23.0072659519297,49.606807558799,25.17921984924211,2016,Uzbekistan,5.16,5.16
27.0943313547267,22.7324280153183,50.173249457503,24.820587783992842,2011,Uzbekistan,4.96,4.96
3.68968407080144,12.9442666471683,83.3666117338703,23.032871229967412,2011,"Bahamas, The",14.52,14.52
26.6835804483833,30.1023006345584,43.2141189170583,30.15974998005567,2017,China,4.47,4.47
6.27405503667022,23.9731891001245,69.7527558632053,23.57091443119653,1998,Lebanon,8.564,8.564
0.400088801374491,24.3600509642671,75.2398602343584,22.64901301688182,2001,"Macao SAR, China",6.393,6.393
13.1483796241965,23.2568951887366,63.5947418333669,25.319152925755578,2004,Chile,10.162,10.162
6.95116452591906,23.8683615079927,69.180461061467,26.279097778491195,2004,Saudi Arabia,5.822,5.822
5.5038345905976,28.9193545432899,65.576837031862,26.28694234169764,2003,Austria,4.779,4.779
53.5608653360829,17.6625434977549,28.7765507548232,21.54229721549669,1997,Benin,1.099,1.099
23.7146726362287,18.9088611076501,57.3764662561213,26.725555009841997,2022,Philippines,2.598,2.598
42.8104478161898,9.36455996266151,47.8249922211486,21.89440093761309,2014,Liberia,2.079,2.079
34.6621495519737,16.119023973437,49.2188264745894,25.054796307618908,2005,Peru,4.87,4.87
27.9299495109637,19.1965657698968,52.8733871557843,22.135765726611094,1991,Jamaica,6.235,6.235
18.7419096004028,18.0311007037266,63.2269896958706,24.717106043098156,2007,Cuba,1.788,1.788
2.2038547650346,20.8002448994292,76.9959003355362,23.979194865511687,1998,Kuwait,0.7,0.7
45.7560801920068,19.2436007783431,35.0003190296501,22.77289229360548,2018,Tajikistan,11.437,11.437
52.2033943922467,12.2237819407029,35.5728236670505,21.89713593715356,1996,Albania,13.928,13.928
3.69245645293059,27.582341150162,68.7252023969074,28.37197201958138,2012,Italy,10.655,10.655
56.9788615087404,11.9633419810867,31.0577965101729,23.340068009298196,2021,Moldova,0.785,0.785
41.5782433294591,13.686776109219,44.7350769355314,22.166649095369337,2007,Mongolia,7.2,7.2
16.8372796994472,26.9917994239167,56.170920876636,25.52360925408903,2009,Ukraine,8.84,8.84
59.6751666913966,9.85569506367364,30.4691382449298,20.27662873821466,2005,Guinea-Bissau,3.174,3.174
2.58752314237412,19.2561002968825,78.1563765607434,28.65931902115439,2022,France,7.308,7.308
1.0685861731439,22.5328362279323,76.3985775989238,25.573793791162117,2005,Singapore,5.59,5.59
17.42073902505,18.704093235539,63.8751677394111,24.13213403919278,2010,Panama,5.845,5.845
83.3742482072039,2.06037232192149,14.5653794708746,21.103926622252697,1993,Chad,0.7,0.7
0.884356106991112,26.3210128085966,72.7946310844123,25.220781663657302,2001,Singapore,3.76,3.76
24.4506745398782,17.0265835435752,58.5227419165466,23.151175332053807,2015,Namibia,20.808,20.808
8.01885830577046,18.8982736330379,73.0824602258592,22.42927535858571,2018,Montenegro,15.19,15.19
24.1999809466595,32.8791940124617,42.9208250408788,24.43110022025093,2018,Turkmenistan,4.044,4.044
34.9751815000232,20.9541204929645,44.0706980070123,27.539480373252154,2013,Indonesia,4.336,4.336
69.4982987738332,6.0196924953457,24.4820087308211,19.948330167755515,2000,Bhutan,1.66,1.66
36.9997002238541,22.0099376474714,40.9903621286745,22.470219632328156,1997,Honduras,3.32,3.32
70.242828866506,8.57507143199195,21.1821396076428,22.892331493607088,2011,Lao PDR,1.055,1.055
39.7092719166847,13.0191043444949,47.2716237388203,24.538901614186415,2010,Kenya,2.796,2.796
16.7849958584783,19.5734232635191,63.6415808780026,21.769426265963382,2022,Belize,8.763,8.763
15.3894702180594,18.3008927264745,66.3096370554661,21.348339435095923,2007,Maldives,9.447,9.447
28.5228662520253,21.7381107368041,49.7390420168866,24.021107987356697,2002,Ecuador,4.836,4.836
36.4303071949023,25.517039744416,38.0526557470473,26.64989927523107,2022,Pakistan,5.485,5.485
22.3065462767992,30.030767912209,47.6626858109918,26.218254159416908,2018,Romania,4.187,4.187
36.1596976512344,20.1661711423148,43.6741532281241,23.88355014091259,2004,Guatemala,2.971,2.971
3.48961273763082,22.7557714214964,73.7546026130725,26.806882241947015,1998,Netherlands,4.394,4.394
4.9641117187537,27.9685264464658,67.0673339939045,26.357774778696335,1992,Switzerland,2.344,2.344
14.4374699329789,23.3935607444972,62.1689515379643,25.08432098318215,2000,Chile,10.491,10.491
16.5494649769272,18.7438195053017,64.706715517771,24.298073001776423,2011,Panama,4.03,4.03
30.8398258213724,13.3759607446914,55.7842134339363,21.931978339353027,2002,Namibia,21.5,21.5
14.243641231593,27.072907012666,58.6834517557409,23.143130525188667,2003,Latvia,12.061,12.061
2.34121197885042,19.3689032092221,78.2898848119275,24.35342298241438,2000,Kuwait,0.8,0.8
51.1475589395034,19.0490639542457,29.803377106251,20.538176288040166,1992,Lesotho,15.543,15.543
3.86384318578917,24.8648169044846,71.2713399097263,26.797226084277174,2020,Austria,5.201,5.201
43.5372406415372,25.2501216881502,31.2126376703126,20.46937597451211,2002,Lesotho,16.137,16.137
28.7825305664293,19.21977435426,51.9976950793108,23.163946070210372,2017,Mongolia,6.359,6.359
76.6807884813906,7.00140330854737,16.31772502639,20.731026770936392,1996,Central African Republic,5.488,5.488
3.61436521988029,21.9386075671783,74.4470272129414,27.296789744050233,2011,Switzerland,4.409,4.409
2.01135766229229,22.6090658940164,75.3796177412781,25.554234701356993,2002,Israel,12.888,12.888
12.5864376467097,27.7483961981494,59.6651661551409,26.546507260940455,2014,Malaysia,2.88,2.88
16.0353117765284,20.5713994962729,63.3958328033175,19.95123200461162,2001,St. Vincent and the Grenadines,21.1,21.1
2.61599128687915,32.781554702761,64.6024540103599,28.30721616595126,2001,Germany,7.773,7.773
70.2588887605287,7.74632695606437,21.9947714044584,22.514785820657863,1999,Uganda,3.468,3.468
64.9502045271495,7.52682044359696,27.5229750292536,22.94458386424727,2015,Malawi,4.954,4.954
5.03668461026635,31.52332927581,63.4399861139237,25.68845107544489,2017,Hungary,4.156,4.156
49.6460814375233,15.1076418373151,35.2462767251616,23.33475304675245,2019,Armenia,18.304,18.304
47.4676930100297,18.2949187936524,34.2374340315878,22.66809198409678,2016,Tajikistan,11.5,11.5
45.2375993481647,24.8832687203732,29.8791319314622,28.343542635589984,2014,India,7.674,7.674
10.5841451453808,31.4490651422188,57.9667897124004,26.88290996275567,2016,Poland,6.141,6.141
78.2005052498133,6.4015297499675,15.3979698080928,23.098617914003338,1992,Ethiopia,3.379,3.379
76.373320348872,7.15939280558332,16.4672868455447,20.832469664831848,1995,Central African Republic,5.51,5.51
5.8254464551258,19.5130917190642,74.66146182581,26.08458777264871,2019,New Zealand,4.109,4.109
55.923938601969,9.59546607458118,34.48049895537,19.505532120749958,1997,Liberia,2.256,2.256
2.59765475265907,23.374809590315,74.0275356570259,25.343889310692543,2006,Kuwait,1.3,1.3
4.75562533518405,26.7076873222814,68.536715086688,26.589268647832423,1995,Switzerland,3.094,3.094
1.97428529840552,18.604576370684,79.4211592144208,27.082372892794833,2014,Sweden,7.954,7.954
37.9627296530418,10.5878679652494,51.4494023817088,22.983233991289453,2005,Gabon,16.91,16.91
0.205769814826833,15.4896571448961,84.3045449449993,26.077949096867886,2007,"Hong Kong SAR, China",4.01,4.01
46.3125455842809,21.0247123832633,32.6627420324558,24.543729028135914,1991,Pakistan,0.611,0.611
11.7473718955628,32.479296297754,55.7733094436433,25.325317578691113,1994,Portugal,6.709,6.709
13.6699988790101,28.5059034987848,57.8240976222051,25.968815055041414,1991,Argentina,5.44,5.44
38.0056158038448,19.0329320465625,42.9614521495926,20.86266912805384,2014,Comoros,4.119,4.119
29.2028311406644,18.453369672856,52.3437991864795,22.704202975648148,1993,Paraguay,5.06,5.06
5.3566516647831,24.2984539323905,70.3448814156819,26.51008750825863,1991,Australia,9.586,9.586
31.2987921724813,23.6190708847929,45.0821311179684,24.937313323726812,1996,"Egypt, Arab Rep.",9.0,9.0
63.8648029863907,8.81163503584286,27.3235619777664,22.803940998992605,2005,Mali,1.379,1.379
4.53099865809131,25.7642448950257,69.7047328050809,26.662241894920896,2015,Austria,5.802,5.802
2.65651452338338,27.5464675884242,69.7970178881924,26.25550071241526,1997,Belgium,8.95,8.95
0.399925595238095,25.0804703674948,74.5196040372671,23.221422328882966,2005,"Macao SAR, China",4.158,4.158
10.1266538505032,25.9944306230917,63.8789155264051,22.6806783987476,1992,Iceland,4.305,4.305
15.9255402658178,26.9044474812896,57.1700122528926,24.689540640818507,2018,Serbia,12.733,12.733
63.3544913513138,11.7123163719211,24.933201621973,22.275559370029082,1997,Myanmar,0.769,0.769
14.5335869616703,33.133561895053,52.3328511432767,24.536036566640274,2007,Belarus,7.38,7.38
17.592273497868,20.88329560942,61.524430892712,26.85057050445938,2011,South Africa,24.639,24.639
8.30692286182102,26.956452233039,64.73662490514,27.399310423596535,2004,"Korea, Rep.",3.42,3.42
53.4133309495803,16.3213213077637,30.2653434429572,24.626062678787335,2010,Myanmar,0.727,0.727
45.1662421264443,18.1972319766022,36.6365258969536,22.978271259589942,2010,Benin,1.04,1.04
33.1090523107567,23.5146763276914,43.3762713615519,23.001252114451116,2005,Honduras,4.909,4.909
38.9389811214985,18.6186035791374,42.4423876300424,22.851242210888056,2000,Bolivia,2.447,2.447
10.551389610711,15.7237607345262,73.7260870641226,21.34769788575964,2021,St. Lucia,20.514,20.514
16.5501841581616,33.1129040632984,50.33691177854,23.864896244145786,2004,Belarus,9.452,9.452
19.5045218702092,20.2113696104528,60.2841200756522,25.809583323354826,2006,Colombia,11.091,11.091
0.951324687127428,35.0027287781866,64.0460636496296,24.423253577749506,2019,Bahrain,1.223,1.223
46.0427183323247,13.2425843234884,40.7146882055592,23.369014929882557,1998,Kenya,2.85,2.85
3.09617998390102,37.9871698487944,58.9166501673046,26.075923022125334,2010,Czechia,7.281,7.281
19.260732554718,19.1872984217133,61.5519491281114,25.01565492199693,2012,Cuba,3.46,3.46
1.35425450945327,44.3320491573941,54.3136963331527,25.695931753886853,2020,Qatar,0.14,0.14
66.9620913989777,8.91069790190627,24.1271239795272,20.82677324245147,2004,Eritrea,5.569,5.569
65.0423530007551,10.0276743011792,24.9299726980656,23.242352580705692,2002,Cameroon,6.709,6.709
5.59043872616572,18.5202074616021,75.8888526972514,22.144682100562964,2010,Montenegro,19.649,19.649
10.6152151158351,22.8253017731277,66.5594943418942,25.486690835023186,2000,"Venezuela, RB",13.99,13.99
0.382555470543229,13.9235477605791,85.6938967688776,22.167357297028477,2006,Guam,7.4,7.4
22.9859049033044,21.6418265570276,55.3722469094785,23.923183609745422,2020,Senegal,3.437,3.437
54.7027508378983,8.77232429119386,36.5249803884339,21.883776135446897,2004,Togo,4.015,4.015
30.6859511353335,15.0534081848862,54.2606406797803,22.155958933503857,2013,Fiji,4.357,4.357
6.97947242567362,26.4155136629873,66.6050746330285,24.751936841925474,2017,Croatia,11.208,11.208
2.27275350209237,19.9526360616839,77.7747258454302,24.12853378427853,1999,Kuwait,0.7,0.7
4.67526074161215,30.5031089000813,64.8216303583065,25.67293805155025,2014,Hungary,7.725,7.725
2.10705300136028,22.9734168597968,74.9195239388382,27.52069344729513,2003,Canada,7.574,7.574
26.0943853687406,34.9204864359214,38.985128195338,22.087566625855473,1997,North Macedonia,36.0,36.0
13.4627577966953,21.1661100023081,65.3711208866803,25.865410949192565,2020,Kazakhstan,4.89,4.89
62.3793328620264,10.2319619423524,27.3887051956212,22.58207690545186,1992,Ghana,4.7,4.7
38.0437778812178,21.2557964799687,40.7004824740135,22.25984666706002,1991,Honduras,4.58,4.58
51.9127001238345,17.7106825322279,30.376653948887,21.981724395155485,2000,Benin,0.864,0.864
1.68237970672288,28.7963872213134,69.5212304695622,28.877996172693095,2009,Germany,7.88,7.88
37.8827775732967,14.0745423059932,48.0426801207101,24.912205117469274,2011,Azerbaijan,5.42,5.42
58.5900584495692,11.2719504454268,30.137991105004,22.886045273702976,2016,Rwanda,11.801,11.801
4.35071758731932,31.266304627391,64.3829777852897,22.652395475251428,1991,Qatar,0.87,0.87
52.2863857013473,10.8103252869499,36.9032890117028,22.03803834335189,1998,Haiti,7.162,7.162
2.11688334622641,23.2298609084546,74.6532557453189,27.357438292418376,2002,Canada,7.665,7.665
40.8842873283954,14.2149325889439,44.9007800826607,24.19951129434964,2019,Sudan,11.658,11.658
22.0718466459235,16.2256032550752,61.7024141082269,23.25234313261652,2019,Namibia,19.921,19.921
37.7782513341703,15.9010394571997,46.32070920863,24.72654633961758,2002,Peru,4.84,4.84
3.42860257644857,20.532015059333,76.0393823642184,24.409455454886455,2016,Jordan,15.275,15.275
27.9547675244911,18.7604531495863,53.2847793259225,24.83642296136489,2008,Ecuador,3.917,3.917
44.0770144164168,12.4901048881852,43.432880695398,21.432557191410112,2019,Timor-Leste,3.097,3.097
6.74916040743792,31.1924800585221,62.05835953404,24.738821420509726,2009,Oman,3.993,3.993
40.1473915273076,7.92401168551215,51.9285503792687,21.923109076645357,2019,Liberia,3.068,3.068
3.25160265892204,20.8230891987691,75.9253501049696,26.572346093290037,2006,Norway,3.397,3.397
27.4635721547079,21.5812309389182,50.955196906374,23.95115663248741,1996,Ecuador,4.43,4.43
61.2566605837193,5.13330913148668,33.610030284794,20.478533251493356,2000,"Gambia, The",9.787,9.787
42.2680823205861,23.5931473170497,34.1387703623642,26.47147978453161,2016,Pakistan,2.285,2.285
15.8173684598697,25.6707027087514,58.5121831503508,22.148811962589814,1993,Botswana,18.759,18.759
33.4738647621582,22.170252406512,44.3558631159217,24.337587363305126,2009,Guatemala,3.208,3.208
15.3911914153031,23.7060860743552,60.9027225103417,21.991845910327974,2002,West Bank and Gaza,27.465,27.465
1.05884260885312,18.8682391968841,80.0729181942627,28.655216385602984,2013,United Kingdom,7.704,7.704
5.03977548039905,30.4380909491046,64.5221562236162,25.58295079804252,2016,Hungary,5.115,5.115
7.19650266139306,32.4630457794064,60.3404515592005,26.035180456092263,1994,Austria,3.535,3.535
5.56234907259929,33.2500642244258,61.1874839438936,24.59765343478188,2017,Slovenia,6.564,6.564
44.3208915576312,9.34183377194608,46.3368628274666,22.410205345421996,1991,Gabon,17.282,17.282
46.2771199048921,21.2983069740484,32.4245731210595,24.68013735919405,1994,Pakistan,0.617,0.617
46.3329895228272,10.6689828637606,42.9980276134122,18.70060562475827,1992,Samoa,2.44,2.44
5.10189166204037,22.1528360165838,72.7451984975372,23.815340023903147,2006,Lebanon,8.671,8.671
29.802679700552,22.2573098938733,47.9400104055747,25.163901033813318,1998,"Egypt, Arab Rep.",8.03,8.03
2.5277873184451,17.0473243073625,80.4248883741924,23.856434334390233,2017,Cyprus,11.155,11.155
44.9471204747787,14.3201498544081,40.7326239011858,21.0572748430004,2002,Mongolia,6.2,6.2
1.55582488804078,25.6203959187533,72.8229196214446,22.890970407694923,2015,New Caledonia,13.637,13.637
4.23061778775891,22.9946638172669,72.7747586558971,26.340498339118877,2011,Finland,7.781,7.781
36.753452488363,14.304236936242,48.9422878601614,25.043945989874672,2014,Azerbaijan,4.91,4.91
13.5486355422301,23.2999327946069,63.1514245309777,27.965430144434407,2007,Brazil,9.28,9.28
18.6887149406418,23.0001401373346,58.3111449220236,22.14097653441312,2014,Guyana,12.639,12.639
56.9065106997399,17.4676465147654,25.6258427854947,21.164946032000245,2003,Tajikistan,3.85,3.85
2.59867521014018,39.8179315376768,57.5833932521831,23.881703149094932,2003,Qatar,0.87,0.87
68.6983042223353,7.80113121754178,23.500564560123,22.611378014513214,2003,Uganda,3.6,3.6
70.0047447905476,7.72689265743037,22.268362552022,22.546725315704823,2000,Uganda,3.529,3.529
15.4077157694581,22.8444810611097,61.7478031694322,26.957275058166196,2002,Brazil,10.641,10.641
24.2932194598948,19.0643407027799,56.6424398373253,26.57213488363415,2018,Philippines,2.338,2.338
5.28623052467368,23.2869037543345,71.4268657209918,26.34166278112456,2008,Ireland,6.774,6.774
4.48108507651096,28.945367643907,66.5735472795821,29.21885043644776,2004,Japan,4.734,4.734
56.0243038683824,14.353659442866,29.6220366887516,20.997223132315693,1994,Armenia,6.6,6.6
12.5789110053285,30.4157799452657,57.0053090494059,26.93416436281162,2012,Poland,10.031,10.031
4.09612599345204,34.0435070124833,61.8602655696603,24.70079115147223,2020,Slovenia,4.971,4.971
9.19142927461729,20.9444737398028,69.864098080597,28.35543194434709,2017,Brazil,12.792,12.792
3.68178829717291,24.8679480185209,71.4502636843062,23.84381042678944,2008,Jordan,12.7,12.7
9.30650215835719,23.5736405926878,67.119857248955,28.52957293028942,2014,Brazil,6.755,6.755
1.36213629251745,21.0979922952522,77.5398714122303,22.569052981396478,2002,Brunei Darussalam,5.575,5.575
84.5124854814112,2.60410390114396,12.8834031370101,22.602804240382277,1994,Tanzania,3.847,3.847
70.0588954858675,8.11721551877697,21.8238889953555,24.741668946296894,2014,Ethiopia,2.359,2.359
6.3266029047113,19.714842366277,73.9585547290117,20.22155279769971,1994,Suriname,12.7,12.7
9.06917238375934,22.2246435592312,68.7061840570095,26.351911816363526,2019,Chile,7.493,7.493
24.2789246205563,33.7408760059679,41.9801993734758,22.03419960408088,2001,North Macedonia,30.52,30.52
2.75931253757794,20.5709056658902,76.6697817965319,26.49973836911954,2009,Denmark,6.409,6.409
77.2279535053003,8.77984029987525,13.9922061948244,21.947397552824622,1992,Nepal,10.493,10.493
45.184080828824,25.8025892704458,29.0133392555717,24.34101816632059,2000,Romania,6.969,6.969
10.1799132223351,28.6334126177677,61.1866741598972,24.104957521680305,2007,Latvia,6.052,6.052
31.2548790712357,18.4161238737522,50.3289970550121,23.60104568721489,2015,Senegal,6.757,6.757
68.3905137209826,9.29603070542774,22.3134375234652,23.12962868997151,1996,Cameroon,8.06,8.06
29.0443448658962,33.1345584294207,37.8210929820278,26.627195468511484,2021,Viet Nam,2.385,2.385
31.2231309111995,22.356281618044,46.4205874707564,20.247850449582607,1995,Guyana,11.643,11.643
26.2381308957962,26.4802498168684,47.2816192873354,23.333289942100286,2001,Serbia,12.8,12.8
8.05621727777509,23.9217352631648,68.0220474590601,24.0957937545855,2013,Latvia,11.867,11.867
14.2853366664527,25.0814713556909,60.633569597118,22.309752673845182,2012,Eswatini,25.128,25.128
57.5996382189249,8.09022096110524,34.3101195787137,25.63567659426579,2014,Angola,16.406,16.406
27.9812416702852,17.5200177925701,54.4987558861527,25.197587291622828,2012,Ecuador,3.235,3.235
21.0847448146628,27.8555363624053,51.0597225719195,27.568011675069478,2014,Turkiye,9.901,9.901
14.6375454266933,29.72902727144,55.633417721713,25.689840605216187,2005,Malaysia,3.53,3.53
1.71402994399859,20.1770573267297,78.1089072332255,28.221997066559595,2014,Canada,7.023,7.023
63.0621901757548,5.8596214511041,31.0770617395223,20.062378513345053,2007,Vanuatu,6.854,6.854
26.8145254500037,22.6978802619622,50.4875942880341,24.630591354503228,2010,Uzbekistan,5.36,5.36
54.873073626288,16.924395638648,28.2025906766809,21.763618110983504,2006,Tajikistan,3.13,3.13
57.462336778882,9.91003135836472,32.6274244661612,20.66151014939869,2010,Guinea-Bissau,3.137,3.137
53.1113292859671,5.63692587175326,41.2517448422796,19.24283868971851,1991,Solomon Islands,1.985,1.985
16.9993716691205,19.6551601323323,63.3454637520758,26.5350001212541,2018,Colombia,9.36,9.36
66.9940809615603,8.89787957818347,24.1080394602563,20.58428909505334,2003,Eritrea,5.679,5.679
69.1055213706888,11.4341318884535,19.4603467408577,22.570478447401776,2002,Zimbabwe,5.007,5.007
6.63690618149045,23.466658139794,69.8964250555353,26.976703802922845,2008,Saudi Arabia,5.085,5.085
6.7100463245194,30.8631269648257,62.4269353771324,23.503822728897372,2017,West Bank and Gaza,25.677,25.677
18.6121463353521,24.4254907008793,56.9623285455264,24.46629004404883,2016,Serbia,15.257,15.257
25.4978833407572,27.9378132781745,46.5643033810684,25.271336600124624,2018,Sri Lanka,4.318,4.318
22.0848137826906,19.4249556187263,58.4902674066061,24.421549168096256,2014,Paraguay,5.034,5.034
42.4684296876997,24.9213854498728,32.6101848624275,23.908550560016398,2015,Cambodia,0.393,0.393
45.3043988070456,15.6749454078902,39.0204858485356,21.43245744747529,1998,Mauritania,9.984,9.984
38.8310444231748,21.8227901129433,39.3461654638819,22.784830461227184,2002,Honduras,4.02,4.02
2.33418138037361,19.0482260926096,78.6175925270167,26.466851705519716,2016,Denmark,5.989,5.989
1.75268291033102,22.1366615939239,76.1106561981627,30.13386558344033,2004,United States,5.529,5.529
13.9272155415587,35.2089128295979,50.8638716288435,25.5431144694728,1998,Portugal,4.64,4.64
67.2297864564498,7.69434047615701,25.0758475101494,21.794972292087923,1998,Mali,1.35,1.35
1.94925452541707,25.1586587791191,72.8920444709052,25.93549165789464,2022,Kuwait,2.174,2.174
15.5664754341271,22.2866950203648,62.1468361109513,27.04804361063351,2003,Brazil,11.168,11.168
9.34285799524815,23.2111889441562,67.4459530605957,26.24210277088978,2016,Chile,6.673,6.673
9.97090547875507,20.6858362921512,69.343269256429,25.254720457075642,2002,"Venezuela, RB",16.17,16.17
1.54823719088603,15.6032908931408,82.8484719159731,22.0577404495998,2016,Virgin Islands (U.S.),12.515,12.515
49.4802843152564,13.6136768828741,36.9060271660095,24.241612607073648,2013,Cameroon,3.685,3.685
86.7292558368304,3.8768963376135,9.39384782555612,21.754634568950564,1998,Burkina Faso,2.44,2.44
4.62684243936093,23.9445977136362,71.4285598470028,26.25855385213568,2009,Finland,8.249,8.249
12.9180947878501,20.5791277626758,66.5027774494741,20.38681396448081,2009,St. Vincent and the Grenadines,19.386,19.386
39.8434475622375,17.5317165639157,42.6248358738468,23.182676735056134,2006,Senegal,2.77,2.77
18.1493588775234,16.8430316066573,65.0076095158194,25.296435935013783,2017,Cuba,1.7,1.7
4.75650472637348,30.6984751259917,64.5450185897397,29.106861735073437,2001,Japan,5.02,5.02
44.4535996123663,18.1437410061432,37.4026837303413,23.61659004808285,2018,Afghanistan,11.196,11.196
69.7624391422948,7.35293440604031,22.8846264516649,23.366383339838972,2007,Zambia,10.561,10.561
5.14434862761401,26.1042256032813,68.7514257691047,25.686888528110455,1993,Denmark,10.719,10.719
72.9503427808179,5.2187186948433,21.8309385243388,22.289633483079093,1992,Guinea,4.598,4.598
68.0669298904593,9.33657121892416,22.5965163612222,23.101835423450016,1997,Cameroon,7.864,7.864
42.1246488497456,23.055007212816,34.8203439374383,21.833230418796134,2002,"Congo, Rep.",19.664,19.664
9.71528936099707,18.3653571841355,71.9193534548674,24.985477753432935,2015,Dominican Republic,7.605,7.605
3.57388583096591,12.2014825994318,84.2240767045455,23.07228594205811,2013,"Bahamas, The",16.18,16.18
12.0083169241868,27.7832721316516,60.2084109441616,24.959396714788127,1995,Ireland,11.97,11.97
73.3328254916036,7.84866084865316,18.8185136597432,22.913529248253358,2003,"Congo, Dem. Rep.",3.053,3.053
37.5220764475842,17.567595979984,44.9103275724318,20.73601965368064,2016,Comoros,4.104,4.104
67.744053431629,8.13405899742374,24.1218875709472,19.292143555790066,1994,Timor-Leste,3.567,3.567
8.00436549474627,34.6344058154768,57.361228689777,27.91107744896323,1992,Italy,9.321,9.321
22.5430077785231,23.647379172704,53.8096130487729,24.175810097463387,1999,Ukraine,11.864,11.864
1.35198103986182,23.3750875924463,75.2729313676919,26.900289410668336,2010,Belgium,8.293,8.293
11.3358082176784,30.1682005940512,58.4959822805752,26.56817307685141,2002,Russian Federation,7.875,7.875
5.83703346389096,27.0787121792347,67.0842543568743,25.5870986206015,2001,Finland,10.29,10.29
68.0618116242486,9.30609348475738,22.6320807494348,23.753330014983607,2020,Mali,3.528,3.528
13.065234280643,24.5148961819179,62.4198695374391,27.9060505807165,2021,Mexico,4.019,4.019
8.92699231655552,19.0091712458449,72.0638594543286,25.048098945002675,2016,Dominican Republic,7.284,7.284
15.107942260752,39.5404409038737,45.3516168353743,23.66725652729696,1995,Bulgaria,11.1,11.1
33.5881515694667,15.0011234295228,51.4107296260807,25.332213242334685,2019,Kenya,5.014,5.014
10.2090171013992,19.6135527971769,70.1774301014239,20.57773897713758,2020,St. Vincent and the Grenadines,20.636,20.636
16.7489436472409,22.5452872024432,60.7057691503159,20.614601258881073,2002,Maldives,4.148,4.148
2.74853576537494,38.039491246971,59.2119528766129,26.074703432144588,2014,Czechia,6.108,6.108
1.24619665031112,54.5024415840731,44.2513128164563,25.805285678488023,2017,Qatar,0.14,0.14
18.8601955877394,22.9832011075023,58.1566033047584,23.49584768422506,2006,El Salvador,6.57,6.57
15.9999483069954,22.0975611475377,61.9024905454669,23.840465243133707,2019,Syrian Arab Republic,13.36,13.36
18.405470990514,25.3139201411869,56.2806088682991,21.16015757914772,1999,Eswatini,23.837,23.837
4.94788326791055,31.4002122323917,63.6519060482515,29.234110735717056,2000,Japan,4.748,4.748
18.2760912570346,17.752922869733,63.9708986494266,23.202337084752905,2006,Jamaica,6.605,6.605
17.8421832572403,25.1685325886777,56.9892841540821,21.082492739952293,2002,Eswatini,25.716,25.716
43.2368210040497,25.1798540083446,31.5833249876057,28.46166545254586,2016,India,7.601,7.601
1.4438410481855,24.8823377295061,73.6738212223084,22.889408900479044,2016,New Caledonia,12.714,12.714
48.6350745253273,11.9742684448091,39.3906570298637,21.716955044752645,1993,Georgia,5.4,5.4
21.998070326672,29.3539089763736,48.6480721000798,23.144491187010765,1993,Croatia,10.794,10.794
10.0573025527818,14.6368098447664,75.3058876024518,21.46298378990613,2019,St. Lucia,15.613,15.613
11.1394935622229,32.1296235715096,56.7308486109289,23.77466732118022,2003,Bulgaria,13.733,13.733
15.6023346764636,24.6425232414211,59.7551420821153,23.913980044997082,2000,Dominican Republic,6.432,6.432
31.77070485702,15.8811360630061,52.3481453682162,25.286211722736827,2020,Ecuador,6.127,6.127
59.3617083890892,9.88614547827728,30.7522038360047,22.976072699601374,2017,Moldova,1.586,1.586
2.05882699549504,19.6432883551261,78.2978846493789,27.03271524868195,2012,Sweden,7.976,7.976
7.00793396390826,30.115262050101,62.8768039859908,24.76773534444747,2014,Bulgaria,11.424,11.424
3.57656150100691,21.2502752633219,75.1731632356712,24.728806856418863,2018,Lebanon,10.745,10.745
20.0868875762964,25.2649555006122,54.6486260784709,20.97383771180515,1992,Eswatini,21.052,21.052
0.441621672232452,13.2033956493243,86.3549826784433,21.995551281734624,2003,Guam,9.697,9.697
0.411529348798047,25.9090523402672,73.6794183109347,23.76907403504303,2008,"Macao SAR, China",2.999,2.999
42.6888261552014,14.8369138626397,42.4742711412068,24.669241060536844,2015,Sudan,14.347,14.347
4.07014679512181,26.0339358314032,69.8959173734749,27.946106764911804,2001,France,8.61,8.61
10.305658249848,28.1968384436885,61.4975094406196,26.64694613102046,2021,Malaysia,4.64,4.64
2.09848507202185,16.1724449125956,81.7290811500559,27.558163930228297,2018,Netherlands,3.832,3.832
14.4853382733886,39.8349572435555,45.6794828896664,22.13296946393418,1995,Mauritius,9.59,9.59
1.8563215168559,24.4302468637766,73.7134544108604,26.87795864407749,2007,Belgium,7.459,7.459
2.43293905854697,28.5267348017775,69.0403261396755,22.381286496080953,1991,Bahrain,1.051,1.051
45.0215963509236,13.178026032485,41.8003776165913,23.011040869801086,2001,"Yemen, Rep.",11.724,11.724
6.18694118978931,34.4219806583659,59.3910781518448,24.708540569295447,2001,Hungary,5.671,5.671
20.1777761727736,20.092843437592,59.7293803896345,24.38675387715069,2017,Paraguay,6.138,6.138
14.0287173464817,35.7529881890805,50.2182944644378,26.596861134563422,1992,"Korea, Rep.",2.513,2.513
15.257369375824,24.6904491471145,60.0521814770615,25.23446559095792,2015,Ukraine,9.14,9.14
71.4426047404916,7.26575917704154,21.2916249474427,23.343915720271912,2020,Niger,0.594,0.594
10.1912716292445,22.7096972717982,67.0990310989573,25.30795615948331,1999,"Venezuela, RB",14.53,14.53
70.0156930405929,7.09778854731908,22.886500010305,22.587533581179457,2007,Malawi,4.888,4.888
19.1741810820758,25.4246411483254,55.4011777695988,21.194981646265877,1996,Eswatini,22.074,22.074
13.3093342454341,23.9484030898543,62.7422626647115,22.253010145709457,2019,Eswatini,28.138,28.138
19.5542843776249,17.8828507937183,62.5628648286568,21.111889928536538,2005,Belize,10.91,10.91
69.6809504141751,7.00670353046372,23.3123393775403,24.217559604951507,2018,Uganda,3.25,3.25
8.36641654523205,21.8109830172561,69.8226004375119,27.02585253323651,2012,Argentina,7.217,7.217
66.7247428650713,6.98472768341229,26.2905175281232,24.698730847566726,2017,Tanzania,2.303,2.303
42.2570628093978,17.740056695157,40.0028804954452,23.310753336886755,2014,Albania,18.055,18.055
59.1537970750892,10.4929924508448,30.353210474066,23.143843136775008,2018,Moldova,1.196,1.196
40.051761123406,16.7204842735614,43.2277546030327,22.08924964996658,2006,Mauritania,9.37,9.37
17.5350972916755,23.5084119283216,58.956490780003,26.98736759925595,1994,Brazil,6.578,6.578
35.6227854390458,22.1012482792499,42.2759662817043,23.113630742762396,2006,Honduras,3.574,3.574
9.15388276485926,32.1338422968926,58.7122749382481,27.124658468494566,2019,Poland,3.267,3.267
3.99526258819692,19.2499124626067,76.7548249491963,27.0305811856583,2022,Ireland,4.501,4.501
0.399873347905134,27.6413090106837,71.9588176414111,22.706687945245097,1997,"Macao SAR, China",3.261,3.261
11.1741270213265,19.6765877665807,69.1492852120928,20.48317391567361,2015,St. Vincent and the Grenadines,19.141,19.141
3.43405582302153,26.1349620021486,70.4309821748299,26.15568419151953,1994,Sweden,9.58,9.58
31.3490550623604,28.5687054082022,40.079516366211,19.514346231825506,2007,Tonga,1.181,1.181
22.5995552260257,37.6788498078347,39.7215949661396,23.512900542879187,1993,Belarus,8.5,8.5
85.5939222019675,3.13363697232709,11.2724408257054,21.669705053795564,2019,Burundi,1.043,1.043
19.7392164886794,27.7205101165509,52.5402733947698,24.24229925603974,2006,Syrian Arab Republic,8.17,8.17
41.7419896240584,13.3839255253654,44.8740848505762,21.951166765408356,2006,Mongolia,7.193,7.193
35.4251477347341,3.50595628927868,61.0688959759873,22.055484883662107,1998,Papua New Guinea,2.862,2.862
24.2463192196062,32.4101746196985,43.343499571223,25.288063482330763,1993,Poland,14.393,14.393
60.970293834812,10.9327285958296,28.0969775693585,23.76351788265098,2006,Cameroon,3.729,3.729
36.1845064647151,15.3126577351669,48.5027410998302,22.245805173786323,2009,Mongolia,5.86,5.86
21.5936027073005,21.2695120665334,57.1369267389931,23.73308738888268,2011,El Salvador,4.297,4.297
8.48164381631643,28.6063068078945,62.9119875819001,25.04970492120702,1998,United Arab Emirates,2.068,2.068
11.8108197542966,24.6791636725635,63.510155028778,22.993482685011017,2010,West Bank and Gaza,21.416,21.416
28.4099718888109,17.8397062610002,53.7503218501889,23.264790946766116,2019,Nicaragua,5.472,5.472
8.00502188742973,24.2494944781459,67.7454836344244,22.07791725856308,2009,Suriname,8.72,8.72
67.6587306960132,9.41027894142528,22.9309903625616,23.147904389136794,1998,Cameroon,7.702,7.702
54.5999570802954,11.6842964565363,33.7157464631683,22.665595637138324,2010,Moldova,2.937,2.937
1.52392265359516,22.3483595465071,76.1277177998978,22.437216190201198,1998,Brunei Darussalam,5.347,5.347
19.7142692308056,19.4926429859707,60.793056257442,24.410917035556995,2021,Paraguay,7.311,7.311
3.61393430869439,28.1202066595115,68.2657141905329,24.10678047782679,2014,Trinidad and Tobago,2.477,2.477
45.3955956245759,14.9364451138811,39.667959261543,23.983234467912595,2009,Ghana,5.348,5.348
19.8950065529555,32.9345547890943,47.1704340032013,26.580446113337686,2007,"Iran, Islamic Rep.",10.772,10.772
9.51878040902025,26.9796146003674,63.5016049906123,24.811125149983223,2014,Croatia,17.29,17.29
13.268379461572,24.0572015344408,62.6744190039872,22.258991901884833,2018,Eswatini,26.369,26.369
10.407916267602,27.3829494722446,62.2091297602696,27.028913700637705,2001,"Korea, Rep.",3.699,3.699
14.5174226869207,33.2665846964145,52.2160226791045,24.472576504041818,2020,Tunisia,17.656,17.656
8.73144095316781,20.4917034779706,70.7768565818982,28.299836639064182,2022,Brazil,9.231,9.231
80.6879305967046,3.31453580217567,15.9975453862826,23.37154139757796,2002,Tanzania,3.024,3.024
70.6333489290172,2.12777401206095,27.2388770589219,20.474781385210207,1991,Sierra Leone,4.085,4.085
8.35870351158477,19.199157471156,72.4421390172593,24.902940296018397,2018,Uruguay,8.336,8.336
4.82314712036043,26.5070376512921,68.6698109480454,28.100330264432866,1996,France,12.367,12.367
3.99291553485131,31.7265319026757,64.2802299547704,22.81979947042195,1995,Qatar,0.87,0.87
36.190744246996,20.6280468809377,43.1812088720663,23.44728489165824,2020,Albania,11.69,11.69
17.4357945248764,18.1919400223737,64.3722654527499,23.179490462096858,1999,Panama,6.232,6.232
36.1991298450941,28.5259179677083,35.2748759914966,21.61949696395894,1997,Turkmenistan,11.0,11.0
42.4957304422875,21.7126623421628,35.7916016710296,25.918529790275798,1993,Turkiye,8.962,8.962
11.321156894875,17.2881446251815,71.3906984799435,21.282415908558637,2014,St. Lucia,21.597,21.597
19.7472141872497,24.3293156671397,55.9234701456105,23.26204418633894,2002,El Salvador,6.2,6.2
39.6000694870813,27.1998185748046,33.2001101903835,29.17161180652319,2008,China,4.59,4.59
54.9959067861718,12.2801808800688,32.7239102349445,24.72556969613975,2002,Bangladesh,3.966,3.966
60.374870211092,15.6717030101651,23.9534267787428,21.001048760996056,1998,Tajikistan,4.65,4.65
14.8457179228196,38.147337171954,47.0069756240216,23.23245565279946,1996,Bulgaria,12.5,12.5
51.8790482539526,10.0381060549945,38.0828456910529,21.164184053611844,2018,Guinea-Bissau,3.127,3.127
4.07869165517486,24.1338464085789,71.7874619362462,26.59276187140345,1993,Netherlands,6.287,6.287
32.0956456387717,23.4849391757728,44.4194151854555,25.521974806229863,2020,Morocco,11.223,11.223
18.1892042857868,30.1291491054351,51.6816466087781,23.0741292268086,2011,North Macedonia,31.502,31.502
33.6332248092507,15.281471227091,51.0852948354218,25.3349895590441,2020,Kenya,5.619,5.619
8.7442222406808,19.7347835943799,71.5209941649393,24.897745378961496,2017,Uruguay,7.89,7.89
0.227346157382509,14.0483590857048,85.7242947569127,26.55594942883979,2017,"Hong Kong SAR, China",3.124,3.124
6.72443056533405,27.5162152932849,65.7593541413811,28.35335887069776,2014,Russian Federation,5.212,5.212
6.87052116853752,20.961514954656,72.1680096580007,25.71293556496559,2010,New Zealand,6.557,6.557
66.6871746568711,7.92759784185154,25.3852066809827,23.672483068556947,2013,Zimbabwe,4.943,4.943
1.3005247930685,23.2336846489351,75.4657683096893,26.990839463987115,2011,Belgium,7.14,7.14
15.2644133531747,25.9142492210158,58.8213374258096,22.27731769589559,1995,Botswana,21.394,21.394
3.85822650273793,30.1482369550359,65.9935365422262,24.02116313450685,2014,Estonia,7.352,7.352
44.0378873761785,12.5070933939363,43.4550268032405,23.42493020198605,2003,Kenya,2.873,2.873
67.8985062598784,5.65467846741849,26.4468152727031,22.560941221000125,2007,Guinea,4.818,4.818
4.71243219873565,40.387461153407,54.9001066478573,24.94476133669276,2001,Czechia,8.128,8.128
17.7421772531385,16.0304968905306,66.2273258563309,23.305038267271048,2010,Jamaica,7.63,7.63
66.6459242327674,7.82870473554979,25.5253710316829,23.229781850374028,2008,Mali,1.424,1.424
52.7872572207684,9.28375777926616,37.9289849999655,21.89248018349084,2001,Georgia,11.16,11.16
41.5553021316013,14.7630376793357,43.681660189063,21.38082789588618,1997,Moldova,7.9,7.9
0.400183290056514,26.9492388371264,72.6505778728171,22.63986371864406,1998,"Macao SAR, China",4.607,4.607
1.62706737571352,15.9633117041518,82.4071815387618,21.994429891093176,2014,Virgin Islands (U.S.),12.64,12.64
2.59024256753565,23.4685079194241,73.9412405085321,29.556518477292112,1993,United States,6.9,6.9
14.188696847837,26.144751323945,59.6665518282179,24.367957067850412,2000,Libya,19.201,19.201
68.2944944447058,7.95821934842079,23.7472862068734,19.19501336824499,1993,Timor-Leste,3.556,3.556
26.1673243079745,23.5961908980781,50.2364847939474,24.93233156392168,2019,Uzbekistan,4.932,4.932
15.4709282912854,26.2674812822974,58.2616950969197,22.826288244265456,2001,Latvia,13.821,13.821
57.8611372720135,7.95686313997958,34.1819995880069,21.53047808935232,1998,Togo,3.826,3.826
10.1814739899929,26.8653390687139,62.9531869412932,26.226264441013072,2011,Portugal,12.682,12.682
43.3299517500336,18.0046423956657,38.6654048270675,26.271706993844553,2004,Indonesia,7.303,7.303
1.48703182808778,23.4744365284505,75.0385316434617,26.90744467793737,2009,Belgium,7.908,7.908
15.0080331871992,29.0024122884567,55.9895608278494,26.000906548942567,1999,Russian Federation,13.036,13.036
8.57528072676325,28.6068940563903,62.8178252168464,25.0906737423579,1997,United Arab Emirates,1.904,1.904
3.41194726778349,21.9990301029602,74.5890127785856,27.34122689816164,2006,Australia,4.785,4.785
33.9672522599352,14.4755244755245,51.5572232645403,20.167352991109137,2007,Samoa,5.426,5.426
9.17004764617419,39.2820050876194,51.5479924413029,24.049905929434132,1997,Slovak Republic,11.894,11.894
42.0826539021268,11.7563515859239,46.1609945119492,19.358373064335886,1999,Samoa,4.49,4.49
1.67149268466609,19.8687656243458,78.4597416909881,26.086449085983414,2009,Israel,9.534,9.534
68.1495616071495,7.45727809123755,24.393160301613,23.256338496607516,2009,Mali,1.423,1.423
13.6828975699785,22.5762227007075,63.7409104890803,24.30058673732386,2005,Dominican Republic,6.587,6.587
4.50164476340711,20.778288046258,74.7199595135161,22.658765343844994,1996,Jordan,13.7,13.7
1.63857357089548,33.492238374085,64.8691718550969,26.690736837389803,2017,United Arab Emirates,2.462,2.462
10.2484213268419,31.6300530990777,58.1215255740804,24.756705620797284,2015,Belarus,5.881,5.881
53.7855505938793,11.8356915083434,34.3787578977772,23.12117440670306,1995,Cote d'Ivoire,4.1,4.1
48.9478327575087,16.7036909554616,34.3484762870297,20.889571660364105,1997,Mongolia,5.613,5.613
7.50472455615789,18.4346414217143,74.0606340221278,22.285611485034618,2020,Montenegro,17.878,17.878
4.60904209304201,31.1569303950328,64.2340275119252,25.596992163320508,2009,Hungary,10.03,10.03
14.7389267921356,19.2800497633966,65.9810234444678,23.80138117590676,2007,Panama,5.694,5.694
38.308897711197,24.3315008564662,37.3596028932849,26.49442490401472,2019,Pakistan,4.83,4.83
65.8299155793624,11.9938504794042,22.1762339412334,22.341999110405123,2003,Cambodia,0.909,0.909
21.0126531114309,34.4790737003259,44.5082731882433,23.371607470659672,1997,Belarus,17.1,17.1
7.9606727964721,18.9172299296433,73.1220972738846,24.292992657362547,2005,Oman,4.626,4.626
79.0403355312851,8.29315561632507,12.6665088523898,21.551956907352057,1997,Niger,1.502,1.502
56.7226890756302,13.7454481097029,29.5318628146669,23.242264101620947,2009,Afghanistan,7.754,7.754
29.2391067928481,23.572401559109,47.1884916480428,26.18705388244944,2011,"Egypt, Arab Rep.",11.849,11.849
17.6410206824867,18.0604201073448,64.2985592101685,23.272679761148222,2007,Jamaica,6.606,6.606
56.3422043548651,7.08074873119531,36.5779564513488,20.448421252803858,2015,Vanuatu,5.254,5.254
14.6177326987869,17.4072151798517,67.9750521213614,21.54377059878602,2008,Maldives,10.242,10.242
4.36033765309279,46.2252674258426,49.4143540568185,25.239668760806182,2018,Oman,1.8,1.8
24.780701754386,21.2438146648673,53.9726720647773,19.356105764656373,1991,St. Vincent and the Grenadines,19.77,19.77
1.73921587365385,19.3707404278191,78.890043698527,30.342330732692997,2010,United States,9.633,9.633
62.7993469675118,9.11429325756528,28.0863956953018,23.62147574561177,2018,Lao PDR,2.9,2.9
48.8215842071602,14.0158868073407,37.1625289854991,21.94946639954538,2006,Moldova,4.2,4.2
88.6118731244352,3.43709438278306,7.95100940535564,21.590163773143072,1995,Burkina Faso,2.533,2.533
6.34446162825133,33.7537689399515,59.9019426168609,22.555882247876323,2001,Estonia,13.134,13.134
3.49381785372977,17.8258314586066,78.6809442686785,23.00933529466419,2005,"Bahamas, The",10.2,10.2
2.92551150831592,38.0254675781351,59.0490407914589,25.96558252337874,2015,Czechia,5.048,5.048
60.2765576583096,9.02589630701125,30.6975460346792,24.304254937140126,2014,"Congo, Dem. Rep.",4.436,4.436
70.4925329682624,8.03304405151735,21.4744229802202,19.963706842008854,1993,Eritrea,5.33,5.33
37.8432896823302,11.52197144995,50.6347388677198,22.011089690051318,2021,Timor-Leste,2.344,2.344
44.018451921791,22.7436718774038,33.2378762008051,26.200809677050792,2015,Viet Nam,1.848,1.848
7.29422473797474,24.9215121935162,67.7842467728988,25.71216981836813,1998,Saudi Arabia,4.771,4.771
30.0006470459498,18.061640642098,51.937693281189,24.32412914965701,2020,Bolivia,7.903,7.903
12.5795937783018,27.8372727040308,59.5830560447112,24.768028903150405,1994,Ireland,14.544,14.544
65.9020621198223,8.67127620140857,25.4266403264681,23.56320725633671,2012,Zimbabwe,5.061,5.061
71.1739941178424,8.52305503134033,20.3029508508172,23.43247263252497,2018,Mozambique,3.604,3.604
3.42680838382865,23.1973052447754,73.3758826025497,28.60777341138189,2007,France,8.008,8.008
20.7710290679723,17.7418287680296,61.4871421639981,21.060345032901964,2004,Belize,10.584,10.584
1.72512056115739,17.5032880315651,80.7693993862341,22.163811613135017,2011,Virgin Islands (U.S.),12.041,12.041
45.3632232116109,16.9344815057972,37.7022952825919,20.626732301308937,2010,Comoros,4.248,4.248
18.1092550475344,15.4897655085876,66.400979443878,23.418371724505146,2012,Jamaica,8.695,8.695
27.9673738850821,15.4925355549473,56.5400905599706,24.422472616116618,2013,"Yemen, Rep.",13.673,13.673
13.5554123979136,23.8953194378061,62.5492681642803,22.139269796192465,2020,Eswatini,32.944,32.944
1.72110023385995,24.9192754931024,73.3596242730377,26.48557670966493,2003,Belgium,7.68,7.68
3.14789630686643,24.0472962410101,72.8048074521235,29.251214580557342,2020,Japan,2.809,2.809
36.0557680662837,15.5523391769681,48.3918927567482,20.901428366996846,2019,Comoros,3.934,3.934
40.178719365928,21.7605562324055,38.0607291424344,26.269988698916386,1999,Turkiye,7.687,7.687
22.9322930333216,19.1290499713467,57.9386569953316,24.373953224371867,2013,Paraguay,4.385,4.385
61.4848426736871,15.4685360002979,23.0466258687093,26.753632689775806,1997,India,7.61,7.61
78.9649207172679,4.09366725623662,16.9414231093319,22.975592419761508,2006,Mozambique,3.039,3.039
41.7728744797181,21.707779438378,36.5193460819038,25.18857507846767,2007,Morocco,9.56,9.56
48.0762679036927,14.5176948886374,37.4060293368121,24.9642472239921,2005,Bangladesh,4.25,4.25
48.0871172148407,10.6016580198982,41.3112247652611,23.243129955945612,2010,Georgia,20.203,20.203
37.5484717153285,27.7315237226277,34.7200045620438,19.093579232536545,1994,Tonga,1.705,1.705
30.6039706655173,30.7071352255825,38.6889052521882,25.527481420081305,2006,Romania,7.27,7.27
27.3495581165392,7.02045238824081,65.6300335404192,23.175946810190553,2009,Papua New Guinea,2.089,2.089
59.3242042294571,14.3386814719963,26.3361587049796,19.803122187131027,1995,Comoros,4.681,4.681
53.5830383112012,11.0826647756348,35.334296913164,21.353608335500923,1993,Haiti,7.595,7.595
49.7485463869218,14.3427556940054,35.9086429204698,22.524121187806383,2008,Moldova,2.073,2.073
43.8650446680803,21.3572751702527,34.777680161667,24.557682451866807,1999,Morocco,13.94,13.94
12.3754074514637,30.984272150668,56.6403203978684,26.703510641822447,1995,Russian Federation,9.449,9.449
1.83160878203713,4.75847973622555,93.4106236157894,20.77120867626125,2009,Djibouti,26.33,26.33
10.0260699461921,23.6555397742863,66.3183924637299,28.536380127910324,2013,Brazil,7.071,7.071
20.678020801244,22.1390954832842,57.1828837154718,19.690483234949085,1994,Maldives,0.791,0.791
26.8039823790694,36.2895511293359,36.9064664915947,22.32038326519495,1991,North Macedonia,24.5,24.5
62.9621985981822,14.7583393251854,22.2794726636474,26.355536731485934,1993,India,7.75,7.75
74.5469535526584,6.59073087936793,18.8623155679737,21.41311151829976,2008,Central African Republic,5.139,5.139
16.2859206151964,22.4188228252454,61.2952565595581,23.432224269674514,2000,Costa Rica,5.08,5.08
27.7032338805973,18.1763456020531,54.1204205173496,23.472750485188158,2022,Nicaragua,4.961,4.961
54.52854646903,14.7355111262494,30.7359424047205,23.803589828778918,2014,Equatorial Guinea,7.845,7.845
49.525410787648,11.0607471485328,39.4138420638192,24.082254532322356,2007,Cote d'Ivoire,6.272,6.272
1.7275073634586,18.3127900641643,79.9597025723771,27.024322448097287,2020,Sweden,8.291,8.291
87.7142984823979,2.76350667464263,9.5221948429595,21.399268623416102,2002,Rwanda,11.499,11.499
48.4124387969835,11.1917335912942,40.3958276117223,21.714193657156425,1995,Georgia,7.6,7.6
16.6108539965634,25.230253393703,58.1584745372983,21.87955330395582,2005,Eswatini,27.204,27.204
39.5514643829124,19.3556327579398,41.0929280283667,23.250421073182856,2013,Benin,2.099,2.099
12.9929489144673,19.6204119171706,67.3866391683621,21.060814558156476,2009,St. Lucia,15.37,15.37
2.03330506716489,19.1594976649779,78.8071972678572,27.093386173131524,2013,Sweden,8.052,8.052
32.5720469688133,31.0620287279663,36.3659243032204,25.04040264682025,2004,Romania,7.719,7.719
0.269647223192455,14.3681453021306,85.3608103388055,22.48095132601316,2015,Guam,6.9,6.9
70.9152758584033,5.51761099890153,23.5675560752631,19.6797923108332,1997,Bhutan,1.393,1.393
3.23848651059468,37.5408155826111,59.2206550220213,25.2742373993102,2012,Slovak Republic,13.966,13.966
47.3061268582341,10.7860048461026,41.9079263745531,21.415412517673275,2010,Liberia,2.266,2.266
11.0133137160938,22.2379947430108,66.7486915408954,26.31825009877227,2006,Greece,8.906,8.906
0.919572762405431,20.8365633061819,78.2438639314126,27.0087542008319,2019,Belgium,5.364,5.364
26.6496054236456,19.0807151878868,54.2696793884676,25.293537429560658,2013,Ecuador,3.083,3.083
35.0139180821451,29.3018235528035,35.6842583650514,19.109863669736885,1999,Tonga,3.712,3.712
3.98685415656484,24.1872743925435,71.8258714508917,22.497371894081844,2004,New Caledonia,16.31,16.31
51.7371074162749,16.1136901740801,32.149202409645,22.59856286220831,2011,Tajikistan,11.557,11.557
22.1374944592199,16.2973736702128,61.5651318705674,23.082585505212077,2020,Namibia,21.004,21.004
14.4969275923096,20.1382858273516,65.3647865803388,20.252201078958052,2000,Maldives,1.97,1.97
67.2532582918822,8.32061724235879,24.426124465759,19.386979568496034,1995,Timor-Leste,3.52,3.52
63.9115634533922,5.4375670222456,30.6508223048145,22.173193458279023,2010,Sierra Leone,4.413,4.413
87.9765284258383,3.57348734514526,8.45000688847558,21.67359100894477,1996,Burkina Faso,2.451,2.451
7.97553823930571,25.1374013731505,66.8870603875438,24.483785471072657,2016,Lithuania,7.862,7.862
2.11112122367871,29.9307155533285,67.9581593940863,27.796246978586133,1992,United Kingdom,9.772,9.772
19.4381984731359,32.2987253739985,48.2630761528656,24.260643816534227,2006,Tunisia,12.51,12.51
31.6921229130982,22.9063045586809,45.4015725282209,25.815899966214896,2008,"Egypt, Arab Rep.",8.517,8.517
64.4913008085896,15.7552305796929,19.7534686117176,23.92292253121991,2016,Nepal,10.742,10.742
25.8406801007557,34.6512446288339,39.5078900577863,22.049211560217877,1998,North Macedonia,34.5,34.5
39.2645023389456,14.9546826401638,45.7809072324275,21.306728889823024,1996,Somalia,19.651,19.651
67.5299473081987,5.96136397085969,26.50863916597,21.906126582171368,2006,Sierra Leone,3.889,3.889
3.66820580136137,25.3380140833393,70.9937434284721,25.823399407283592,2000,Denmark,4.476,4.476
16.3571952113364,24.4150004922857,59.2276219683406,22.24999582672476,2004,West Bank and Gaza,23.215,23.215
0.438729680719085,20.649466115317,78.9118374284759,26.355754577630012,2011,Singapore,3.89,3.89
1.95407647866701,20.285225596963,77.760703745063,27.949202185993556,2009,Canada,8.46,8.46
57.7797144394341,11.3711994317389,30.8490275210431,23.168282890334197,2020,Moldova,1.186,1.186
6.99996209958517,13.7541827998137,79.2458551006011,23.86160555116345,2002,Oman,4.328,4.328
24.8549883990719,15.2729440577468,59.8720675431812,20.52986371640674,2015,Samoa,8.9,8.9
39.1912951863727,11.7824217318821,49.0262830817452,21.889098666610124,2022,Timor-Leste,1.537,1.537
29.6328153208937,21.297354520525,49.0698354474987,25.32682015773799,2000,"Egypt, Arab Rep.",8.98,8.98
27.1006489524986,26.3913700013179,46.5079689881278,25.200605051110326,2016,Sri Lanka,4.242,4.242
20.8043226954148,24.2626514144052,54.93302589018,24.931238952684904,2004,Ukraine,8.59,8.59
37.6746376432421,13.4093802870947,48.9159820696632,19.624932077741647,2003,Samoa,5.037,5.037
65.2634478310817,8.35754545951855,26.3790067093998,23.054364887607832,2007,Mali,1.405,1.405
2.5475612943637,36.8202851320973,60.6321340967707,26.39649533505957,2021,Czechia,2.803,2.803
26.2264540255766,17.3136616729446,56.4598843014788,23.096386661564676,2008,Botswana,16.328,16.328
16.8606372990718,15.704374893668,67.4343576915079,21.593847653145623,2019,Belize,9.053,9.053
4.55564716851733,17.6061276228491,77.8382252086335,21.889380999027683,2003,Barbados,11.0,11.0
51.0756789868737,10.1477369236749,38.7764241490772,21.186224695330868,2019,Guinea-Bissau,2.413,2.413
1.69572111500928,21.126660019685,77.177585192653,26.122476219607847,2008,Israel,7.704,7.704
10.1228501228501,19.5787995787996,70.3006903006903,20.629484119178258,2019,St. Vincent and the Grenadines,19.235,19.235
15.9278312797782,20.1473297719237,63.9248434182006,26.486965650338096,2021,Colombia,13.898,13.898
43.4367755988557,9.80400138187428,46.7592752048545,21.87926554502699,2013,Liberia,2.08,2.08
8.26815670777107,27.4978043914234,64.2340389008056,27.832038396823965,2009,Russian Federation,8.301,8.301
50.1720769534295,10.800074425528,39.0278486210425,22.756498390336343,2006,Haiti,15.908,15.908
29.3458012200022,14.076667387841,56.5775313921568,22.417854716722175,2019,Fiji,4.373,4.373
12.7928027202317,17.4453749763869,69.7618223033814,21.674219238971247,2010,Maldives,10.881,10.881
51.5466356313645,10.6997421548701,37.7536222137654,20.588590934763975,2000,Liberia,2.231,2.231
2.29228450552053,16.227457568605,81.4802579258745,27.527388552897502,2014,Netherlands,7.419,7.419
38.4637495640443,14.6122772793298,46.923973156626,22.450169687485513,2008,Mongolia,5.565,5.565
33.6087520868775,23.4120993049864,42.979148608136,26.474553752922166,2003,Turkiye,10.542,10.542
60.514120660709,11.2739820384305,28.2118973008605,22.418217689195092,1994,Ghana,5.896,5.896
17.3715183173426,22.9890990177405,59.6394059461723,25.644205222694147,1999,Greece,12.138,12.138
2.06319310659132,19.4047171871918,78.5320897062169,26.719084080539705,2017,Norway,4.164,4.164
31.5442972285355,16.999570596314,51.4561321751505,23.119613389935996,2013,Nicaragua,5.28,5.28
30.2210585674228,34.4029896006597,35.3759518319175,21.442908818531876,2020,Lesotho,18.399,18.399
17.9777553083923,29.7862424165824,52.2361602628918,22.96416027792354,2009,North Macedonia,32.351,32.351
50.097421997454,15.502975855427,34.399602147119,22.988969548495543,2018,Rwanda,10.759,10.759
4.93914091700159,25.1977300438017,69.8631142610284,28.036272750526603,2016,"Korea, Rep.",3.65,3.65
26.4539396385446,18.9638131784484,54.5822471830071,25.98401873402603,2011,Kazakhstan,5.39,5.39
25.4648579568935,22.8538403428499,51.6812765778918,24.07135518235356,1994,Cuba,8.801,8.801
19.4434051241347,15.0394895230536,65.5169858143735,23.42866262832841,2020,Botswana,21.017,21.017
57.371855384141,9.09219753343646,33.5359470824226,23.872091136161163,2019,Zambia,5.542,5.542
63.9683025621703,5.4340146948003,30.5976827430294,19.900826465716218,2006,Vanuatu,8.006,8.006
41.1886043001718,20.5025736413675,38.3088220584607,23.29587196461282,1993,Uzbekistan,4.9,4.9
3.52607235518052,29.9635071894474,66.5104204553721,24.03634074895199,2017,Estonia,5.807,5.807
14.4212066381433,27.2954591507454,58.2833342111112,25.17460180469992,1997,Chile,7.136,7.136
7.95128639497793,28.4625582857888,63.5861553192333,25.33050997511722,2000,Ireland,4.318,4.318
8.89849474039934,39.5353090689464,51.5662411291424,24.062509474074567,1996,Slovak Republic,11.341,11.341
37.5914067955684,22.6617820175278,39.7468111869038,26.03031062753395,2001,Turkiye,8.381,8.381
67.9081868640148,7.56422924901186,24.5275838869733,21.71544511817853,1997,Mali,1.414,1.414
4.4132406512527,30.8415731172404,64.7451862315069,23.63394995578574,2006,Trinidad and Tobago,6.27,6.27
9.9672485915529,7.46387360925982,82.5688777991873,23.281913495859797,1991,Oman,4.055,4.055
27.2692535587962,21.912055694074,50.8187133973095,23.919195784964803,1995,Ecuador,4.417,4.417
18.9669824298024,11.3628536201808,69.6701639500168,23.98556175760172,2021,Papua New Guinea,3.003,3.003
15.6121202112549,27.4283212452545,56.9595585434905,24.709741066198642,2019,Serbia,10.395,10.395
2.39688552315706,24.3543581467098,73.2488167537875,25.76047315561923,2011,Kuwait,2.053,2.053
51.8596447226131,12.7504743552323,35.3898809221545,22.567988123246987,1995,Senegal,2.853,2.853
37.4589261450047,3.20115233873947,59.3398601432936,22.054944273795517,1991,Papua New Guinea,2.799,2.799
30.7900320930918,22.0176763295734,47.1922891745518,27.646519142849954,2017,Indonesia,3.783,3.783
1.1445964584093,9.37617907703039,89.4792244645603,25.182100256755973,2021,Luxembourg,5.571,5.571
2.68423962237788,29.0204363066418,68.2953240709803,24.339697253403926,2021,Estonia,6.178,6.178
55.3807725459369,12.6796857383105,31.9395417157525,23.399160376917127,2022,Moldova,0.897,0.897
26.6104336790995,35.5023035753697,37.8870903222247,21.99291644345943,1994,North Macedonia,30.0,30.0
4.12388634672252,19.904070686376,75.9720485381624,27.81846683637139,2015,Spain,22.057,22.057
26.1915705505046,19.6595292793604,54.1489139150875,25.30013487692202,2015,Ecuador,3.616,3.616
4.83689815557951,25.7513261788469,69.4117756655736,26.806753396765078,2014,Austria,5.674,5.674
5.38196750394521,23.0276522050894,71.5904267324774,25.820201811474192,1996,Norway,5.036,5.036
56.0762877915277,13.9370536074133,29.986658601059,21.1913732615551,1996,Armenia,9.3,9.3
39.4103688493189,20.7665812180573,39.8230499326238,26.49583639194327,2018,Bangladesh,4.407,4.407
62.9135436521367,7.85512585282434,29.2313304950389,23.18876143866371,2020,Malawi,5.728,5.728
52.3839089528943,12.9802491230171,34.6359239425969,23.26026659829931,2020,Armenia,18.175,18.175
54.263251767655,15.7904537656667,29.9462944666783,21.45075170354545,1991,Armenia,1.783,1.783
2.82082019861179,17.659725613817,79.5194541875712,22.28988192340466,2008,Barbados,8.12,8.12
40.9453931221481,12.7295368248116,46.3250700530403,24.30386811855926,2008,Kenya,2.756,2.756
70.7857751190048,7.471404396395,21.7428099324249,22.946723494383853,2005,Uganda,1.9,1.9
70.8501635224755,6.8173724696784,22.3324640078461,22.551214219804326,2004,Zambia,15.33,15.33
20.9260936085178,15.9256252536922,63.149842320542,20.63219218414654,2019,Samoa,7.838,7.838
25.5395350013062,19.3824010793977,55.0780522152091,26.06079703617593,2012,Kazakhstan,5.29,5.29
16.653990094919,32.3979857068137,50.9480202177653,26.711927036766287,2018,"Iran, Islamic Rep.",12.195,12.195
11.2767395576556,27.4959537636461,61.2273000669309,26.488798869233293,2017,Malaysia,3.41,3.41
37.094656680288,16.2282302243016,46.6771130954103,25.15014379800393,2000,Philippines,3.767,3.767
15.9034482343124,33.665924625038,50.4306271406495,25.328489254546344,1997,Malaysia,2.45,2.45
48.2693279813844,11.2338816274998,40.4967903911157,24.24629178601671,2009,Cote d'Ivoire,6.571,6.571
8.0080184882441,27.7153167725489,64.276664739207,25.359767018779962,1994,Finland,16.426,16.426
65.4628882489531,9.27972678526042,25.2574096419732,23.878542018260823,2011,Zambia,10.545,10.545
61.4252578443558,15.8406652711454,22.7340768844988,23.425117462092775,2011,South Sudan,12.635,12.635
44.367604287576,20.558706252946,35.073689459478,25.875901792599233,2014,Bangladesh,4.416,4.416
36.9771699948504,28.1140928076901,34.9087371974595,19.157230586637272,1995,Tonga,2.003,2.003
56.8247126436782,14.2291499599038,28.9461373964181,19.86986699479764,2002,Comoros,4.369,4.369
71.0360585781885,6.95356082605068,22.0103805957608,22.484270477703255,2006,Malawi,4.96,4.96
4.8482340902712,32.4234989481353,62.7282669615935,25.805816693618507,2018,Hungary,3.708,3.708
49.2274448949625,7.93912999949942,42.8342593983081,20.657688129238814,2019,Vanuatu,5.444,5.444
34.1114448583427,18.4100488727466,47.4785062689106,22.20258902548686,1997,Nicaragua,7.079,7.079
19.1720402718754,21.4912927486493,59.3380075878434,19.92560739990023,1996,Maldives,1.013,1.013
23.7371588353292,20.9184851984682,55.3443559662027,20.825435580516412,2006,Cabo Verde,13.397,13.397
30.1868255136587,12.7548662557689,57.0583313259593,24.471462943275167,2015,"Yemen, Rep.",17.9,17.9
10.4281377386486,27.0329810860358,62.5388811753156,26.107772258067655,2012,Iraq,7.965,7.965
3.87372024626564,24.2477840175591,71.878499610372,28.377610621243303,2004,France,8.914,8.914
31.7575924144565,27.0853373642985,41.157070221245,19.928724706303697,2013,Tonga,1.754,1.754
0.9981342066464,19.8074188118941,79.1944469814595,23.373783441296762,2017,Malta,4.002,4.002
10.5448233942122,28.0710127171363,61.3841638886515,23.327103011994925,2013,West Bank and Gaza,19.894,19.894
49.9164183583373,10.888953437299,39.1946282043637,21.04026396446058,2007,Liberia,2.235,2.235
4.90145648459548,23.9838675323748,71.1146885936135,26.500319347175136,1994,Australia,9.724,9.724
9.87572855909206,36.6995397904126,53.4247316504953,24.254220302485898,2004,Slovenia,6.012,6.012
32.1983100967588,22.8486639748283,44.953025928413,26.95129192694159,2018,Thailand,0.765,0.765
43.7706787363428,18.7387016558152,37.4906300795132,25.801229181485,2001,Indonesia,6.082,6.082
25.9274215752859,32.448894681131,41.6235817674904,20.95104062362419,1994,Bosnia and Herzegovina,20.383,20.383
11.8919531684684,30.3151297156096,57.792917115922,26.064434094939536,2006,Portugal,7.649,7.649
76.8522796733696,6.32377787878313,16.8239424478473,23.194087027158595,2015,Burkina Faso,4.461,4.461
33.0587440918298,14.4716407832546,52.4713031735314,20.2790799512534,2008,Samoa,5.539,5.539
50.5219565313067,19.8650139344576,29.6131715052764,20.725158046865985,1995,Lesotho,15.875,15.875
7.15106839168242,27.0577835127799,65.7913263241944,23.23229372818878,2013,Mauritius,7.322,7.322
22.4750588949746,24.708934666785,52.8159903555056,24.60772588487021,1999,Algeria,28.548,28.548
3.18252188999823,23.8922125770096,72.9252655329921,26.303561871334644,2005,Denmark,4.83,4.83
40.3706956600745,26.9087495078591,32.7235833913807,18.699835127151335,1991,Tonga,1.349,1.349
47.0648544893528,15.4787443739395,37.4563746338464,24.80823558889778,2007,Sudan,15.531,15.531
15.2821691011292,32.0132075423852,52.7046233564856,25.26432127165359,2000,Malaysia,3.0,3.0
2.96383357899111,23.5068098743444,73.5293565466645,26.492252728469957,2007,Denmark,3.801,3.801
6.0248863423709,20.7728581178517,73.2022211397686,26.242764797193637,2022,New Zealand,3.297,3.297
2.8029545924895,38.0577847326565,59.139260674854,26.12397540871198,2017,Czechia,2.893,2.893
44.8846559111217,10.1201013969501,44.9952426919282,21.749885760498046,2012,Liberia,2.146,2.146
37.7014620330064,10.7068236253376,51.5919825553794,23.058085596188437,2006,Gabon,17.785,17.785
36.7114015987138,16.1470736373485,47.1415213619124,25.09171615987597,2001,Philippines,3.698,3.698
69.8665093227436,8.204804177667,21.9286864995894,20.091567997206674,1994,Eritrea,5.385,5.385
21.8081612785386,23.6132301020136,54.5786086194477,23.231444057684183,2001,El Salvador,6.96,6.96
31.5496085706866,18.0855411644403,50.3647946601691,22.37647702685916,2002,Nicaragua,7.513,7.513
12.0918076447284,33.6560724133655,54.2521144189408,26.973169576580073,1991,Russian Federation,5.068,5.068
1.62657070517662,19.760485558092,78.6129339895663,30.30365599949987,2009,United States,9.254,9.254
9.03872612039606,29.6806279179917,61.2804580072325,22.934704810507636,2009,Mauritius,7.257,7.257
15.4999177135334,22.6640667467921,61.8360155396745,23.885479330667845,2022,Syrian Arab Republic,13.268,13.268
29.6059008731459,20.3165153814941,50.07758374536,22.727899644586678,2007,Nicaragua,4.89,4.89
84.3456904581463,2.51734194512964,13.1369540345553,22.117068474175742,1996,Mozambique,2.764,2.764
1.81033470626561,22.1877120175754,76.0019539881501,30.069574006101714,2003,United States,5.989,5.989
27.0241553690553,32.1411999677211,40.8345606036152,22.278257005617952,1992,Bosnia and Herzegovina,18.5,18.5
6.38693221324432,24.003167013097,69.6099007736587,23.48022476601097,1997,Lebanon,8.62,8.62
55.5768534888289,13.2502093607518,31.172730374368,23.153728052959035,2019,Equatorial Guinea,8.064,8.064
4.77487457339379,23.4728811810446,71.7522442455616,26.63179982328821,1995,Australia,8.473,8.473
0.518100247920563,14.1296811316845,85.352218620395,24.15626334881675,2021,"Macao SAR, China",2.229,2.229
85.9447387050176,3.36411094956268,10.6910916953221,21.157387298863675,1994,Lao PDR,2.636,2.636
0.283400265529278,17.518058862452,82.1985408720187,26.475405305013027,2014,Singapore,3.74,3.74
89.6299983637424,2.34625515939684,8.02374647686078,21.43082218629664,1992,Rwanda,12.12,12.12
18.4769610462306,15.7986243628561,65.7244145909133,21.280421458867846,2010,Belize,8.416,8.416
14.0651976154976,28.8696731411738,57.0651292433286,24.91534013544645,2021,Serbia,9.843,9.843
62.5004399003202,9.57900377351475,27.920556326165,24.599543712376118,1997,Bangladesh,2.698,2.698
4.86637074804252,32.4759874383983,62.6576418135592,25.45152263702867,2005,Hungary,7.189,7.189
66.2609583736684,7.29915745241133,26.4398785264021,24.542413027880254,2022,Uganda,2.886,2.886
17.7279619294672,23.9073446534102,58.3646934171226,22.336748683127627,1997,Botswana,21.048,21.048
76.9672056276473,4.47386017774353,18.5589341946091,22.881506127588008,2005,Chad,0.678,0.678
21.2554349003559,32.0494427046981,46.6951327612056,25.746562122168584,2003,"Iran, Islamic Rep.",11.529,11.529
25.015357415759,17.9839084248535,57.0007341593875,20.65015736620162,1998,Belize,14.31,14.31
72.2594416934401,5.53828630057778,22.2022720059822,19.297374926041748,1991,Bhutan,1.385,1.385
17.5021887675187,18.0775097297556,64.4202160039945,23.341347676834975,2008,Jamaica,6.666,6.666
65.5059741900797,8.47208178281404,26.0219440271063,25.050967936424158,2022,Tanzania,2.588,2.588
40.0027508908408,10.0756175110196,49.9216315981396,21.04497992385165,2016,Solomon Islands,0.734,0.734
9.04290721363955,27.3539410003296,63.6031517860308,25.95553773442325,2017,Iraq,13.02,13.02
43.9222438073554,21.4612735594759,34.616485444994,24.828155795265133,1995,Pakistan,0.632,0.632
58.251675589127,11.5144857104992,30.2338387003738,24.04524474460797,2008,Cameroon,3.387,3.387
36.8582164779792,21.8789546966471,41.2628288253737,26.854778566076646,2022,Bangladesh,4.593,4.593
84.8796078693182,3.76124775381536,11.3592004788868,21.351165739311224,1996,Lao PDR,2.449,2.449
36.476510235525,16.2373216499295,47.2861681145455,20.896208087713063,2018,Comoros,3.942,3.942
17.3778198913955,16.851926090601,65.7698895732352,21.15010817518585,1992,Fiji,4.653,4.653
1.57398708849164,58.4436316709739,39.9823812405345,25.30617355954404,2009,Qatar,0.31,0.31
65.7495005842222,4.78810950711746,29.4611335167666,19.71539933652265,2004,Vanuatu,8.447,8.447
5.04538139583838,26.5139098272428,68.4406696499664,25.773236704409882,1994,Denmark,8.036,8.036
74.8696433429521,6.06223382890891,19.068097114231,23.36649350607536,2010,Chad,0.878,0.878
50.8653468412402,13.8945318763131,35.2401212824467,20.9766897885727,2000,Moldova,8.539,8.539
69.9820091226223,10.6452141386441,19.3727767387335,23.928345757473252,1996,Viet Nam,1.93,1.93
18.6008115270655,17.0823656401472,64.316842911145,24.81029979107292,2010,Cuba,2.5,2.5
18.583194599148,22.6517991528232,58.7650062480288,22.22349078647046,2016,Guyana,13.257,13.257
36.8072007738935,16.7668674707454,46.4259317553611,23.769470570144552,1996,Kazakhstan,12.96,12.96
2.30505054301885,20.269050322555,77.4258991344261,27.442893448600355,2022,Switzerland,4.122,4.122
55.3081853114581,9.048249166494,35.6435655220479,22.770345684074396,2006,Georgia,13.57,13.57
0.240547544687355,13.4002259286331,86.3592265266795,22.65623547487071,2022,Guam,5.454,5.454
31.0209186990785,14.5578586696005,54.421222631321,23.426604120122786,2017,Gabon,20.303,20.303
3.21457837316186,36.4815996678847,60.3038606850807,25.515420961090005,2021,Slovak Republic,6.894,6.894
1.85422907917066,26.8627095756582,71.283053938624,28.076291329730186,1997,United Kingdom,7.072,7.072
32.9997056909616,22.047984563578,44.9523677945804,23.16288632954374,2020,"Congo, Rep.",22.198,22.198
25.4468813217955,34.4030442648225,40.1498961777366,22.074870219917425,1999,North Macedonia,32.4,32.4
17.0243942432098,19.4124230623112,63.5631731943862,26.668931695787382,2013,Colombia,9.246,9.246
70.0664413449793,9.85945715118128,20.074094868795,23.452790683319,2022,Madagascar,3.186,3.186
8.6480020690547,26.6332600543127,64.7193844562266,22.86377266439441,1998,Iceland,3.069,3.069
14.9736929472953,23.4297676783067,61.5965030110657,24.18493473069646,2022,El Salvador,2.999,2.999
19.3297807806092,34.1076212645278,46.5626064083572,25.071615903040644,1991,Ukraine,1.9,1.9
2.09526525353271,16.5160095859064,81.3887251605609,27.507668077954307,2013,Netherlands,7.241,7.241
11.1404205054089,32.6395631730849,56.2200209701836,27.13699861535083,1996,"Korea, Rep.",2.048,2.048
21.7286435870426,17.8639470075326,60.4072674410351,23.35569154741353,2012,Botswana,17.952,17.952
2.99989468774918,18.2107448585055,78.7893604537454,22.21994025494705,2009,Barbados,10.02,10.02
3.00642234268206,16.9683891114777,80.0251885458402,22.2656592537902,2007,Barbados,7.41,7.41
2.8017804235659,20.7046912396426,76.4935283367915,28.067682701460388,2012,Australia,5.225,5.225
6.11556114618983,21.9870349952955,71.8974038585147,25.906307960571194,2015,New Zealand,5.415,5.415
1.05892174524364,22.1389340480689,76.8021442066875,23.015437122451857,2018,New Caledonia,11.702,11.702
39.5546689190691,16.5897497165974,43.8555813643335,22.192570579995973,2007,Mauritania,9.524,9.524
0.242457504382956,18.922326396829,80.835216098788,25.80706211419931,2003,"Hong Kong SAR, China",7.86,7.86
47.0589477775243,15.9257006226818,37.0153515997939,21.481119976527115,1991,Mauritania,9.984,9.984
0.399957580256639,13.9242807581014,85.6772766524762,22.16144082018065,2005,Guam,7.0,7.0
8.5903761558127,35.1171954356838,56.2924284085035,24.73981699353359,2008,Slovenia,4.371,4.371
36.6534341524116,17.9424813561287,45.404096770696,23.938830400551087,1992,Kazakhstan,1.0,1.0
44.549260091789,14.8319153879208,40.6188245202902,24.351145035343478,2012,Sudan,17.002,17.002
31.5335648778469,19.4585377841435,49.0078973380096,24.78115650607404,2014,Guatemala,2.717,2.717
16.6114600088926,23.2796554411277,60.1088845499796,23.380364179095476,1999,Costa Rica,5.9,5.9
2.63752420510373,33.5310715100162,63.8314042848801,28.307520843973712,2000,Germany,7.917,7.917
7.50320506463723,20.7651586242367,71.731636311126,27.19038736744077,2017,Argentina,8.347,8.347
1.32384844961705,5.63519555081445,93.0409559995685,21.739431345972648,2017,Djibouti,26.064,26.064
13.9152053899178,16.3373957246525,69.7473988854298,24.65410409693897,2013,Costa Rica,8.218,8.218
44.1136726778526,20.7693069388532,35.1170084387213,24.48487180986982,2000,Morocco,13.58,13.58
13.2148322542672,20.8381400824014,65.9470276633314,20.41219675492125,2008,St. Vincent and the Grenadines,18.79,18.79
40.0408524130362,19.3798098490029,40.5793377379609,23.207227772771233,2016,Albania,15.418,15.418
23.4090003823108,22.5665817484109,54.0244121524813,26.983706454711196,1997,Mexico,4.235,4.235
34.3832184577631,4.39380507148402,61.2229764707528,21.98637844136993,2003,Papua New Guinea,2.628,2.628
2.44409804635096,20.7927567796564,76.7631451739926,23.77868973204523,2000,Luxembourg,2.345,2.345
11.428741335777,28.9957982783665,59.5754603858565,26.29700186663101,2008,Portugal,7.553,7.553
9.65774808158025,23.9302074519301,66.4114609167566,20.973779429162466,2002,Montenegro,30.423,30.423
6.11127267831353,23.6510044473224,70.2377228743641,27.369339072030307,2013,Saudi Arabia,5.6,5.6
6.31850138141635,22.8051234695683,70.8763751490154,26.431128561188554,2022,Chile,8.249,8.249
49.8321244593478,11.1728811294163,38.9949640375176,23.06823611508535,2008,Haiti,16.195,16.195
55.3355579089598,13.8995654317381,30.7648766593021,23.142816640467665,2016,Equatorial Guinea,7.962,7.962
78.0822220794819,6.27570083830332,15.6420467835549,22.652598428613587,2011,Rwanda,11.775,11.775
37.1315780560597,26.4143960537374,36.4540258902029,24.32849635531773,2021,Cambodia,0.396,0.396
65.1113167737388,8.36408139736497,26.5246018288962,22.086322611591854,2002,Mali,1.364,1.364
71.9239174298241,7.09671322773838,20.9793574560217,23.27562141679223,2018,Niger,0.535,0.535
30.1278124009718,16.0790113024189,53.7934403718179,22.052834252562366,2011,Fiji,4.406,4.406
39.2798894499795,8.32528661116419,52.3948239388563,22.10982191406568,2022,Liberia,2.977,2.977
44.6959437994661,16.7413108557775,38.5627453447565,20.64618724957688,1994,Mongolia,5.701,5.701
14.4043977845747,27.8467309880057,57.7488712274196,24.246298710782895,1992,Libya,18.796,18.796
17.7759221136484,21.9946905973367,60.2293932545018,26.52161294279138,2009,South Africa,23.523,23.523
4.51300578034682,17.7774566473988,77.7095375722543,22.21970802654325,2013,Montenegro,19.585,19.585
57.3363259083595,14.2407046667231,28.4229694249174,19.751758400687326,2001,Comoros,4.377,4.377
50.4365365450266,6.78672526027862,42.7767381946948,21.131998576324595,2017,"Gambia, The",5.157,5.157
16.6597041924924,27.7310910881347,55.6092047193729,27.533538856987317,2022,Turkiye,10.465,10.465
54.4443254272337,17.994375700714,27.5612988720523,27.287336754711458,2004,India,7.625,7.625
4.04375155588748,18.7398867313916,77.2155837689818,21.85676252778993,2002,Barbados,10.32,10.32
78.026185032114,7.5388381185694,14.434960051549,22.469240505610625,2007,Niger,2.032,2.032
38.6569300541236,19.4216819402593,41.921371492435,23.059158003169124,1993,Sri Lanka,13.82,13.82
13.8330073116437,26.9885853418009,59.1783893508779,24.311673642332995,2001,Iraq,8.261,8.261
6.68826614631384,30.8266248885092,62.4851152967358,27.117028574028634,2000,Spain,13.785,13.785
76.6011893554614,7.5458910184721,15.8529196260665,23.70427103622898,2007,Ethiopia,2.347,2.347
26.4636474043285,18.0256726882781,55.5107020451282,24.0157956037915,2008,"Yemen, Rep.",12.657,12.657
3.22391766739632,27.3476245818798,69.4284577507238,26.33579014072048,1991,Sweden,3.243,3.243
51.561659181815,11.5188598958363,36.9194809223487,23.616654335559282,2002,Cote d'Ivoire,5.474,5.474
0.845628889517136,29.9138216178551,69.2406006158301,25.174447754050288,1998,Singapore,3.41,3.41
35.4160940076965,13.987768004398,50.5961379879054,20.02996616232131,2006,Samoa,5.321,5.321
39.4774332545201,15.0313670014146,45.4911997440653,21.116121849464136,1994,Somalia,19.974,19.974
68.9337968055617,11.0009592115105,20.0652439829278,22.145329281126937,2001,Cambodia,0.774,0.774
38.6083962496501,19.3949499455489,41.996653804801,22.979715144952024,2005,Bolivia,2.603,2.603
60.5451342107991,7.03388952223028,32.4209762669707,20.200067857169437,2009,Vanuatu,4.565,4.565
60.16503728435,15.4008089599994,24.4341788739516,23.359620435218527,2014,South Sudan,12.602,12.602
73.4989175271448,7.1461175739053,19.3549648989499,22.07801428290163,1997,Malawi,4.723,4.723
54.5021160675196,15.1271464707885,30.3710414943815,23.4331673349551,2009,Equatorial Guinea,7.939,7.939
50.4376182072169,19.4657464947428,30.0964915810592,20.593442926571022,1994,Lesotho,15.706,15.706
48.7073195346929,21.6785970489132,29.6140894344267,25.71506601330439,2010,Viet Nam,1.114,1.114
19.8652193025814,32.3463858314807,47.7883948659379,23.817296206119757,2001,Tunisia,14.4,14.4
36.6573139499849,13.775798433263,49.566887616752,19.693697180193677,1992,Cabo Verde,13.448,13.448
52.3689385382476,19.8286208671996,27.8024405945528,27.827193340199024,2007,India,7.561,7.561
49.1637521363323,18.2064794239456,32.6297363325303,22.54624460306029,2004,Benin,0.79,0.79
4.23876846384865,17.8371503871535,77.9240811489979,23.58644969288853,2015,Iceland,3.979,3.979
62.3284744760135,15.0427987748444,22.6287315910013,26.61015264429336,1995,India,7.608,7.608
60.6961951744941,11.3889072406004,27.9148766778923,23.779679991843416,2015,Zambia,5.942,5.942
21.9364475116779,20.0141134903292,58.049450539938,26.12330737685032,2014,Kazakhstan,5.06,5.06
38.0998885029845,27.8001237414816,34.0999876210089,29.27767332520028,2009,China,4.72,4.72
82.9616897550032,2.10703434915357,14.9312758958433,21.35551993471578,1992,Chad,0.664,0.664
8.63006188984604,28.7098375876065,62.6601005225474,23.026217931722034,2010,Mauritius,7.654,7.654
41.2949997088292,25.365874287267,33.3391278948964,28.625357353157753,2018,India,7.652,7.652
44.0780166223607,11.851796681639,44.0701866960002,22.69364266899679,2021,Sierra Leone,3.556,3.556
21.0249576347381,27.0635939439351,51.9114416739229,25.745518436185925,2000,South Africa,22.714,22.714
63.6923430546143,9.03328141780901,27.2743755275767,22.904684269819896,2006,Mali,1.425,1.425
24.7449861992531,34.275090181351,40.9801000995348,22.051098915768947,2000,North Macedonia,32.2,32.2
47.2697240744752,15.7102077761306,37.0200930778433,23.060184748359095,2019,Rwanda,11.236,11.236
7.18201735610223,21.9250643684171,70.8929182754807,26.260766071728195,2020,Chile,10.934,10.934
49.4416319598999,11.4391428373199,39.1191966512479,23.19637927994522,2010,Haiti,15.252,15.252
10.6396934825146,25.5214808216051,63.8386040956161,22.396470300415682,1995,Trinidad and Tobago,17.22,17.22
43.1272699735831,13.170754439464,43.7019755869529,23.524996124886265,2017,Georgia,13.939,13.939
41.6285882070866,9.33376884666572,49.0376429462477,20.97473371011227,2013,Solomon Islands,0.694,0.694
79.3374275461011,3.7375573043392,16.9250151495597,21.732250628683285,2003,Chad,0.732,0.732
56.0860432312357,14.1035028393335,29.8104539294308,21.10738298095731,1995,Armenia,6.7,6.7
1.91436274406285,14.027621260572,84.0580159953652,27.676511362830954,2022,Netherlands,3.526,3.526
0.793242720499372,23.4372810063038,75.7694762731968,25.921440724390095,2007,Singapore,3.9,3.9
33.0879167710104,17.2297715859815,49.6822237745647,23.066013255297126,2011,Mongolia,4.769,4.769
21.6153000029501,24.2343700319687,54.1503767918862,23.190087238483272,2000,El Salvador,6.96,6.96
4.2170637667528,30.3175215459162,65.4652385506772,23.694928519068984,2010,Estonia,16.707,16.707
8.54503109615683,21.9677461115226,69.4872311822882,26.697564780756863,2010,"Venezuela, RB",7.112,7.112
17.4042512312732,23.459186399059,59.1365623696678,25.662138800833546,1998,Greece,12.227,12.227
31.1616954474097,26.398856245795,42.4394483067952,19.857735364333124,2016,Tonga,2.046,2.046
2.3887766625841,18.7379047437264,78.8734246342925,24.275453477300054,2001,Kuwait,0.8,0.8
17.3361851059693,19.1690971547087,63.4940696091775,21.43761172913686,2020,Belize,10.784,10.784
62.5175586111386,6.76130181026808,30.7211395785933,20.46210051943917,2011,Vanuatu,4.821,4.821
4.06416270357774,26.3823917339491,69.5534455624731,29.296743538303275,2009,Japan,5.068,5.068
29.2848628192389,21.867968440679,48.8471687400821,27.90797169891342,2022,Indonesia,3.462,3.462
1.989988938507,19.9243361052574,78.0856749562356,27.06985148938796,2011,Sweden,7.804,7.804
14.2543330345869,27.4517319052441,58.2939932197554,24.80049372226166,2010,Croatia,11.62,11.62
67.0156312594812,8.96656736934238,24.0178013711764,20.407625456230964,2002,Eritrea,5.708,5.708
27.4204495548369,21.5335169880624,51.0480297041562,20.3859784547695,1994,St. Lucia,17.0,17.0
63.126098053559,8.23976611523187,28.6341212039033,23.630623734561517,2017,Mali,1.494,1.494
17.7651993043953,19.7684727384322,62.4663279571726,19.970855763910826,2020,Sao Tome and Principe,9.686,9.686
41.0084591061924,19.4406396388448,39.5509012549627,26.63897920772307,2011,Thailand,0.66,0.66
0.499093291432815,19.8550342504453,79.6458724581219,24.530998655917234,2015,"Macao SAR, China",1.81,1.81
53.9284891676941,10.2801902258593,35.7913206064465,21.108513684652543,2017,Guinea-Bissau,3.066,3.066
20.6323892475427,16.2636284176468,63.1039823348105,20.55357257421721,2021,Samoa,6.612,6.612
34.9267183023205,21.4001448317118,43.6731368659677,23.668611989649655,2022,Albania,10.137,10.137
54.3964837858099,17.5509470882471,28.0525264575832,21.497821164352942,1995,Benin,1.305,1.305
76.7403244814582,6.45615571967316,16.8035197988686,22.80436527015144,1998,Ethiopia,3.494,3.494
71.2676593368339,6.04420169759083,22.6881389655752,21.52135905587797,2019,Central African Republic,5.607,5.607
60.8719056790228,11.5336214082648,27.5944908085294,22.665133294366562,2006,Afghanistan,7.914,7.914
10.0368373071756,27.457581944354,62.5055682705532,26.181308353322592,2013,Iraq,9.205,9.205
2.32738608388654,25.9891225324079,71.683447241722,25.51530895050652,1998,Israel,10.749,10.749
68.2466584025008,9.90650264093996,21.8468254823758,23.858727237714188,2021,Mali,3.966,3.966
31.2337781047344,23.9818265265015,44.7843953687641,25.679248223668203,2021,Morocco,10.576,10.576
46.6921569056559,11.9254926358637,41.3823504584804,21.19032598639246,2003,Mongolia,6.768,6.768
3.69075419326421,29.2387713508638,67.0704657162634,28.423780264417413,2009,Italy,7.749,7.749
5.70989400853229,22.8394957679666,71.4506102235011,23.675685454719904,2002,Lebanon,8.229,8.229
6.62324945089099,10.09255201418,83.2843285785067,23.604303603472577,1999,Oman,4.342,4.342
14.2309906620275,27.1806719545394,58.5883188177682,24.60202676091638,2000,Iraq,8.058,8.058
4.10821147025798,21.4136967983229,74.4780917314191,26.40760453560181,2021,Finland,7.617,7.617
9.99618059457329,28.1338675856663,61.869957877501,26.733566469274813,2022,Malaysia,3.93,3.93
2.19699279736121,19.3440558388993,78.4589513637395,27.11400579383712,2022,Norway,3.231,3.231
47.5434849282662,11.2188669019867,41.237648169747,24.325871209539716,2011,Cote d'Ivoire,7.135,7.135
32.3568885648304,23.4035247736369,44.2395957643002,25.5824599603704,2019,Morocco,9.194,9.194
25.7514934590457,30.5704554818329,43.6780509258588,30.280577831647378,2018,China,4.31,4.31
39.5000239318606,17.4592449707079,43.0407543322476,23.16141668088601,2006,Bolivia,2.577,2.577
12.7053530059563,24.0275869919,63.2670600021438,28.159208203597135,2008,Brazil,8.268,8.268
1.64056924306288,28.4551382543294,69.9042925026077,22.927454876811588,2000,Bahrain,1.083,1.083
77.4215963168734,7.44173680393459,15.136666879192,23.449867021947764,2006,Ethiopia,2.351,2.351
2.86803795668123,41.0841987238892,56.0479468268809,24.519440061237326,2005,Qatar,0.87,0.87
28.1594324548686,19.6277566197027,52.2128109254288,22.862975183587597,2008,Nicaragua,6.2,6.2
32.454421472275,32.0659645851978,35.4797518398956,21.277665166105027,2009,Lesotho,16.16,16.16
41.3086930602798,12.164673703405,46.5266332363152,19.371783024416878,2000,Samoa,4.734,4.734
10.2879137174463,15.0186727679636,74.6934398253805,25.977437909363,2020,Greece,15.899,15.899
1.86117710620554,28.2393971088376,69.8994257849568,22.700038752381726,1997,Bahrain,1.129,1.129
34.3076159501918,17.5709533165178,48.1214307332904,23.669824270281513,2016,Senegal,4.455,4.455
25.0891011707555,18.1134639044703,56.7974349247742,23.03762724053076,2009,Botswana,16.169,16.169
46.5608673609097,23.3188646659961,30.1202679730942,20.603684335054606,2000,Lesotho,16.227,16.227
2.26208726411946,22.6975317592377,75.0403788406765,29.958391695248945,2000,United States,3.992,3.992
2.84532893990899,20.5331926303832,76.6214895785188,28.6822748545722,2014,France,10.273,10.273
0.92082775395085,16.3971873443433,82.6819849017058,26.716342125400864,2019,Israel,3.731,3.731
2.55690808210797,4.99356553659205,92.4495263813,20.01335741175321,1994,Djibouti,27.103,27.103
3.64762442577175,20.6260643977929,75.7263111764354,27.326659368280403,2006,Netherlands,5.007,5.007
7.52893351124216,23.9138852861315,68.5571812026263,23.68324984249764,1995,Uruguay,10.02,10.02
8.64111191853124,28.3048554338352,63.0540326476336,25.317313984362677,1999,Ireland,5.804,5.804
0.506896418498628,12.3427217349869,87.1501242771961,24.732094155638706,2019,"Macao SAR, China",1.749,1.749
59.4201719966658,14.5861711427816,25.9936568605526,19.941044030545914,1992,Comoros,4.532,4.532
1.78139127150842,19.555260727197,78.6633577416521,30.537649952934352,2015,United States,5.28,5.28
72.4442866498977,7.46645713819536,20.0892562119069,22.06010295766908,1995,Zambia,16.828,16.828
1.59009357630338,15.7391120804897,82.6707943432069,22.021548321016088,2015,Virgin Islands (U.S.),12.422,12.422
11.328334880086,26.3913446978948,62.2805646461193,22.26431593807511,1993,Trinidad and Tobago,19.81,19.81
52.0283245985331,21.6020620776109,26.3696163731841,25.93294452551547,1996,Thailand,1.071,1.071
37.0050010838754,19.927383524712,43.0676153914125,23.64257886009192,2012,Honduras,3.755,3.755
19.3426550948248,17.5616763098682,63.095668595307,21.187722862813263,2006,Belize,9.39,9.39
3.53855825106199,26.3641781755636,70.0972412180436,26.87976510967328,2022,Austria,4.992,4.992
27.4144251711277,20.7185374600008,51.8670373688715,24.434281537757784,2019,Bolivia,3.682,3.682
20.6678334029328,32.2609037793625,47.0712262505421,23.856287528093713,1999,Tunisia,15.21,15.21
80.3407292936396,3.82123144471613,15.8380502967676,22.578893679679364,2006,Madagascar,2.946,2.946
4.67007987694193,25.6921201771567,69.6377999459014,26.103366249293536,2006,Finland,8.935,8.935
43.8772205134643,13.9785324210658,42.1442470654698,22.104174271797653,1995,Namibia,21.312,21.312
2.92935585936807,22.185907658811,74.8847364818209,28.685475488875873,2011,France,9.228,9.228
5.06772873312281,39.078693093681,55.8535781731962,24.77009024205134,2004,Slovak Republic,18.206,18.206
8.52137690685721,23.8881069850648,67.590516108078,22.207127516083656,2016,Maldives,5.771,5.771
33.3992284625175,22.4689400318836,44.1318315055989,24.37402070280085,2008,Guatemala,2.873,2.873
54.0001679100697,13.056455418429,32.9433766715013,21.672347316620822,2018,Bhutan,3.35,3.35
3.45133011906065,23.1816328379157,73.367029418555,27.11079706215585,1992,Canada,11.197,11.197
51.3489699079928,10.2769722381841,38.3740578538232,23.27233164935513,2008,Georgia,17.87,17.87
34.0008596049995,23.5824665092488,42.4166738857516,23.661462501672165,2003,Sri Lanka,8.22,8.22
3.55450808052169,22.107763916454,74.3377516302807,27.118278702876353,2010,Switzerland,4.808,4.808
48.4324692971415,17.8066897116201,33.7608409912384,22.836073424845182,2015,Tajikistan,11.485,11.485
34.393577729914,20.5272973189548,45.0791249511312,23.193149018664688,2016,Benin,1.784,1.784
26.5007107529646,24.9096580214553,48.5896312255801,23.664474201169302,1993,Ecuador,4.415,4.415
1.1646936882876,5.9773062026076,92.8585456330806,21.993816774357033,2022,Djibouti,26.307,26.307
17.7870603096352,16.4565865406388,65.756332932218,25.399377128722616,2020,Cuba,2.24,2.24
82.740121026979,4.49559565026115,12.7642833227598,21.097880350644072,1999,Lao PDR,2.154,2.154
29.0917957131055,15.5006543789768,55.4075499079177,23.017733924343574,2006,Botswana,17.782,17.782
4.92535894441787,31.5989582425604,63.4756828130217,27.87924453845603,2002,Italy,9.211,9.211
69.766070717039,9.37665983087841,20.8572694520825,23.4268325235846,2020,Chad,1.707,1.707
46.0213123744397,12.2818491802789,41.6968151286055,23.76193378739397,2021,Haiti,15.28,15.28
43.9947772052141,18.7623381789085,37.2428846158774,26.378798168785195,2005,Indonesia,7.945,7.945
35.8941268240089,21.5658807721995,42.5399924037916,19.669243750118277,1991,Guyana,12.055,12.055
66.4656554833895,15.1955121142195,18.338816583043,23.800720984893655,2012,Nepal,10.643,10.643
2.93636881840246,20.9790822984182,76.0845367884569,26.88769574980288,2002,Netherlands,2.554,2.554
41.054733805906,13.4160695516958,45.5291366509409,23.496533654591204,2020,Georgia,11.73,11.73
4.62496760579023,19.3254599977787,76.0486468475806,19.876418857622554,1993,Suriname,15.64,15.64
59.2844838745009,14.5423225896387,26.1731935358604,19.93114100698743,1993,Comoros,4.576,4.576
37.2857324793531,19.7456598383714,42.9686076822755,23.456301832421683,2018,Albania,12.304,12.304
10.7862208700164,27.6250867680994,61.5886923618843,24.815147389671367,2013,Croatia,17.251,17.251
1.48674576277562,19.5713080198757,78.9419462173487,28.176438984601457,2018,Canada,5.837,5.837
76.9361746681587,5.45130958395905,17.6124956900797,21.959729080797942,1997,Cambodia,0.638,0.638
7.42828354702951,30.2975940198327,62.2741224331378,26.186896694805224,1996,Austria,5.282,5.282
7.32705693032514,26.7884032494684,65.8845398202064,23.278797819943073,1992,Uruguay,8.96,8.96
22.5303902361594,26.7396600575041,50.7299497063365,25.81845626014442,1996,South Africa,22.48,22.48
27.1203208080233,21.4207235575289,51.4589556344478,24.054823600507326,1998,Ecuador,4.395,4.395
53.2016721216877,17.7456014729801,29.052711766875,23.603954009954517,2012,Cambodia,0.496,0.496
68.1833235044656,7.5858562226666,24.2308306635236,25.031333269057306,2016,Ethiopia,2.554,2.554
42.0966727371367,10.3904333741984,47.5128938886649,26.410271143285172,2009,Nigeria,3.766,3.766
66.2965487769858,6.96637516921188,26.7370760538023,25.157282046236233,2018,Ethiopia,2.802,2.802
35.8723596905069,3.51728863696423,60.6103516725289,22.363293297578156,1996,Papua New Guinea,2.734,2.734
20.1355192084919,19.8887641026528,59.9757103323004,25.307680232121932,2002,Colombia,14.481,14.481
31.3558147912106,26.7255950566655,41.9185901521239,19.90455029944947,2014,Tonga,1.92,1.92
9.31706576314204,29.0205701451914,61.662267368362,24.665860056681122,1991,United Arab Emirates,1.625,1.625
0.813678711756579,17.1561615803047,82.0305077313399,23.680215029967005,2022,Malta,2.921,2.921
15.7583153290123,30.72910831933,53.5125763516577,23.148693771664522,2017,North Macedonia,22.857,22.857
14.4715767259097,26.0337346741108,59.4947673457174,24.306114018776597,1999,Libya,19.334,19.334
5.54855902758256,18.2243936446538,76.2270473277636,23.414611160915214,2012,Iceland,6.0,6.0
36.312788977015,14.3718670155299,49.3153440074552,24.477300809339468,2020,Azerbaijan,7.24,7.24
44.9507372187557,11.4326811780565,43.6165816031878,25.89187631651785,2005,Nigeria,3.734,3.734
4.43939575502498,23.3004896793974,72.2601145655777,26.24244260285599,2010,Finland,8.394,8.394
53.9451483342851,13.8197693853284,32.2350822803865,22.922521763657077,1996,Sudan,15.624,15.624
18.0476259461464,20.0391308773185,61.9132431765351,26.2142846625339,2008,Colombia,11.273,11.273
8.60561635978706,21.1302938053009,70.264089834912,24.71654188855035,2012,Uruguay,6.451,6.451
70.3733296015748,6.3310377285474,23.2956326698777,21.948300737319563,1999,Zambia,12.495,12.495
40.1851788297897,11.5282362622178,48.2866107118537,22.553618857844572,2002,Azerbaijan,10.04,10.04
30.9905659531829,13.4168529396476,55.5925811071696,22.875891794794395,2008,Namibia,22.017,22.017
59.7100722206545,14.553872845661,25.7350097722593,19.865500514500333,1991,Comoros,4.805,4.805
45.3794884561417,14.0719998328743,40.548511710984,24.86394870221692,2013,Ghana,2.173,2.173
4.56511624484491,21.0010516770797,74.4338320780754,22.629483863792938,1995,Jordan,14.6,14.6
11.3390412630514,22.5823907631823,66.0785679737663,26.21350712887872,2005,Greece,10.074,10.074
6.95389130043656,34.3533438940509,58.6927648055125,24.61835027945626,1999,Hungary,6.929,6.929
29.9581895821633,34.7951060288254,35.2467043890114,21.603776020928265,2021,Lesotho,18.23,18.23
43.1127830122346,11.513851778934,45.3733652088314,19.412024197853917,1998,Samoa,4.128,4.128
78.4432014211653,7.69393514934349,13.8628634294912,22.20107134467077,2005,Niger,3.1,3.1
33.1218330176113,27.1267730081061,39.7513805867745,24.065413690924697,2006,Sri Lanka,6.5,6.5
14.1884050335136,25.4621909767562,60.3494751891412,23.742806906531637,2002,Libya,19.247,19.247
11.2813829409397,35.0872822629656,53.6313347960947,24.383162805208745,1992,Hungary,9.942,9.942
73.2986402188067,11.3099072093038,15.3914706192874,22.523468860109574,2002,Nepal,10.632,10.632
5.06226748088061,33.9538814639279,60.9838510551914,23.220479364824964,2004,Estonia,10.248,10.248
4.65326375685989,21.0723798806805,74.2744789425749,22.55365225001197,1994,Jordan,16.899,16.899
43.0694463399333,20.3129475176424,36.6176061424243,25.607703151401836,2004,Pakistan,0.608,0.608
6.35409885865556,30.6486785574795,62.9972225838649,23.466148933731024,2020,West Bank and Gaza,25.895,25.895
76.4517747362548,5.01395634750721,18.534268916238,23.108847897105928,2007,Chad,0.834,0.834
4.10364724224778,31.7318070972642,64.164545660488,22.721287264566016,1994,Qatar,0.87,0.87
39.5211303872133,10.89464341988,49.5842261929067,26.863087926532867,2012,Nigeria,3.76,3.76
12.6597255087553,19.0654491801453,68.2762172545308,21.116918239756234,2010,St. Lucia,17.12,17.12
30.73681348559,28.3088635127787,40.9543230016313,19.657427115485834,2008,Tonga,1.252,1.252
4.59854740217147,22.2580164846542,73.1434361131743,25.81322792726431,1999,Norway,3.247,3.247
52.3384883239354,12.1448468169322,35.5166648591324,23.699797694429268,1998,Cote d'Ivoire,4.1,4.1
44.3942537856026,25.860952766702,29.744802933341,24.421974737936132,2001,Romania,6.561,6.561
35.2297843782541,19.0341289508467,45.7361260553052,22.52681733282356,2016,Togo,2.968,2.968
4.51601039453754,29.1098394847252,66.3741452815671,28.020862321956045,2007,Spain,8.232,8.232
57.8043060486629,5.73006579590241,36.4656281554347,20.775965006931376,2006,"Gambia, The",10.259,10.259
43.2467585404446,18.83598849652,37.9172529630355,22.453835615826264,1992,Bolivia,3.031,3.031
51.5554525471002,11.729647804066,36.7148996488338,23.545271731794784,2001,Cote d'Ivoire,5.167,5.167
13.0452903887489,38.1857658778218,48.7689437334294,22.22322136437744,1996,Mauritius,9.505,9.505
4.76369448234435,32.3192712935626,62.9170342240931,25.473437358409843,2006,Hungary,7.494,7.494
14.9274832314744,31.983269069541,53.0892476989846,25.33685574058868,2002,Malaysia,3.48,3.48
34.70739618422,21.4425031482178,43.8501006675622,24.01104772987801,2005,Guatemala,3.059,3.059
49.9004535088342,23.6998530094944,26.3996915805268,27.598243315816806,1997,China,3.23,3.23
12.1470103968095,32.3139369426909,55.5390497900426,26.798804295156216,1993,Russian Federation,5.883,5.883
28.4873420485179,18.6352568128316,52.8774171922619,24.63225875631704,2007,Ecuador,3.142,3.142
24.9343231055815,32.4384642634003,42.6272126310182,24.358910263130046,2017,Turkmenistan,4.044,4.044
15.3647603454432,33.3840070314125,51.2512326231444,24.608645980790836,2013,Tunisia,15.934,15.934
31.3462061463149,28.0717976611368,40.5819961925483,19.559843084395215,2009,Tonga,1.407,1.407
31.4460260462863,14.109381898886,54.4447874215114,23.36402815983183,2016,Gabon,20.134,20.134
44.3701953593342,11.1520558572537,44.4777487834121,19.469667094427,1997,Samoa,3.78,3.78
11.0571138276425,30.3871323882364,58.5557537841211,24.888537387004213,2019,Belarus,4.165,4.165
5.68982917037117,25.3645307714504,68.9456400581785,24.77351984884378,2020,Lithuania,8.487,8.487
3.58448299236286,20.7895795809366,75.6259374267005,26.304008970021275,2004,Norway,4.256,4.256
32.2527220980989,22.175051846976,45.5722260549251,23.484353054605208,2022,"Congo, Rep.",20.108,20.108
4.13690523571036,30.8375759195197,65.0255232425235,28.22589855581383,2004,Italy,7.866,7.866
18.1067687336493,24.2267805173834,57.6664507489673,23.280030241895762,1995,Iraq,8.446,8.446
73.1947471489068,7.11646139476008,19.6887701890407,21.654369348420584,2000,Malawi,5.048,5.048
41.1751849886041,14.071622592026,44.7531924193699,18.492853894332377,1991,Sao Tome and Principe,14.513,14.513
51.9201930932183,14.3786755082275,33.7011313985542,23.93521126759445,2007,Ghana,5.092,5.092
1.56986730591366,59.579078502803,38.8511485683006,25.470543516231857,2008,Qatar,0.31,0.31
47.4293188898527,11.3542297104703,41.2164653448502,24.276792468669672,2010,Cote d'Ivoire,6.618,6.618
7.2059057084887,19.9549046855485,72.8391896059628,27.17340456121625,2022,Argentina,6.805,6.805
36.1878368107335,22.39651510304,41.4156574029371,25.42750117891605,2015,Morocco,9.46,9.46
28.5473421036295,18.0085600686273,53.4440978277433,23.266946175728073,2020,Nicaragua,6.201,6.201
36.8247229341226,3.37236560902718,59.8029114568502,22.327600808934758,1993,Papua New Guinea,2.397,2.397
26.9374492282697,27.5819117248849,45.4806390468454,20.065833288903256,2022,Tonga,2.302,2.302
15.4947174787153,25.2291263084211,59.2757492389588,21.91539406495915,2008,Eswatini,27.835,27.835
45.9956311064524,17.2752533635862,36.7291155299614,23.228505998329343,2012,Albania,13.376,13.376
1.68891561109441,18.4205628919101,79.8905214969955,27.000227497784444,2019,Sweden,6.833,6.833
3.12188470100878,11.6306217426563,85.2474935563349,23.061526906489423,2020,"Bahamas, The",12.027,12.027
44.6870875539469,10.6533550335625,44.6587477024478,20.62831874017871,2020,Vanuatu,4.046,4.046
8.60634271460032,28.5914461847874,62.8022111006123,24.909029177537505,1995,United Arab Emirates,1.8,1.8
